#
# There is insufficient memory for the Java Runtime Environment to continue.
# Native memory allocation (mmap) failed to map 935329792 bytes. Error detail: G1 virtual space
# Possible reasons:
#   The system is out of physical RAM or swap space
#   This process is running with CompressedOops enabled, and the Java Heap may be blocking the growth of the native heap
# Possible solutions:
#   Reduce memory load on the system
#   Increase physical memory or swap space
#   Check if swap backing store is full
#   Decrease Java heap size (-Xmx/-Xms)
#   Decrease number of Java threads
#   Decrease Java thread stack sizes (-Xss)
#   Set larger code cache with -XX:ReservedCodeCacheSize=
#   JVM is running with Zero Based Compressed Oops mode in which the Java heap is
#     placed in the first 32GB address space. The Java Heap base address is the
#     maximum limit for the native heap growth. Please use -XX:HeapBaseMinAddress
#     to set the Java Heap base and to place the Java Heap above 32GB virtual address.
# This output file may be truncated or incomplete.
#
#  Out of Memory Error (os_windows.cpp:3554), pid=27864, tid=7852
#
# JRE version: OpenJDK Runtime Environment (25.0+36) (build 25+36-3489)
# Java VM: OpenJDK 64-Bit Server VM (25+36-3489, mixed mode, sharing, tiered, compressed oops, compressed class ptrs, g1 gc, windows-amd64)
# No core dump will be written. Minidumps are not enabled by default on client versions of Windows
#

---------------  S U M M A R Y ------------

Command Line: --add-opens=java.base/java.lang=ALL-UNNAMED --add-opens=java.base/java.lang.invoke=ALL-UNNAMED --add-opens=java.base/java.util=ALL-UNNAMED --add-opens=java.prefs/java.util.prefs=ALL-UNNAMED --add-exports=jdk.compiler/com.sun.tools.javac.api=ALL-UNNAMED --add-exports=jdk.compiler/com.sun.tools.javac.util=ALL-UNNAMED --add-opens=java.base/java.util=ALL-UNNAMED --add-opens=java.prefs/java.util.prefs=ALL-UNNAMED --add-opens=java.base/java.nio.charset=ALL-UNNAMED --add-opens=java.base/java.net=ALL-UNNAMED --add-opens=java.base/java.util.concurrent=ALL-UNNAMED --add-opens=java.base/java.util.concurrent.atomic=ALL-UNNAMED --add-opens=java.xml/javax.xml.namespace=ALL-UNNAMED --add-opens=java.base/java.time=ALL-UNNAMED --enable-native-access=ALL-UNNAMED -XX:MaxMetaspaceSize=4G -XX:ReservedCodeCacheSize=512m -XX:+HeapDumpOnOutOfMemoryError -Xmx8G -Dfile.encoding=UTF-8 -Duser.country=US -Duser.language=en -Duser.variant -javaagent:C:\Users\sachintha\.gradle\wrapper\dists\gradle-9.3.1-all\9ot9r568e8zfvvd4mn8rbu1j0\gradle-9.3.1\lib\agents\gradle-instrumentation-agent-9.3.1.jar org.gradle.launcher.daemon.bootstrap.GradleDaemon 9.3.1

Host: 13th Gen Intel(R) Core(TM) i5-13420H, 12 cores, 7G,  Windows 11 , 64 bit Build 29617 (10.0.29617.1000)
Time: Mon Sep 14 22:03:36 2026 Sri Lanka Standard Time elapsed time: 1403.052666 seconds (0d 0h 23m 23s)

---------------  T H R E A D  ---------------

Current thread (0x000000802b1e5520):  VMThread "VM Thread"          [id=7852, stack(0x000000802d740000,0x000000802d840000) (1024K)]

Stack: [0x000000802d740000,0x000000802d840000]
Native frames: (J=compiled Java code, j=interpreted, Vv=VM code, C=native code)
V  [jvm.dll+0x7a6a39]  (no source info available)
V  [jvm.dll+0x7727ed]  (no source info available)
V  [jvm.dll+0x965f33]  (no source info available)
V  [jvm.dll+0x968531]  (no source info available)
V  [jvm.dll+0x968c33]  (no source info available)
V  [jvm.dll+0x2fc756]  (no source info available)
V  [jvm.dll+0x7a2c65]  (no source info available)
V  [jvm.dll+0x796077]  (no source info available)
V  [jvm.dll+0x3f4698]  (no source info available)
V  [jvm.dll+0x3fc5b6]  (no source info available)
V  [jvm.dll+0x3e8c8e]  (no source info available)
V  [jvm.dll+0x3e8f48]  (no source info available)
V  [jvm.dll+0x3c0045]  (no source info available)
V  [jvm.dll+0x3c00da]  (no source info available)
V  [jvm.dll+0x40d2b6]  (no source info available)
V  [jvm.dll+0x40bbdb]  (no source info available)
V  [jvm.dll+0x3bf787]  (no source info available)
V  [jvm.dll+0x40afdf]  (no source info available)
V  [jvm.dll+0x96ee71]  (no source info available)
V  [jvm.dll+0x97018d]  (no source info available)
V  [jvm.dll+0x970709]  (no source info available)
V  [jvm.dll+0x9709b3]  (no source info available)
V  [jvm.dll+0x90681d]  (no source info available)
V  [jvm.dll+0x7a5015]  (no source info available)
C  [ucrtbase.dll+0x4e3b0]  (no source info available)
C  [KERNEL32.DLL+0x2f9f3]  (no source info available)
C  [ntdll.dll+0x90cb0]  (no source info available)

VM_Operation (0x0000008035797d20): G1CollectForAllocation, mode: safepoint, requested by thread 0x0000008033df4e30


---------------  P R O C E S S  ---------------

Threads class SMR info:
_java_thread_list=0x000000804aef5590, length=429, elements={
0x000000800050c1e0, 0x000000802b1fbe10, 0x000000802b1fc870, 0x000000802b200d40,
0x000000802b202e10, 0x000000802b209790, 0x000000802b20be00, 0x000000802b21a1f0,
0x000000802b21fe00, 0x000000802b20e510, 0x000000802b20cda0, 0x000000802b2113f0,
0x0000008033def070, 0x0000008033df36c0, 0x0000008033df0fb0, 0x0000008033df4e30,
0x000000803336a060, 0x000000803336b000, 0x000000803336b7d0, 0x00000080346fadd0,
0x00000080346f7ef0, 0x00000080346fbd70, 0x00000080322ac320, 0x00000080322aabb0,
0x00000080322ab380, 0x00000080322af200, 0x00000080346f7720, 0x00000080374004c0,
0x00000080374033a0, 0x0000008037406a50, 0x0000008037404b10, 0x0000008037406280,
0x0000008037404340, 0x0000008034ff96c0, 0x0000008036dd8b50, 0x000000803697b000,
0x00000080473727d0, 0x000000803de54c00, 0x000000804a3a9620, 0x000000804a287550,
0x000000803d49efc0, 0x000000803d67e950, 0x0000008034dbbf60, 0x0000008034bf63f0,
0x0000008039228220, 0x0000008036b43f10, 0x0000008038b58840, 0x000000803dc97a80,
0x000000804727d3c0, 0x00000080475847c0, 0x0000008049da8790, 0x00000080479d0430,
0x0000008038b570d0, 0x00000080479d1ba0, 0x0000008049af4140, 0x0000008047371060,
0x0000008047585760, 0x000000803d66e840, 0x000000803dc94ba0, 0x000000804727cbf0,
0x000000803d67e180, 0x000000803894c4a0, 0x0000008049e16140, 0x0000008038c6af60,
0x00000080473ba760, 0x0000008039059b10, 0x000000803dc972b0, 0x0000008038b5af50,
0x0000008047dd0b50, 0x000000803d581400, 0x000000803d225290, 0x0000008047876740,
0x000000803d6b9e20, 0x0000008049af58b0, 0x0000008049daa6d0, 0x000000803d581bd0,
0x0000008036b43740, 0x0000008047582880, 0x0000008036b427a0, 0x0000008038b63420,
0x0000008047cb4730, 0x0000008049da8f60, 0x000000803922a160, 0x00000080324b2f80,
0x0000008038c69020, 0x000000803dc95b40, 0x0000008038b5de30, 0x0000008037cff920,
0x000000804a69c050, 0x000000803d22b820, 0x000000803905aab0, 0x0000008037755780,
0x00000080391281a0, 0x000000804a272480, 0x000000803d61d840, 0x00000080480da630,
0x000000803dca5fb0, 0x0000008047875f70, 0x00000080369315d0, 0x000000804a620430,
0x00000080479d2b40, 0x0000008049d73550, 0x000000803deb32f0, 0x000000804a620c00,
0x000000803697bfa0, 0x00000080392291c0, 0x0000008049af0f00, 0x000000803d49e020,
0x000000803d22b050, 0x000000804727db90, 0x000000803d1bb970, 0x000000804b60cee0,
0x000000804a3a9df0, 0x00000080390f66d0, 0x0000008037c9b3f0, 0x000000803db2e070,
0x000000803dca6f50, 0x000000803840ad60, 0x000000803d67f8f0, 0x0000008049e18080,
0x000000804992a650, 0x000000804a3a7eb0, 0x000000804a689cc0, 0x00000080324b1810,
0x000000803905c9f0, 0x0000008049f71f10, 0x000000803d1b9260, 0x0000008033de8010,
0x00000080480eefa0, 0x0000008047cb3f60, 0x000000803deb1b80, 0x000000803da2fb80,
0x0000008037cfe980, 0x000000803692f690, 0x000000804b60a7d0, 0x00000080480dae00,
0x000000804a69c820, 0x0000008047cb4f00, 0x0000008033de7070, 0x000000803d49ff60,
0x0000008049b89c90, 0x00000080480dbda0, 0x0000008049f6ffd0, 0x000000803d66d8a0,
0x000000804a1c83d0, 0x0000008049e151a0, 0x00000080324b3750, 0x0000008047cab610,
0x00000080479d3ae0, 0x0000008049e84bb0, 0x000000803deafc40, 0x0000008049e843e0,
0x000000804b60d6b0, 0x00000080390e77c0, 0x0000008034f72c60, 0x0000008049aeff60,
0x00000080481af850, 0x0000008047874800, 0x000000803d53e3d0, 0x000000803d80be00,
0x000000803d53c490, 0x000000804b52f4a0, 0x000000803697d710, 0x000000803d53dc00,
0x00000080371e23f0, 0x000000803d54c490, 0x0000008049e81cd0, 0x000000803d540ae0,
0x000000804a275b30, 0x000000804a1c7430, 0x000000804a688550, 0x000000804992bdc0,
0x000000803894d440, 0x0000008038b522b0, 0x0000008038b5f5a0, 0x00000080324624d0,
0x000000804a3a76e0, 0x0000008036f81e90, 0x00000080383197d0, 0x0000008037754fb0,
0x0000008047cc71e0, 0x00000080390e8f30, 0x0000008034f714f0, 0x00000080506cd5d0,
0x0000008049919090, 0x000000804a31b710, 0x0000008049c9b060, 0x000000803d49c8b0,
0x000000804a31de20, 0x0000008036de1fc0, 0x0000008038211fd0, 0x0000008049e795f0,
0x0000008049af50e0, 0x000000804b3a9260, 0x000000803d53a550, 0x0000008032460d60,
0x0000008047cb27f0, 0x00000080481b2f00, 0x0000008048060c50, 0x00000080473b70b0,
0x000000804b60afa0, 0x00000080481b1f60, 0x000000803d61e010, 0x000000803d39f240,
0x0000008049e18850, 0x000000803d3cc260, 0x000000804a321fb0, 0x000000804a31f590,
0x000000804ab7b760, 0x000000803d580c30, 0x0000008049e85380, 0x00000080324b1fe0,
0x00000080481b0fc0, 0x0000008047372000, 0x000000804a68e310, 0x0000008049af7020,
0x00000080368b19d0, 0x000000804a31e5f0, 0x000000803278b7d0, 0x00000080368b0260,
0x000000804992ae20, 0x000000804a68cba0, 0x0000008050913040, 0x0000008034f6f5b0,
0x0000008049c9e710, 0x0000008050915750, 0x0000008047373770, 0x000000804ab80580,
0x000000803deb0410, 0x000000804b3853c0, 0x000000804a319fa0, 0x000000804a95e080,
0x000000803d8096f0, 0x0000008038b6b120, 0x0000008047373f40, 0x0000008048061bf0,
0x00000080368afa90, 0x0000008038b672a0, 0x000000803dca86c0, 0x000000804a726790,
0x000000804a68db40, 0x00000080506c7fe0, 0x0000008050918e00, 0x0000008049e78e20,
0x0000008039393fe0, 0x0000008037dd2d10, 0x000000804b52fc70, 0x0000008048126a80,
0x0000008054b9c830, 0x000000804b3882a0, 0x000000804a31bee0, 0x0000008038563820,
0x0000008050fd1ee0, 0x000000804b4bafa0, 0x000000804a1ca310, 0x00000080509147b0,
0x000000804727e360, 0x0000008047628f00, 0x000000804b7aa020, 0x000000804ad99b00,
0x000000803d5412b0, 0x0000008033dea720, 0x0000008038b643c0, 0x00000080392bc550,
0x000000804b389a10, 0x000000804b388a70, 0x000000804a1c6c60, 0x0000008036de3730,
0x000000804b38a9b0, 0x00000080480ee7d0, 0x0000008036dde910, 0x0000008050fd1710,
0x000000804722cf30, 0x0000008049e7a590, 0x00000080368ad380, 0x0000008037d01090,
0x00000080481b07f0, 0x0000008036de2f60, 0x00000080392b9e40, 0x00000080390f4f60,
0x0000008050917690, 0x00000080481b0020, 0x000000804a31ce80, 0x000000803d225a60,
0x0000008050e98380, 0x0000008054ba25f0, 0x0000008050fd26b0, 0x0000008049b8a460,
0x0000008050fd3e20, 0x00000080481ae8b0, 0x0000008037c9bbc0, 0x000000804a1c8ba0,
0x000000804a31a770, 0x0000008049ce7c80, 0x000000804996b0b0, 0x0000008036931da0,
0x000000803d540310, 0x000000804a5cb460, 0x0000008050fd45f0, 0x0000008050927780,
0x0000008054c101c0, 0x000000804b38b180, 0x000000804af3d930, 0x0000008038b6d830,
0x000000804a6213d0, 0x00000080476296d0, 0x0000008038c6a790, 0x000000804ab81520,
0x000000805092c5a0, 0x000000804ab7af90, 0x0000008038b52a80, 0x000000804ad9b270,
0x0000008038b66300, 0x000000804b192530, 0x000000805125f060, 0x0000008038563050,
0x000000804a700ef0, 0x000000804b52dd30, 0x000000804b1905f0, 0x000000804ac89680,
0x000000804b3ab1a0, 0x00000080392ba610, 0x0000008051392ee0, 0x000000803deb2b20,
0x0000008049e73830, 0x0000008047cc6a10, 0x000000804b6725d0, 0x0000008047c49790,
0x000000803d67d9b0, 0x000000804a95d8b0, 0x0000008049d70e40, 0x000000803d54cc60,
0x000000804b674ce0, 0x00000080392b9670, 0x0000008054b9fee0, 0x00000080510e8f80,
0x000000803831af40, 0x0000008050fd5590, 0x0000008051262ee0, 0x0000008036f816c0,
0x00000080368a9500, 0x000000804a622b40, 0x0000008051262710, 0x00000080510e7fe0,
0x000000804722a050, 0x000000805119a830, 0x000000803d53fb40, 0x0000008049af2670,
0x0000008051263e80, 0x0000008051390fa0, 0x0000008049e74000, 0x000000804b3a8a90,
0x0000008054be0f90, 0x00000080511426f0, 0x00000080506c8f80, 0x0000008038b61cb0,
0x000000805092bdd0, 0x000000804ac830f0, 0x0000008050e55580, 0x0000008050e53e10,
0x00000080509267e0, 0x0000008050928720, 0x0000008050926fb0, 0x0000008050925070,
0x0000008050927f50, 0x0000008050928ef0, 0x0000008050925840, 0x00000080509296c0,
0x0000008050926010, 0x0000008050929e90, 0x000000805092b600, 0x0000008050e98b50,
0x0000008050e973e0, 0x0000008050e97bb0, 0x0000008049d70670, 0x0000008049d71de0,
0x000000805119a060, 0x0000008054bdc170, 0x0000008054bdd110, 0x0000008054bde0b0,
0x0000008051143690, 0x0000008051141750, 0x0000008051141f20, 0x000000805113ffe0,
0x0000008051143e60, 0x00000080511407b0, 0x0000008051142ec0, 0x0000008051140f80,
0x0000008051146570, 0x0000008051144630, 0x0000008051147510, 0x0000008051146d40,
0x0000008051144e00, 0x0000008054bdb9a0, 0x0000008054be07c0, 0x0000008054be1f30,
0x0000008054be2ed0, 0x0000008054be2700, 0x0000008054bdf820, 0x0000008054bdfff0,
0x0000008054be1760, 0x0000008038b578a0, 0x0000008038b541f0, 0x0000008038b5b720,
0x0000008050e58460, 0x0000008038b5fd70, 0x0000008038b60d10, 0x0000008038b614e0,
0x0000008038b68a10, 0x0000008038b65360, 0x0000008038b699b0, 0x0000008038b6a950,
0x0000008038b6a180, 0x0000008038b6b8f0, 0x0000008038b6e7d0, 0x0000008038b6efa0,
0x0000008036ddc9d0, 0x0000008036ddb260, 0x0000008054c0f9f0, 0x0000008054c10990,
0x0000008047cacd80, 0x0000008047cadd20, 0x0000008047cad550, 0x000000804ac85800,
0x000000804ac87f10, 0x000000804b671630, 0x000000804b671e00, 0x000000804a5c8580,
0x000000804a5c7db0
}

Java Threads: ( => current thread )
  0x000000800050c1e0 JavaThread "main"                              [_thread_blocked, id=26628, stack(0x00000080008d0000,0x00000080009d0000) (1024K)]
  0x000000802b1fbe10 JavaThread "Reference Handler"          daemon [_thread_blocked, id=27768, stack(0x000000802d840000,0x000000802d940000) (1024K)]
  0x000000802b1fc870 JavaThread "Finalizer"                  daemon [_thread_blocked, id=27772, stack(0x000000802d940000,0x000000802da40000) (1024K)]
  0x000000802b200d40 JavaThread "Signal Dispatcher"          daemon [_thread_blocked, id=25944, stack(0x000000802da40000,0x000000802db40000) (1024K)]
  0x000000802b202e10 JavaThread "Attach Listener"            daemon [_thread_blocked, id=23296, stack(0x000000802db40000,0x000000802dc40000) (1024K)]
  0x000000802b209790 JavaThread "Service Thread"             daemon [_thread_blocked, id=28516, stack(0x000000802dc40000,0x000000802dd40000) (1024K)]
  0x000000802b20be00 JavaThread "Monitor Deflation Thread"   daemon [_thread_blocked, id=24560, stack(0x000000802dd40000,0x000000802de40000) (1024K)]
  0x000000802b21a1f0 JavaThread "C2 CompilerThread0"         daemon [_thread_blocked, id=27796, stack(0x000000802de40000,0x000000802df40000) (1024K)]
  0x000000802b21fe00 JavaThread "C1 CompilerThread0"         daemon [_thread_blocked, id=24468, stack(0x0000008032000000,0x0000008032100000) (1024K)]
  0x000000802b20e510 JavaThread "Common-Cleaner"             daemon [_thread_blocked, id=26192, stack(0x0000008032500000,0x0000008032600000) (1024K)]
  0x000000802b20cda0 JavaThread "Notification Thread"        daemon [_thread_blocked, id=27692, stack(0x0000008032600000,0x0000008032700000) (1024K)]
  0x000000802b2113f0 JavaThread "Daemon health stats"               [_thread_blocked, id=27164, stack(0x0000008033ed0000,0x0000008033fd0000) (1024K)]
  0x0000008033def070 JavaThread "Incoming local TCP Connector on port 5888"        [_thread_in_native, id=5612, stack(0x00000080351a0000,0x00000080352a0000) (1024K)]
  0x0000008033df36c0 JavaThread "Daemon periodic checks"            [_thread_blocked, id=25112, stack(0x00000080352a0000,0x00000080353a0000) (1024K)]
  0x0000008033df0fb0 JavaThread "Daemon"                            [_thread_blocked, id=27668, stack(0x00000080353a0000,0x00000080354a0000) (1024K)]
  0x0000008033df4e30 JavaThread "Daemon worker"                     [_thread_blocked, id=27852, stack(0x00000080356a0000,0x00000080357a0000) (1024K)]
  0x000000803336a060 JavaThread "Cache worker for journal cache (C:\Users\sachintha\.gradle\caches\journal-1)"        [_thread_blocked, id=28364, stack(0x00000080362a0000,0x00000080363a0000) (1024K)]
  0x000000803336b000 JavaThread "File lock request listener"        [_thread_in_native, id=26356, stack(0x00000080363a0000,0x00000080364a0000) (1024K)]
  0x000000803336b7d0 JavaThread "Cache worker for file hash cache (C:\Users\sachintha\.gradle\caches\9.3.1\fileHashes)"        [_thread_blocked, id=23980, stack(0x00000080364a0000,0x00000080365a0000) (1024K)]
  0x00000080346fadd0 JavaThread "File watcher server"        daemon [_thread_in_native, id=3640, stack(0x0000008039a10000,0x0000008039b10000) (1024K)]
  0x00000080346f7ef0 JavaThread "File watcher consumer"      daemon [_thread_blocked, id=28184, stack(0x0000008039b10000,0x0000008039c10000) (1024K)]
  0x00000080346fbd70 JavaThread "jar transforms"                    [_thread_blocked, id=18680, stack(0x0000008039c10000,0x0000008039d10000) (1024K)]
  0x00000080322ac320 JavaThread "jar transforms Thread 2"           [_thread_blocked, id=22616, stack(0x0000008039d10000,0x0000008039e10000) (1024K)]
  0x00000080322aabb0 JavaThread "jar transforms Thread 3"           [_thread_blocked, id=27012, stack(0x0000008039e10000,0x0000008039f10000) (1024K)]
  0x00000080322ab380 JavaThread "Cache worker for file content cache (C:\Users\sachintha\.gradle\caches\9.3.1\fileContent)"        [_thread_blocked, id=23568, stack(0x0000008039f10000,0x000000803a010000) (1024K)]
  0x00000080322af200 JavaThread "jar transforms Thread 4"           [_thread_blocked, id=28604, stack(0x000000803a210000,0x000000803a310000) (1024K)]
  0x00000080346f7720 JavaThread "jar transforms Thread 5"           [_thread_blocked, id=19304, stack(0x000000803a310000,0x000000803a410000) (1024K)]
  0x00000080374004c0 JavaThread "jar transforms Thread 6"           [_thread_blocked, id=3844, stack(0x000000803a410000,0x000000803a510000) (1024K)]
  0x00000080374033a0 JavaThread "jar transforms Thread 7"           [_thread_blocked, id=23676, stack(0x000000803a510000,0x000000803a610000) (1024K)]
  0x0000008037406a50 JavaThread "jar transforms Thread 8"           [_thread_blocked, id=23584, stack(0x000000803a610000,0x000000803a710000) (1024K)]
  0x0000008037404b10 JavaThread "jar transforms Thread 9"           [_thread_blocked, id=24484, stack(0x000000803a710000,0x000000803a810000) (1024K)]
  0x0000008037406280 JavaThread "jar transforms Thread 10"          [_thread_blocked, id=20140, stack(0x000000803a910000,0x000000803aa10000) (1024K)]
  0x0000008037404340 JavaThread "jar transforms Thread 11"          [_thread_blocked, id=23856, stack(0x000000803aa10000,0x000000803ab10000) (1024K)]
  0x0000008034ff96c0 JavaThread "jar transforms Thread 12"          [_thread_blocked, id=13876, stack(0x000000803ab10000,0x000000803ac10000) (1024K)]
  0x0000008036dd8b50 JavaThread "Memory manager"                    [_thread_blocked, id=28208, stack(0x000000803cf10000,0x000000803d010000) (1024K)]
  0x000000803697b000 JavaThread "pool-3-thread-1"                   [_thread_blocked, id=20844, stack(0x00000080483d0000,0x00000080484d0000) (1024K)]
  0x00000080473727d0 JavaThread "VFS cleanup"                       [_thread_blocked, id=23260, stack(0x00000080358a0000,0x00000080359a0000) (1024K)]
  0x000000803de54c00 JavaThread "pool-6-thread-1"                   [_thread_blocked, id=20168, stack(0x0000008045400000,0x0000008045500000) (1024K)]
  0x000000804a3a9620 JavaThread "pool-9-thread-1"                   [_thread_blocked, id=23916, stack(0x0000008045600000,0x0000008045700000) (1024K)]
  0x000000804a287550 JavaThread "pool-12-thread-1"                  [_thread_blocked, id=11580, stack(0x0000008045900000,0x0000008045a00000) (1024K)]
  0x000000803d49efc0 JavaThread "pool-15-thread-1"                  [_thread_blocked, id=25740, stack(0x0000008045b00000,0x0000008045c00000) (1024K)]
  0x000000803d67e950 JavaThread "pool-18-thread-1"                  [_thread_blocked, id=21600, stack(0x0000008045800000,0x0000008045900000) (1024K)]
  0x0000008034dbbf60 JavaThread "pool-21-thread-1"                  [_thread_blocked, id=27208, stack(0x0000008045d00000,0x0000008045e00000) (1024K)]
  0x0000008034bf63f0 JavaThread "pool-24-thread-1"                  [_thread_blocked, id=1696, stack(0x0000008045e00000,0x0000008045f00000) (1024K)]
  0x0000008039228220 JavaThread "pool-27-thread-1"                  [_thread_blocked, id=26384, stack(0x0000008046000000,0x0000008046100000) (1024K)]
  0x0000008036b43f10 JavaThread "pool-30-thread-1"                  [_thread_blocked, id=24048, stack(0x0000008046200000,0x0000008046300000) (1024K)]
  0x0000008038b58840 JavaThread "pool-33-thread-1"                  [_thread_blocked, id=27716, stack(0x0000008046400000,0x0000008046500000) (1024K)]
  0x000000803dc97a80 JavaThread "pool-36-thread-1"                  [_thread_blocked, id=24212, stack(0x0000008046600000,0x0000008046700000) (1024K)]
  0x000000804727d3c0 JavaThread "pool-39-thread-1"                  [_thread_blocked, id=21668, stack(0x0000008046700000,0x0000008046800000) (1024K)]
  0x00000080475847c0 JavaThread "pool-42-thread-1"                  [_thread_blocked, id=26888, stack(0x0000008046900000,0x0000008046a00000) (1024K)]
  0x0000008049da8790 JavaThread "pool-45-thread-1"                  [_thread_blocked, id=16064, stack(0x0000008046b00000,0x0000008046c00000) (1024K)]
  0x00000080479d0430 JavaThread "pool-48-thread-1"                  [_thread_blocked, id=21644, stack(0x0000008046d00000,0x0000008046e00000) (1024K)]
  0x0000008038b570d0 JavaThread "pool-51-thread-1"                  [_thread_blocked, id=26804, stack(0x0000008047000000,0x0000008047100000) (1024K)]
  0x00000080479d1ba0 JavaThread "pool-54-thread-1"                  [_thread_blocked, id=24928, stack(0x0000008047100000,0x0000008047200000) (1024K)]
  0x0000008049af4140 JavaThread "pool-57-thread-1"                  [_thread_blocked, id=19472, stack(0x00000080484d0000,0x00000080485d0000) (1024K)]
  0x0000008047371060 JavaThread "pool-60-thread-1"                  [_thread_blocked, id=24200, stack(0x00000080485d0000,0x00000080486d0000) (1024K)]
  0x0000008047585760 JavaThread "pool-63-thread-1"                  [_thread_blocked, id=26724, stack(0x00000080487d0000,0x00000080488d0000) (1024K)]
  0x000000803d66e840 JavaThread "pool-66-thread-1"                  [_thread_blocked, id=26892, stack(0x00000080489d0000,0x0000008048ad0000) (1024K)]
  0x000000803dc94ba0 JavaThread "pool-69-thread-1"                  [_thread_blocked, id=3704, stack(0x0000008048ad0000,0x0000008048bd0000) (1024K)]
  0x000000804727cbf0 JavaThread "pool-72-thread-1"                  [_thread_blocked, id=10520, stack(0x00000080488d0000,0x00000080489d0000) (1024K)]
  0x000000803d67e180 JavaThread "pool-75-thread-1"                  [_thread_blocked, id=9416, stack(0x00000080486d0000,0x00000080487d0000) (1024K)]
  0x000000803894c4a0 JavaThread "pool-78-thread-1"                  [_thread_blocked, id=27972, stack(0x0000008048dd0000,0x0000008048ed0000) (1024K)]
  0x0000008049e16140 JavaThread "pool-81-thread-1"                  [_thread_blocked, id=11248, stack(0x0000008048cd0000,0x0000008048dd0000) (1024K)]
  0x0000008038c6af60 JavaThread "pool-84-thread-1"                  [_thread_blocked, id=26096, stack(0x0000008048ed0000,0x0000008048fd0000) (1024K)]
  0x00000080473ba760 JavaThread "pool-87-thread-1"                  [_thread_blocked, id=22892, stack(0x0000008048fd0000,0x00000080490d0000) (1024K)]
  0x0000008039059b10 JavaThread "pool-90-thread-1"                  [_thread_blocked, id=26388, stack(0x00000080490d0000,0x00000080491d0000) (1024K)]
  0x000000803dc972b0 JavaThread "pool-93-thread-1"                  [_thread_blocked, id=4988, stack(0x00000080491d0000,0x00000080492d0000) (1024K)]
  0x0000008038b5af50 JavaThread "pool-96-thread-1"                  [_thread_blocked, id=18720, stack(0x00000080492d0000,0x00000080493d0000) (1024K)]
  0x0000008047dd0b50 JavaThread "pool-99-thread-1"                  [_thread_blocked, id=26772, stack(0x00000080493d0000,0x00000080494d0000) (1024K)]
  0x000000803d581400 JavaThread "pool-102-thread-1"                 [_thread_blocked, id=27184, stack(0x00000080494d0000,0x00000080495d0000) (1024K)]
  0x000000803d225290 JavaThread "pool-105-thread-1"                 [_thread_blocked, id=22708, stack(0x0000008048bd0000,0x0000008048cd0000) (1024K)]
  0x0000008047876740 JavaThread "pool-108-thread-1"                 [_thread_blocked, id=13696, stack(0x00000080495d0000,0x00000080496d0000) (1024K)]
  0x000000803d6b9e20 JavaThread "pool-111-thread-1"                 [_thread_blocked, id=10744, stack(0x00000080496d0000,0x00000080497d0000) (1024K)]
  0x0000008049af58b0 JavaThread "pool-114-thread-1"                 [_thread_blocked, id=15248, stack(0x00000080497d0000,0x00000080498d0000) (1024K)]
  0x0000008049daa6d0 JavaThread "pool-117-thread-1"                 [_thread_blocked, id=9836, stack(0x000000804b870000,0x000000804b970000) (1024K)]
  0x000000803d581bd0 JavaThread "pool-120-thread-1"                 [_thread_blocked, id=27964, stack(0x000000804b970000,0x000000804ba70000) (1024K)]
  0x0000008036b43740 JavaThread "pool-123-thread-1"                 [_thread_blocked, id=12488, stack(0x000000804ba70000,0x000000804bb70000) (1024K)]
  0x0000008047582880 JavaThread "pool-126-thread-1"                 [_thread_blocked, id=22564, stack(0x000000804bb70000,0x000000804bc70000) (1024K)]
  0x0000008036b427a0 JavaThread "pool-129-thread-1"                 [_thread_blocked, id=27776, stack(0x000000804bc70000,0x000000804bd70000) (1024K)]
  0x0000008038b63420 JavaThread "pool-132-thread-1"                 [_thread_blocked, id=21876, stack(0x000000804be70000,0x000000804bf70000) (1024K)]
  0x0000008047cb4730 JavaThread "pool-135-thread-1"                 [_thread_blocked, id=20484, stack(0x000000804c070000,0x000000804c170000) (1024K)]
  0x0000008049da8f60 JavaThread "pool-138-thread-1"                 [_thread_blocked, id=8764, stack(0x000000804bd70000,0x000000804be70000) (1024K)]
  0x000000803922a160 JavaThread "pool-141-thread-1"                 [_thread_blocked, id=16100, stack(0x000000804bf70000,0x000000804c070000) (1024K)]
  0x00000080324b2f80 JavaThread "pool-144-thread-1"                 [_thread_blocked, id=27872, stack(0x00000080482d0000,0x00000080483d0000) (1024K)]
  0x0000008038c69020 JavaThread "pool-147-thread-1"                 [_thread_blocked, id=27204, stack(0x000000804c170000,0x000000804c270000) (1024K)]
  0x000000803dc95b40 JavaThread "pool-150-thread-1"                 [_thread_blocked, id=26620, stack(0x000000804c370000,0x000000804c470000) (1024K)]
  0x0000008038b5de30 JavaThread "pool-153-thread-1"                 [_thread_blocked, id=28348, stack(0x000000804c570000,0x000000804c670000) (1024K)]
  0x0000008037cff920 JavaThread "pool-156-thread-1"                 [_thread_blocked, id=3696, stack(0x000000804c470000,0x000000804c570000) (1024K)]
  0x000000804a69c050 JavaThread "pool-159-thread-1"                 [_thread_blocked, id=25584, stack(0x000000804c670000,0x000000804c770000) (1024K)]
  0x000000803d22b820 JavaThread "pool-162-thread-1"                 [_thread_blocked, id=24964, stack(0x000000804c770000,0x000000804c870000) (1024K)]
  0x000000803905aab0 JavaThread "pool-165-thread-1"                 [_thread_blocked, id=23104, stack(0x000000804c870000,0x000000804c970000) (1024K)]
  0x0000008037755780 JavaThread "pool-168-thread-1"                 [_thread_blocked, id=18572, stack(0x000000804c970000,0x000000804ca70000) (1024K)]
  0x00000080391281a0 JavaThread "pool-171-thread-1"                 [_thread_blocked, id=24500, stack(0x000000804ca70000,0x000000804cb70000) (1024K)]
  0x000000804a272480 JavaThread "pool-174-thread-1"                 [_thread_blocked, id=27388, stack(0x000000804cb70000,0x000000804cc70000) (1024K)]
  0x000000803d61d840 JavaThread "pool-177-thread-1"                 [_thread_blocked, id=18860, stack(0x000000804cc70000,0x000000804cd70000) (1024K)]
  0x00000080480da630 JavaThread "pool-180-thread-1"                 [_thread_blocked, id=26688, stack(0x000000804cd70000,0x000000804ce70000) (1024K)]
  0x000000803dca5fb0 JavaThread "pool-183-thread-1"                 [_thread_blocked, id=24944, stack(0x000000804ce70000,0x000000804cf70000) (1024K)]
  0x0000008047875f70 JavaThread "pool-186-thread-1"                 [_thread_blocked, id=26148, stack(0x000000804c270000,0x000000804c370000) (1024K)]
  0x00000080369315d0 JavaThread "pool-189-thread-1"                 [_thread_blocked, id=26124, stack(0x000000804cf70000,0x000000804d070000) (1024K)]
  0x000000804a620430 JavaThread "pool-192-thread-1"                 [_thread_blocked, id=25844, stack(0x000000804d070000,0x000000804d170000) (1024K)]
  0x00000080479d2b40 JavaThread "pool-195-thread-1"                 [_thread_blocked, id=26936, stack(0x000000804d270000,0x000000804d370000) (1024K)]
  0x0000008049d73550 JavaThread "pool-198-thread-1"                 [_thread_blocked, id=16428, stack(0x000000804d370000,0x000000804d470000) (1024K)]
  0x000000803deb32f0 JavaThread "pool-201-thread-1"                 [_thread_blocked, id=22276, stack(0x000000804d670000,0x000000804d770000) (1024K)]
  0x000000804a620c00 JavaThread "pool-204-thread-1"                 [_thread_blocked, id=25832, stack(0x000000804d570000,0x000000804d670000) (1024K)]
  0x000000803697bfa0 JavaThread "pool-207-thread-1"                 [_thread_blocked, id=7764, stack(0x000000804d770000,0x000000804d870000) (1024K)]
  0x00000080392291c0 JavaThread "pool-210-thread-1"                 [_thread_blocked, id=27440, stack(0x000000804d870000,0x000000804d970000) (1024K)]
  0x0000008049af0f00 JavaThread "pool-213-thread-1"                 [_thread_blocked, id=27396, stack(0x000000804d470000,0x000000804d570000) (1024K)]
  0x000000803d49e020 JavaThread "pool-216-thread-1"                 [_thread_blocked, id=26412, stack(0x000000804d970000,0x000000804da70000) (1024K)]
  0x000000803d22b050 JavaThread "pool-219-thread-1"                 [_thread_blocked, id=22712, stack(0x000000804db70000,0x000000804dc70000) (1024K)]
  0x000000804727db90 JavaThread "pool-222-thread-1"                 [_thread_blocked, id=4392, stack(0x000000804da70000,0x000000804db70000) (1024K)]
  0x000000803d1bb970 JavaThread "pool-225-thread-1"                 [_thread_blocked, id=27336, stack(0x000000804dc70000,0x000000804dd70000) (1024K)]
  0x000000804b60cee0 JavaThread "pool-228-thread-1"                 [_thread_blocked, id=24336, stack(0x000000804dd70000,0x000000804de70000) (1024K)]
  0x000000804a3a9df0 JavaThread "pool-231-thread-1"                 [_thread_blocked, id=24348, stack(0x000000804de70000,0x000000804df70000) (1024K)]
  0x00000080390f66d0 JavaThread "pool-234-thread-1"                 [_thread_blocked, id=18036, stack(0x000000804df70000,0x000000804e070000) (1024K)]
  0x0000008037c9b3f0 JavaThread "pool-237-thread-1"                 [_thread_blocked, id=11000, stack(0x000000804e070000,0x000000804e170000) (1024K)]
  0x000000803db2e070 JavaThread "pool-240-thread-1"                 [_thread_blocked, id=25940, stack(0x000000804e170000,0x000000804e270000) (1024K)]
  0x000000803dca6f50 JavaThread "pool-243-thread-1"                 [_thread_blocked, id=4612, stack(0x000000804e370000,0x000000804e470000) (1024K)]
  0x000000803840ad60 JavaThread "pool-246-thread-1"                 [_thread_blocked, id=3012, stack(0x000000804e470000,0x000000804e570000) (1024K)]
  0x000000803d67f8f0 JavaThread "pool-249-thread-1"                 [_thread_blocked, id=28156, stack(0x000000804e570000,0x000000804e670000) (1024K)]
  0x0000008049e18080 JavaThread "pool-252-thread-1"                 [_thread_blocked, id=27312, stack(0x000000804e670000,0x000000804e770000) (1024K)]
  0x000000804992a650 JavaThread "pool-255-thread-1"                 [_thread_blocked, id=27036, stack(0x000000804e770000,0x000000804e870000) (1024K)]
  0x000000804a3a7eb0 JavaThread "pool-258-thread-1"                 [_thread_blocked, id=15892, stack(0x000000804ed00000,0x000000804ee00000) (1024K)]
  0x000000804a689cc0 JavaThread "pool-261-thread-1"                 [_thread_blocked, id=16212, stack(0x000000804ee00000,0x000000804ef00000) (1024K)]
  0x00000080324b1810 JavaThread "pool-264-thread-1"                 [_thread_blocked, id=28024, stack(0x000000804ef00000,0x000000804f000000) (1024K)]
  0x000000803905c9f0 JavaThread "pool-267-thread-1"                 [_thread_blocked, id=26696, stack(0x000000804ec00000,0x000000804ed00000) (1024K)]
  0x0000008049f71f10 JavaThread "pool-270-thread-1"                 [_thread_blocked, id=28588, stack(0x000000804f000000,0x000000804f100000) (1024K)]
  0x000000803d1b9260 JavaThread "pool-273-thread-1"                 [_thread_blocked, id=27944, stack(0x000000804f100000,0x000000804f200000) (1024K)]
  0x0000008033de8010 JavaThread "pool-276-thread-1"                 [_thread_blocked, id=26340, stack(0x000000804f200000,0x000000804f300000) (1024K)]
  0x00000080480eefa0 JavaThread "pool-279-thread-1"                 [_thread_blocked, id=26036, stack(0x000000804f300000,0x000000804f400000) (1024K)]
  0x0000008047cb3f60 JavaThread "pool-282-thread-1"                 [_thread_blocked, id=25084, stack(0x000000804f400000,0x000000804f500000) (1024K)]
  0x000000803deb1b80 JavaThread "pool-285-thread-1"                 [_thread_blocked, id=23144, stack(0x000000804f500000,0x000000804f600000) (1024K)]
  0x000000803da2fb80 JavaThread "pool-288-thread-1"                 [_thread_blocked, id=13720, stack(0x000000804f600000,0x000000804f700000) (1024K)]
  0x0000008037cfe980 JavaThread "pool-291-thread-1"                 [_thread_blocked, id=27408, stack(0x000000804f700000,0x000000804f800000) (1024K)]
  0x000000803692f690 JavaThread "pool-294-thread-1"                 [_thread_blocked, id=24224, stack(0x000000804f800000,0x000000804f900000) (1024K)]
  0x000000804b60a7d0 JavaThread "pool-297-thread-1"                 [_thread_blocked, id=8228, stack(0x000000804e870000,0x000000804e970000) (1024K)]
  0x00000080480dae00 JavaThread "pool-300-thread-1"                 [_thread_blocked, id=980, stack(0x000000804f900000,0x000000804fa00000) (1024K)]
  0x000000804a69c820 JavaThread "pool-303-thread-1"                 [_thread_blocked, id=26484, stack(0x000000804d170000,0x000000804d270000) (1024K)]
  0x0000008047cb4f00 JavaThread "pool-306-thread-1"                 [_thread_blocked, id=21060, stack(0x000000803e4e0000,0x000000803e5e0000) (1024K)]
  0x0000008033de7070 JavaThread "pool-309-thread-1"                 [_thread_blocked, id=27704, stack(0x000000804e270000,0x000000804e370000) (1024K)]
  0x000000803d49ff60 JavaThread "pool-312-thread-1"                 [_thread_blocked, id=24688, stack(0x000000804fb00000,0x000000804fc00000) (1024K)]
  0x0000008049b89c90 JavaThread "pool-315-thread-1"                 [_thread_blocked, id=13212, stack(0x000000804fc00000,0x000000804fd00000) (1024K)]
  0x00000080480dbda0 JavaThread "pool-318-thread-1"                 [_thread_blocked, id=28072, stack(0x000000804fa00000,0x000000804fb00000) (1024K)]
  0x0000008049f6ffd0 JavaThread "pool-321-thread-1"                 [_thread_blocked, id=28360, stack(0x000000804fd00000,0x000000804fe00000) (1024K)]
  0x000000803d66d8a0 JavaThread "pool-324-thread-1"                 [_thread_blocked, id=16176, stack(0x000000804fe00000,0x000000804ff00000) (1024K)]
  0x000000804a1c83d0 JavaThread "pool-327-thread-1"                 [_thread_blocked, id=23748, stack(0x0000008050000000,0x0000008050100000) (1024K)]
  0x0000008049e151a0 JavaThread "pool-330-thread-1"                 [_thread_blocked, id=1300, stack(0x0000008050100000,0x0000008050200000) (1024K)]
  0x00000080324b3750 JavaThread "pool-333-thread-1"                 [_thread_blocked, id=27888, stack(0x0000008050200000,0x0000008050300000) (1024K)]
  0x0000008047cab610 JavaThread "pool-336-thread-1"                 [_thread_blocked, id=17472, stack(0x0000008050300000,0x0000008050400000) (1024K)]
  0x00000080479d3ae0 JavaThread "pool-339-thread-1"                 [_thread_blocked, id=5668, stack(0x00000080513d0000,0x00000080514d0000) (1024K)]
  0x0000008049e84bb0 JavaThread "pool-342-thread-1"                 [_thread_blocked, id=28068, stack(0x00000080514d0000,0x00000080515d0000) (1024K)]
  0x000000803deafc40 JavaThread "pool-345-thread-1"                 [_thread_blocked, id=28444, stack(0x00000080515d0000,0x00000080516d0000) (1024K)]
  0x0000008049e843e0 JavaThread "pool-348-thread-1"                 [_thread_blocked, id=21640, stack(0x00000080481d0000,0x00000080482d0000) (1024K)]
  0x000000804b60d6b0 JavaThread "pool-351-thread-1"                 [_thread_blocked, id=27076, stack(0x000000804ff00000,0x0000008050000000) (1024K)]
  0x00000080390e77c0 JavaThread "pool-354-thread-1"                 [_thread_blocked, id=23640, stack(0x00000080517d0000,0x00000080518d0000) (1024K)]
  0x0000008034f72c60 JavaThread "pool-357-thread-1"                 [_thread_blocked, id=16344, stack(0x00000080519d0000,0x0000008051ad0000) (1024K)]
  0x0000008049aeff60 JavaThread "pool-360-thread-1"                 [_thread_blocked, id=25100, stack(0x0000008051bd0000,0x0000008051cd0000) (1024K)]
  0x00000080481af850 JavaThread "pool-363-thread-1"                 [_thread_blocked, id=14060, stack(0x0000008051cd0000,0x0000008051dd0000) (1024K)]
  0x0000008047874800 JavaThread "pool-366-thread-1"                 [_thread_blocked, id=26672, stack(0x0000008051dd0000,0x0000008051ed0000) (1024K)]
  0x000000803d53e3d0 JavaThread "pool-369-thread-1"                 [_thread_blocked, id=28652, stack(0x0000008051ed0000,0x0000008051fd0000) (1024K)]
  0x000000803d80be00 JavaThread "pool-372-thread-1"                 [_thread_blocked, id=27556, stack(0x0000008051fd0000,0x00000080520d0000) (1024K)]
  0x000000803d53c490 JavaThread "pool-375-thread-1"                 [_thread_blocked, id=19980, stack(0x00000080520d0000,0x00000080521d0000) (1024K)]
  0x000000804b52f4a0 JavaThread "pool-378-thread-1"                 [_thread_blocked, id=21620, stack(0x0000008051ad0000,0x0000008051bd0000) (1024K)]
  0x000000803697d710 JavaThread "pool-381-thread-1"                 [_thread_blocked, id=19236, stack(0x00000080521d0000,0x00000080522d0000) (1024K)]
  0x000000803d53dc00 JavaThread "pool-384-thread-1"                 [_thread_blocked, id=29492, stack(0x00000080522d0000,0x00000080523d0000) (1024K)]
  0x00000080371e23f0 JavaThread "pool-387-thread-1"                 [_thread_blocked, id=29456, stack(0x00000080523d0000,0x00000080524d0000) (1024K)]
  0x000000803d54c490 JavaThread "pool-390-thread-1"                 [_thread_blocked, id=29552, stack(0x00000080524d0000,0x00000080525d0000) (1024K)]
  0x0000008049e81cd0 JavaThread "pool-393-thread-1"                 [_thread_blocked, id=29348, stack(0x00000080525d0000,0x00000080526d0000) (1024K)]
  0x000000803d540ae0 JavaThread "pool-396-thread-1"                 [_thread_blocked, id=28576, stack(0x00000080518d0000,0x00000080519d0000) (1024K)]
  0x000000804a275b30 JavaThread "pool-399-thread-1"                 [_thread_blocked, id=29656, stack(0x00000080527d0000,0x00000080528d0000) (1024K)]
  0x000000804a1c7430 JavaThread "pool-402-thread-1"                 [_thread_blocked, id=23060, stack(0x00000080528d0000,0x00000080529d0000) (1024K)]
  0x000000804a688550 JavaThread "pool-405-thread-1"                 [_thread_blocked, id=21196, stack(0x00000080526d0000,0x00000080527d0000) (1024K)]
  0x000000804992bdc0 JavaThread "pool-408-thread-1"                 [_thread_blocked, id=8232, stack(0x00000080529d0000,0x0000008052ad0000) (1024K)]
  0x000000803894d440 JavaThread "pool-411-thread-1"                 [_thread_blocked, id=24148, stack(0x0000008052ad0000,0x0000008052bd0000) (1024K)]
  0x0000008038b522b0 JavaThread "pool-414-thread-1"                 [_thread_blocked, id=29084, stack(0x0000008052bd0000,0x0000008052cd0000) (1024K)]
  0x0000008038b5f5a0 JavaThread "pool-417-thread-1"                 [_thread_blocked, id=28788, stack(0x0000008052cd0000,0x0000008052dd0000) (1024K)]
  0x00000080324624d0 JavaThread "pool-420-thread-1"                 [_thread_blocked, id=27072, stack(0x0000008052dd0000,0x0000008052ed0000) (1024K)]
  0x000000804a3a76e0 JavaThread "pool-423-thread-1"                 [_thread_blocked, id=28680, stack(0x0000008052ed0000,0x0000008052fd0000) (1024K)]
  0x0000008036f81e90 JavaThread "pool-426-thread-1"                 [_thread_blocked, id=29228, stack(0x0000008052fd0000,0x00000080530d0000) (1024K)]
  0x00000080383197d0 JavaThread "pool-429-thread-1"                 [_thread_blocked, id=29272, stack(0x00000080531d0000,0x00000080532d0000) (1024K)]
  0x0000008037754fb0 JavaThread "pool-432-thread-1"                 [_thread_blocked, id=22252, stack(0x00000080530d0000,0x00000080531d0000) (1024K)]
  0x0000008047cc71e0 JavaThread "pool-435-thread-1"                 [_thread_blocked, id=25496, stack(0x00000080532d0000,0x00000080533d0000) (1024K)]
  0x00000080390e8f30 JavaThread "pool-438-thread-1"                 [_thread_blocked, id=23540, stack(0x00000080533d0000,0x00000080534d0000) (1024K)]
  0x0000008034f714f0 JavaThread "pool-441-thread-1"                 [_thread_blocked, id=28084, stack(0x00000080534d0000,0x00000080535d0000) (1024K)]
  0x00000080506cd5d0 JavaThread "pool-444-thread-1"                 [_thread_blocked, id=23736, stack(0x00000080536d0000,0x00000080537d0000) (1024K)]
  0x0000008049919090 JavaThread "pool-447-thread-1"                 [_thread_blocked, id=29260, stack(0x00000080537d0000,0x00000080538d0000) (1024K)]
  0x000000804a31b710 JavaThread "pool-450-thread-1"                 [_thread_blocked, id=27708, stack(0x00000080535d0000,0x00000080536d0000) (1024K)]
  0x0000008049c9b060 JavaThread "pool-453-thread-1"                 [_thread_blocked, id=29140, stack(0x00000080539d0000,0x0000008053ad0000) (1024K)]
  0x000000803d49c8b0 JavaThread "pool-456-thread-1"                 [_thread_blocked, id=29192, stack(0x0000008053ad0000,0x0000008053bd0000) (1024K)]
  0x000000804a31de20 JavaThread "pool-459-thread-1"                 [_thread_blocked, id=29584, stack(0x00000080538d0000,0x00000080539d0000) (1024K)]
  0x0000008036de1fc0 JavaThread "pool-462-thread-1"                 [_thread_blocked, id=29632, stack(0x0000008053cd0000,0x0000008053dd0000) (1024K)]
  0x0000008038211fd0 JavaThread "pool-465-thread-1"                 [_thread_blocked, id=5280, stack(0x0000008053dd0000,0x0000008053ed0000) (1024K)]
  0x0000008049e795f0 JavaThread "pool-468-thread-1"                 [_thread_blocked, id=29164, stack(0x0000008053bd0000,0x0000008053cd0000) (1024K)]
  0x0000008049af50e0 JavaThread "pool-471-thread-1"                 [_thread_blocked, id=29516, stack(0x000000803ce10000,0x000000803cf10000) (1024K)]
  0x000000804b3a9260 JavaThread "pool-474-thread-1"                 [_thread_blocked, id=25324, stack(0x00000080540d0000,0x00000080541d0000) (1024K)]
  0x000000803d53a550 JavaThread "pool-477-thread-1"                 [_thread_blocked, id=29596, stack(0x0000008053fd0000,0x00000080540d0000) (1024K)]
  0x0000008032460d60 JavaThread "pool-480-thread-1"                 [_thread_blocked, id=30644, stack(0x00000080541d0000,0x00000080542d0000) (1024K)]
  0x0000008047cb27f0 JavaThread "pool-483-thread-1"                 [_thread_blocked, id=30028, stack(0x00000080543d0000,0x00000080544d0000) (1024K)]
  0x00000080481b2f00 JavaThread "pool-486-thread-1"                 [_thread_blocked, id=30512, stack(0x00000080544d0000,0x00000080545d0000) (1024K)]
  0x0000008048060c50 JavaThread "pool-489-thread-1"                 [_thread_blocked, id=29668, stack(0x00000080545d0000,0x00000080546d0000) (1024K)]
  0x00000080473b70b0 JavaThread "pool-492-thread-1"                 [_thread_blocked, id=30692, stack(0x00000080546d0000,0x00000080547d0000) (1024K)]
  0x000000804b60afa0 JavaThread "pool-495-thread-1"                 [_thread_blocked, id=20784, stack(0x00000080557a0000,0x00000080558a0000) (1024K)]
  0x00000080481b1f60 JavaThread "pool-498-thread-1"                 [_thread_blocked, id=12140, stack(0x00000080558a0000,0x00000080559a0000) (1024K)]
  0x000000803d61e010 JavaThread "pool-501-thread-1"                 [_thread_blocked, id=27412, stack(0x00000080559a0000,0x0000008055aa0000) (1024K)]
  0x000000803d39f240 JavaThread "pool-504-thread-1"                 [_thread_blocked, id=29744, stack(0x0000008055aa0000,0x0000008055ba0000) (1024K)]
  0x0000008049e18850 JavaThread "pool-507-thread-1"                 [_thread_blocked, id=29684, stack(0x0000008055ba0000,0x0000008055ca0000) (1024K)]
  0x000000803d3cc260 JavaThread "pool-510-thread-1"                 [_thread_blocked, id=22388, stack(0x0000008055ca0000,0x0000008055da0000) (1024K)]
  0x000000804a321fb0 JavaThread "pool-513-thread-1"                 [_thread_blocked, id=30204, stack(0x0000008055da0000,0x0000008055ea0000) (1024K)]
  0x000000804a31f590 JavaThread "pool-516-thread-1"                 [_thread_blocked, id=27916, stack(0x0000008055ea0000,0x0000008055fa0000) (1024K)]
  0x000000804ab7b760 JavaThread "pool-519-thread-1"                 [_thread_blocked, id=30168, stack(0x0000008055fa0000,0x00000080560a0000) (1024K)]
  0x000000803d580c30 JavaThread "pool-522-thread-1"                 [_thread_blocked, id=19876, stack(0x00000080560a0000,0x00000080561a0000) (1024K)]
  0x0000008049e85380 JavaThread "pool-525-thread-1"                 [_thread_blocked, id=30192, stack(0x00000080561a0000,0x00000080562a0000) (1024K)]
  0x00000080324b1fe0 JavaThread "pool-528-thread-1"                 [_thread_blocked, id=28656, stack(0x00000080565a0000,0x00000080566a0000) (1024K)]
  0x00000080481b0fc0 JavaThread "pool-531-thread-1"                 [_thread_blocked, id=27672, stack(0x00000080564a0000,0x00000080565a0000) (1024K)]
  0x0000008047372000 JavaThread "pool-534-thread-1"                 [_thread_blocked, id=26104, stack(0x00000080566a0000,0x00000080567a0000) (1024K)]
  0x000000804a68e310 JavaThread "pool-537-thread-1"                 [_thread_blocked, id=29356, stack(0x00000080567a0000,0x00000080568a0000) (1024K)]
  0x0000008049af7020 JavaThread "pool-540-thread-1"                 [_thread_blocked, id=28760, stack(0x00000080568a0000,0x00000080569a0000) (1024K)]
  0x00000080368b19d0 JavaThread "pool-543-thread-1"                 [_thread_blocked, id=29044, stack(0x00000080569a0000,0x0000008056aa0000) (1024K)]
  0x000000804a31e5f0 JavaThread "pool-546-thread-1"                 [_thread_blocked, id=20664, stack(0x0000008056aa0000,0x0000008056ba0000) (1024K)]
  0x000000803278b7d0 JavaThread "pool-549-thread-1"                 [_thread_blocked, id=22004, stack(0x0000008056ba0000,0x0000008056ca0000) (1024K)]
  0x00000080368b0260 JavaThread "pool-552-thread-1"                 [_thread_blocked, id=19544, stack(0x0000008056ca0000,0x0000008056da0000) (1024K)]
  0x000000804992ae20 JavaThread "pool-555-thread-1"                 [_thread_blocked, id=30044, stack(0x00000080562a0000,0x00000080563a0000) (1024K)]
  0x000000804a68cba0 JavaThread "pool-558-thread-1"                 [_thread_blocked, id=28968, stack(0x00000080563a0000,0x00000080564a0000) (1024K)]
  0x0000008050913040 JavaThread "pool-561-thread-1"                 [_thread_blocked, id=29420, stack(0x0000008056da0000,0x0000008056ea0000) (1024K)]
  0x0000008034f6f5b0 JavaThread "pool-564-thread-1"                 [_thread_blocked, id=29904, stack(0x0000008056fa0000,0x00000080570a0000) (1024K)]
  0x0000008049c9e710 JavaThread "pool-567-thread-1"                 [_thread_blocked, id=19080, stack(0x00000080570a0000,0x00000080571a0000) (1024K)]
  0x0000008050915750 JavaThread "pool-570-thread-1"                 [_thread_blocked, id=27536, stack(0x00000080571a0000,0x00000080572a0000) (1024K)]
  0x0000008047373770 JavaThread "pool-573-thread-1"                 [_thread_blocked, id=3092, stack(0x00000080572a0000,0x00000080573a0000) (1024K)]
  0x000000804ab80580 JavaThread "pool-576-thread-1"                 [_thread_blocked, id=29628, stack(0x00000080573a0000,0x00000080574a0000) (1024K)]
  0x000000803deb0410 JavaThread "pool-579-thread-1"                 [_thread_blocked, id=29412, stack(0x0000008056ea0000,0x0000008056fa0000) (1024K)]
  0x000000804b3853c0 JavaThread "pool-582-thread-1"                 [_thread_blocked, id=28832, stack(0x00000080574a0000,0x00000080575a0000) (1024K)]
  0x000000804a319fa0 JavaThread "pool-585-thread-1"                 [_thread_blocked, id=30064, stack(0x00000080575a0000,0x00000080576a0000) (1024K)]
  0x000000804a95e080 JavaThread "pool-588-thread-1"                 [_thread_blocked, id=21336, stack(0x00000080542d0000,0x00000080543d0000) (1024K)]
  0x000000803d8096f0 JavaThread "pool-591-thread-1"                 [_thread_blocked, id=23220, stack(0x00000080576a0000,0x00000080577a0000) (1024K)]
  0x0000008038b6b120 JavaThread "pool-594-thread-1"                 [_thread_blocked, id=27744, stack(0x00000080577a0000,0x00000080578a0000) (1024K)]
  0x0000008047373f40 JavaThread "pool-597-thread-1"                 [_thread_blocked, id=22316, stack(0x00000080578a0000,0x00000080579a0000) (1024K)]
  0x0000008048061bf0 JavaThread "pool-600-thread-1"                 [_thread_blocked, id=19116, stack(0x00000080579a0000,0x0000008057aa0000) (1024K)]
  0x00000080368afa90 JavaThread "pool-603-thread-1"                 [_thread_blocked, id=30056, stack(0x0000008053ed0000,0x0000008053fd0000) (1024K)]
  0x0000008038b672a0 JavaThread "pool-606-thread-1"                 [_thread_blocked, id=30436, stack(0x0000008057ba0000,0x0000008057ca0000) (1024K)]
  0x000000803dca86c0 JavaThread "pool-609-thread-1"                 [_thread_blocked, id=29372, stack(0x0000008057da0000,0x0000008057ea0000) (1024K)]
  0x000000804a726790 JavaThread "pool-612-thread-1"                 [_thread_blocked, id=29812, stack(0x0000008057ca0000,0x0000008057da0000) (1024K)]
  0x000000804a68db40 JavaThread "pool-615-thread-1"                 [_thread_blocked, id=29824, stack(0x0000008057ea0000,0x0000008057fa0000) (1024K)]
  0x00000080506c7fe0 JavaThread "pool-618-thread-1"                 [_thread_blocked, id=29196, stack(0x0000008057aa0000,0x0000008057ba0000) (1024K)]
  0x0000008050918e00 JavaThread "pool-621-thread-1"                 [_thread_blocked, id=31436, stack(0x0000008057fa0000,0x00000080580a0000) (1024K)]
  0x0000008049e78e20 JavaThread "pool-624-thread-1"                 [_thread_blocked, id=21780, stack(0x00000080580a0000,0x00000080581a0000) (1024K)]
  0x0000008039393fe0 JavaThread "pool-627-thread-1"                 [_thread_blocked, id=31644, stack(0x00000080583a0000,0x00000080584a0000) (1024K)]
  0x0000008037dd2d10 JavaThread "pool-630-thread-1"                 [_thread_blocked, id=29784, stack(0x00000080584a0000,0x00000080585a0000) (1024K)]
  0x000000804b52fc70 JavaThread "pool-633-thread-1"                 [_thread_blocked, id=30928, stack(0x00000080582a0000,0x00000080583a0000) (1024K)]
  0x0000008048126a80 JavaThread "pool-636-thread-1"                 [_thread_blocked, id=17104, stack(0x00000080585a0000,0x00000080586a0000) (1024K)]
  0x0000008054b9c830 JavaThread "pool-639-thread-1"                 [_thread_blocked, id=30508, stack(0x00000080586a0000,0x00000080587a0000) (1024K)]
  0x000000804b3882a0 JavaThread "pool-642-thread-1"                 [_thread_blocked, id=24792, stack(0x00000080581a0000,0x00000080582a0000) (1024K)]
  0x000000804a31bee0 JavaThread "pool-645-thread-1"                 [_thread_blocked, id=29736, stack(0x00000080587a0000,0x00000080588a0000) (1024K)]
  0x0000008038563820 JavaThread "pool-648-thread-1"                 [_thread_blocked, id=27928, stack(0x00000080588a0000,0x00000080589a0000) (1024K)]
  0x0000008050fd1ee0 JavaThread "pool-651-thread-1"                 [_thread_blocked, id=30752, stack(0x00000080589a0000,0x0000008058aa0000) (1024K)]
  0x000000804b4bafa0 JavaThread "pool-654-thread-1"                 [_thread_blocked, id=29996, stack(0x0000008058ba0000,0x0000008058ca0000) (1024K)]
  0x000000804a1ca310 JavaThread "pool-657-thread-1"                 [_thread_blocked, id=24272, stack(0x0000008058aa0000,0x0000008058ba0000) (1024K)]
  0x00000080509147b0 JavaThread "pool-660-thread-1"                 [_thread_blocked, id=29964, stack(0x0000008058da0000,0x0000008058ea0000) (1024K)]
  0x000000804727e360 JavaThread "pool-663-thread-1"                 [_thread_blocked, id=24380, stack(0x0000008058ca0000,0x0000008058da0000) (1024K)]
  0x0000008047628f00 JavaThread "pool-666-thread-1"                 [_thread_blocked, id=11584, stack(0x0000008058ea0000,0x0000008058fa0000) (1024K)]
  0x000000804b7aa020 JavaThread "pool-669-thread-1"                 [_thread_blocked, id=23908, stack(0x0000008058fa0000,0x00000080590a0000) (1024K)]
  0x000000804ad99b00 JavaThread "pool-672-thread-1"                 [_thread_blocked, id=30600, stack(0x00000080590a0000,0x00000080591a0000) (1024K)]
  0x000000803d5412b0 JavaThread "pool-675-thread-1"                 [_thread_blocked, id=31240, stack(0x00000080516d0000,0x00000080517d0000) (1024K)]
  0x0000008033dea720 JavaThread "pool-678-thread-1"                 [_thread_blocked, id=31276, stack(0x0000008046a00000,0x0000008046b00000) (1024K)]
  0x0000008038b643c0 JavaThread "pool-681-thread-1"                 [_thread_blocked, id=14776, stack(0x0000008046800000,0x0000008046900000) (1024K)]
  0x00000080392bc550 JavaThread "pool-684-thread-1"                 [_thread_blocked, id=31172, stack(0x0000008046c00000,0x0000008046d00000) (1024K)]
  0x000000804b389a10 JavaThread "pool-687-thread-1"                 [_thread_blocked, id=30556, stack(0x0000008046e00000,0x0000008046f00000) (1024K)]
  0x000000804b388a70 JavaThread "pool-690-thread-1"                 [_thread_blocked, id=32796, stack(0x0000008046500000,0x0000008046600000) (1024K)]
  0x000000804a1c6c60 JavaThread "pool-693-thread-1"                 [_thread_blocked, id=31400, stack(0x0000008046f00000,0x0000008047000000) (1024K)]
  0x0000008036de3730 JavaThread "pool-696-thread-1"                 [_thread_blocked, id=33532, stack(0x00000080592a0000,0x00000080593a0000) (1024K)]
  0x000000804b38a9b0 JavaThread "pool-699-thread-1"                 [_thread_blocked, id=33572, stack(0x00000080593a0000,0x00000080594a0000) (1024K)]
  0x00000080480ee7d0 JavaThread "pool-702-thread-1"                 [_thread_blocked, id=32468, stack(0x00000080594a0000,0x00000080595a0000) (1024K)]
  0x0000008036dde910 JavaThread "pool-705-thread-1"                 [_thread_blocked, id=29304, stack(0x00000080595a0000,0x00000080596a0000) (1024K)]
  0x0000008050fd1710 JavaThread "pool-708-thread-1"                 [_thread_blocked, id=33576, stack(0x00000080597a0000,0x00000080598a0000) (1024K)]
  0x000000804722cf30 JavaThread "pool-711-thread-1"                 [_thread_blocked, id=32212, stack(0x00000080598a0000,0x00000080599a0000) (1024K)]
  0x0000008049e7a590 JavaThread "pool-714-thread-1"                 [_thread_blocked, id=31444, stack(0x0000008059aa0000,0x0000008059ba0000) (1024K)]
  0x00000080368ad380 JavaThread "pool-717-thread-1"                 [_thread_blocked, id=30324, stack(0x0000008059ca0000,0x0000008059da0000) (1024K)]
  0x0000008037d01090 JavaThread "pool-720-thread-1"                 [_thread_blocked, id=28596, stack(0x0000008059ea0000,0x0000008059fa0000) (1024K)]
  0x00000080481b07f0 JavaThread "pool-723-thread-1"                 [_thread_blocked, id=32368, stack(0x000000805a0a0000,0x000000805a1a0000) (1024K)]
  0x0000008036de2f60 JavaThread "pool-726-thread-1"                 [_thread_blocked, id=31620, stack(0x000000805a2a0000,0x000000805a3a0000) (1024K)]
  0x00000080392b9e40 JavaThread "pool-729-thread-1"                 [_thread_blocked, id=19464, stack(0x000000805a3a0000,0x000000805a4a0000) (1024K)]
  0x00000080390f4f60 JavaThread "pool-732-thread-1"                 [_thread_blocked, id=33408, stack(0x000000805a4a0000,0x000000805a5a0000) (1024K)]
  0x0000008050917690 JavaThread "pool-735-thread-1"                 [_thread_blocked, id=7156, stack(0x000000805a5a0000,0x000000805a6a0000) (1024K)]
  0x00000080481b0020 JavaThread "pool-738-thread-1"                 [_thread_blocked, id=33536, stack(0x000000805a6a0000,0x000000805a7a0000) (1024K)]
  0x000000804a31ce80 JavaThread "pool-741-thread-1"                 [_thread_blocked, id=30748, stack(0x000000805a8a0000,0x000000805a9a0000) (1024K)]
  0x000000803d225a60 JavaThread "pool-744-thread-1"                 [_thread_blocked, id=32328, stack(0x000000805a9a0000,0x000000805aaa0000) (1024K)]
  0x0000008050e98380 JavaThread "pool-747-thread-1"                 [_thread_blocked, id=26488, stack(0x000000805aaa0000,0x000000805aba0000) (1024K)]
  0x0000008054ba25f0 JavaThread "pool-750-thread-1"                 [_thread_blocked, id=31452, stack(0x000000805aba0000,0x000000805aca0000) (1024K)]
  0x0000008050fd26b0 JavaThread "pool-753-thread-1"                 [_thread_blocked, id=30328, stack(0x000000805a7a0000,0x000000805a8a0000) (1024K)]
  0x0000008049b8a460 JavaThread "pool-756-thread-1"                 [_thread_blocked, id=33320, stack(0x000000805aca0000,0x000000805ada0000) (1024K)]
  0x0000008050fd3e20 JavaThread "pool-759-thread-1"                 [_thread_blocked, id=17820, stack(0x000000805ada0000,0x000000805aea0000) (1024K)]
  0x00000080481ae8b0 JavaThread "pool-762-thread-1"                 [_thread_blocked, id=33496, stack(0x000000805aea0000,0x000000805afa0000) (1024K)]
  0x0000008037c9bbc0 JavaThread "pool-765-thread-1"                 [_thread_blocked, id=33560, stack(0x000000805afa0000,0x000000805b0a0000) (1024K)]
  0x000000804a1c8ba0 JavaThread "pool-768-thread-1"                 [_thread_blocked, id=18280, stack(0x000000805a1a0000,0x000000805a2a0000) (1024K)]
  0x000000804a31a770 JavaThread "pool-771-thread-1"                 [_thread_blocked, id=32784, stack(0x000000805b0a0000,0x000000805b1a0000) (1024K)]
  0x0000008049ce7c80 JavaThread "pool-774-thread-1"                 [_thread_blocked, id=25932, stack(0x000000805b1a0000,0x000000805b2a0000) (1024K)]
  0x000000804996b0b0 JavaThread "pool-777-thread-1"                 [_thread_blocked, id=10740, stack(0x000000805b2a0000,0x000000805b3a0000) (1024K)]
  0x0000008036931da0 JavaThread "pool-780-thread-1"                 [_thread_blocked, id=24684, stack(0x000000805b3a0000,0x000000805b4a0000) (1024K)]
  0x000000803d540310 JavaThread "pool-783-thread-1"                 [_thread_blocked, id=23256, stack(0x000000805b5a0000,0x000000805b6a0000) (1024K)]
  0x000000804a5cb460 JavaThread "pool-786-thread-1"                 [_thread_blocked, id=25436, stack(0x000000805b4a0000,0x000000805b5a0000) (1024K)]
  0x0000008050fd45f0 JavaThread "pool-789-thread-1"                 [_thread_blocked, id=20904, stack(0x000000805b6a0000,0x000000805b7a0000) (1024K)]
  0x0000008050927780 JavaThread "pool-792-thread-1"                 [_thread_blocked, id=25520, stack(0x0000008059fa0000,0x000000805a0a0000) (1024K)]
  0x0000008054c101c0 JavaThread "pool-795-thread-1"                 [_thread_blocked, id=3384, stack(0x0000008059da0000,0x0000008059ea0000) (1024K)]
  0x000000804b38b180 JavaThread "pool-798-thread-1"                 [_thread_blocked, id=28288, stack(0x000000805b7a0000,0x000000805b8a0000) (1024K)]
  0x000000804af3d930 JavaThread "pool-801-thread-1"                 [_thread_blocked, id=31000, stack(0x000000805b8a0000,0x000000805b9a0000) (1024K)]
  0x0000008038b6d830 JavaThread "pool-804-thread-1"                 [_thread_blocked, id=30816, stack(0x000000805b9a0000,0x000000805baa0000) (1024K)]
  0x000000804a6213d0 JavaThread "pool-807-thread-1"                 [_thread_blocked, id=31512, stack(0x000000805baa0000,0x000000805bba0000) (1024K)]
  0x00000080476296d0 JavaThread "pool-810-thread-1"                 [_thread_blocked, id=33568, stack(0x000000805bca0000,0x000000805bda0000) (1024K)]
  0x0000008038c6a790 JavaThread "pool-813-thread-1"                 [_thread_blocked, id=31992, stack(0x000000805bda0000,0x000000805bea0000) (1024K)]
  0x000000804ab81520 JavaThread "pool-816-thread-1"                 [_thread_blocked, id=33188, stack(0x000000805bea0000,0x000000805bfa0000) (1024K)]
  0x000000805092c5a0 JavaThread "pool-819-thread-1"                 [_thread_blocked, id=33744, stack(0x0000008060100000,0x0000008060200000) (1024K)]
  0x000000804ab7af90 JavaThread "pool-822-thread-1"                 [_thread_blocked, id=20548, stack(0x0000008060200000,0x0000008060300000) (1024K)]
  0x0000008038b52a80 JavaThread "pool-825-thread-1"                 [_thread_blocked, id=33508, stack(0x0000008060000000,0x0000008060100000) (1024K)]
  0x000000804ad9b270 JavaThread "pool-828-thread-1"                 [_thread_blocked, id=11352, stack(0x0000008060400000,0x0000008060500000) (1024K)]
  0x0000008038b66300 JavaThread "pool-831-thread-1"                 [_thread_blocked, id=32824, stack(0x0000008060500000,0x0000008060600000) (1024K)]
  0x000000804b192530 JavaThread "pool-834-thread-1"                 [_thread_blocked, id=28916, stack(0x0000008060600000,0x0000008060700000) (1024K)]
  0x000000805125f060 JavaThread "pool-837-thread-1"                 [_thread_blocked, id=32408, stack(0x0000008060700000,0x0000008060800000) (1024K)]
  0x0000008038563050 JavaThread "pool-840-thread-1"                 [_thread_blocked, id=26280, stack(0x0000008060900000,0x0000008060a00000) (1024K)]
  0x000000804a700ef0 JavaThread "pool-843-thread-1"                 [_thread_blocked, id=30724, stack(0x0000008060b00000,0x0000008060c00000) (1024K)]
  0x000000804b52dd30 JavaThread "pool-846-thread-1"                 [_thread_blocked, id=33708, stack(0x0000008060c00000,0x0000008060d00000) (1024K)]
  0x000000804b1905f0 JavaThread "pool-849-thread-1"                 [_thread_blocked, id=30364, stack(0x0000008060d00000,0x0000008060e00000) (1024K)]
  0x000000804ac89680 JavaThread "pool-852-thread-1"                 [_thread_blocked, id=31532, stack(0x0000008060f00000,0x0000008061000000) (1024K)]
  0x000000804b3ab1a0 JavaThread "pool-855-thread-1"                 [_thread_blocked, id=23000, stack(0x0000008061000000,0x0000008061100000) (1024K)]
  0x00000080392ba610 JavaThread "pool-858-thread-1"                 [_thread_blocked, id=15628, stack(0x0000008061100000,0x0000008061200000) (1024K)]
  0x0000008051392ee0 JavaThread "pool-861-thread-1"                 [_thread_blocked, id=25984, stack(0x0000008061200000,0x0000008061300000) (1024K)]
  0x000000803deb2b20 JavaThread "pool-864-thread-1"                 [_thread_blocked, id=31092, stack(0x0000008061300000,0x0000008061400000) (1024K)]
  0x0000008049e73830 JavaThread "pool-867-thread-1"                 [_thread_blocked, id=32256, stack(0x0000008060e00000,0x0000008060f00000) (1024K)]
  0x0000008047cc6a10 JavaThread "pool-870-thread-1"                 [_thread_blocked, id=27344, stack(0x0000008061400000,0x0000008061500000) (1024K)]
  0x000000804b6725d0 JavaThread "pool-873-thread-1"                 [_thread_blocked, id=33020, stack(0x0000008061600000,0x0000008061700000) (1024K)]
  0x0000008047c49790 JavaThread "pool-876-thread-1"                 [_thread_blocked, id=32892, stack(0x0000008061500000,0x0000008061600000) (1024K)]
  0x000000803d67d9b0 JavaThread "pool-879-thread-1"                 [_thread_blocked, id=31228, stack(0x0000008061700000,0x0000008061800000) (1024K)]
  0x000000804a95d8b0 JavaThread "pool-882-thread-1"                 [_thread_blocked, id=33480, stack(0x0000008061800000,0x0000008061900000) (1024K)]
  0x0000008049d70e40 JavaThread "pool-885-thread-1"                 [_thread_blocked, id=31652, stack(0x0000008061900000,0x0000008061a00000) (1024K)]
  0x000000803d54cc60 JavaThread "pool-888-thread-1"                 [_thread_blocked, id=20216, stack(0x0000008061a00000,0x0000008061b00000) (1024K)]
  0x000000804b674ce0 JavaThread "pool-891-thread-1"                 [_thread_blocked, id=30756, stack(0x0000008060a00000,0x0000008060b00000) (1024K)]
  0x00000080392b9670 JavaThread "pool-894-thread-1"                 [_thread_blocked, id=24672, stack(0x0000008061b00000,0x0000008061c00000) (1024K)]
  0x0000008054b9fee0 JavaThread "pool-897-thread-1"                 [_thread_blocked, id=29152, stack(0x0000008061c00000,0x0000008061d00000) (1024K)]
  0x00000080510e8f80 JavaThread "pool-900-thread-1"                 [_thread_blocked, id=20324, stack(0x0000008061d00000,0x0000008061e00000) (1024K)]
  0x000000803831af40 JavaThread "pool-903-thread-1"                 [_thread_blocked, id=33340, stack(0x0000008061e00000,0x0000008061f00000) (1024K)]
  0x0000008050fd5590 JavaThread "pool-906-thread-1"                 [_thread_blocked, id=27200, stack(0x0000008061f00000,0x0000008062000000) (1024K)]
  0x0000008051262ee0 JavaThread "pool-909-thread-1"                 [_thread_blocked, id=17932, stack(0x0000008062000000,0x0000008062100000) (1024K)]
  0x0000008036f816c0 JavaThread "pool-912-thread-1"                 [_thread_blocked, id=4760, stack(0x0000008062200000,0x0000008062300000) (1024K)]
  0x00000080368a9500 JavaThread "pool-915-thread-1"                 [_thread_blocked, id=33148, stack(0x0000008062300000,0x0000008062400000) (1024K)]
  0x000000804a622b40 JavaThread "pool-918-thread-1"                 [_thread_blocked, id=25628, stack(0x0000008062400000,0x0000008062500000) (1024K)]
  0x0000008051262710 JavaThread "pool-921-thread-1"                 [_thread_blocked, id=27940, stack(0x0000008062500000,0x0000008062600000) (1024K)]
  0x00000080510e7fe0 JavaThread "pool-924-thread-1"                 [_thread_blocked, id=26580, stack(0x0000008062700000,0x0000008062800000) (1024K)]
  0x000000804722a050 JavaThread "pool-927-thread-1"                 [_thread_blocked, id=32244, stack(0x0000008062800000,0x0000008062900000) (1024K)]
  0x000000805119a830 JavaThread "pool-930-thread-1"                 [_thread_blocked, id=30100, stack(0x0000008062600000,0x0000008062700000) (1024K)]
  0x000000803d53fb40 JavaThread "pool-933-thread-1"                 [_thread_blocked, id=23488, stack(0x0000008062a00000,0x0000008062b00000) (1024K)]
  0x0000008049af2670 JavaThread "pool-936-thread-1"                 [_thread_blocked, id=32688, stack(0x0000008062b00000,0x0000008062c00000) (1024K)]
  0x0000008051263e80 JavaThread "pool-939-thread-1"                 [_thread_blocked, id=32180, stack(0x0000008062900000,0x0000008062a00000) (1024K)]
  0x0000008051390fa0 JavaThread "pool-942-thread-1"                 [_thread_blocked, id=15348, stack(0x0000008060800000,0x0000008060900000) (1024K)]
  0x0000008049e74000 JavaThread "pool-945-thread-1"                 [_thread_blocked, id=34332, stack(0x0000008062100000,0x0000008062200000) (1024K)]
  0x000000804b3a8a90 JavaThread "pool-948-thread-1"                 [_thread_blocked, id=31572, stack(0x00000080599a0000,0x0000008059aa0000) (1024K)]
  0x0000008054be0f90 JavaThread "included builds"                   [_thread_blocked, id=33944, stack(0x000000803c510000,0x000000803c610000) (1024K)]
  0x00000080511426f0 JavaThread "pool-951-thread-1"                 [_thread_blocked, id=34520, stack(0x0000008045700000,0x0000008045800000) (1024K)]
  0x00000080506c8f80 JavaThread "included builds"                   [_thread_blocked, id=35388, stack(0x000000803c110000,0x000000803c210000) (1024K)]
  0x0000008038b61cb0 JavaThread "pool-954-thread-1"                 [_thread_blocked, id=34896, stack(0x0000008045a00000,0x0000008045b00000) (1024K)]
  0x000000805092bdd0 JavaThread "included builds"                   [_thread_blocked, id=35564, stack(0x000000803c210000,0x000000803c310000) (1024K)]
  0x000000804ac830f0 JavaThread "pool-957-thread-1"                 [_thread_blocked, id=30936, stack(0x0000008045c00000,0x0000008045d00000) (1024K)]
  0x0000008050e55580 JavaThread "Handler for socket connection from /127.0.0.1:5888 to /127.0.0.1:11037"        [_thread_in_native, id=15092, stack(0x00000080005d0000,0x00000080006d0000) (1024K)]
  0x0000008050e53e10 JavaThread "Cancel handler"                    [_thread_blocked, id=32372, stack(0x00000080006d0000,0x00000080007d0000) (1024K)]
  0x00000080509267e0 JavaThread "Asynchronous log dispatcher for DefaultDaemonConnection: socket connection from /127.0.0.1:5888 to /127.0.0.1:11037"        [_thread_blocked, id=24008, stack(0x00000080007d0000,0x00000080008d0000) (1024K)]
  0x0000008050928720 JavaThread "Stdin handler"                     [_thread_blocked, id=26268, stack(0x00000080354a0000,0x00000080355a0000) (1024K)]
  0x0000008050926fb0 JavaThread "Daemon client event forwarder"        [_thread_blocked, id=31980, stack(0x00000080355a0000,0x00000080356a0000) (1024K)]
  0x0000008050925070 JavaThread "Cache worker for file hash cache (C:\projects\CodeQuest\codequest-mobile\android\.gradle\9.3.1\fileHashes)"        [_thread_blocked, id=8060, stack(0x00000080359a0000,0x0000008035aa0000) (1024K)]
  0x0000008050927f50 JavaThread "Cache worker for Build Output Cleanup Cache (C:\projects\CodeQuest\codequest-mobile\android\.gradle\buildOutputCleanup)"        [_thread_blocked, id=32928, stack(0x0000008035aa0000,0x0000008035ba0000) (1024K)]
  0x0000008050928ef0 JavaThread "Cache worker for checksums cache (C:\projects\CodeQuest\codequest-mobile\android\.gradle\9.3.1\checksums)"        [_thread_blocked, id=34904, stack(0x0000008039710000,0x0000008039810000) (1024K)]
  0x0000008050925840 JavaThread "Cache worker for cache directory md-supplier (C:\Users\sachintha\.gradle\caches\9.3.1\md-supplier)"        [_thread_blocked, id=35280, stack(0x0000008039810000,0x0000008039910000) (1024K)]
  0x00000080509296c0 JavaThread "Cache worker for cache directory md-rule (C:\Users\sachintha\.gradle\caches\9.3.1\md-rule)"        [_thread_blocked, id=25384, stack(0x0000008039910000,0x0000008039a10000) (1024K)]
  0x0000008050926010 JavaThread "Cache worker for Build Output Cleanup Cache (C:\flutter\flutter\packages\flutter_tools\gradle\.gradle\buildOutputCleanup)"        [_thread_blocked, id=33680, stack(0x000000803a010000,0x000000803a110000) (1024K)]
  0x0000008050929e90 JavaThread "Unconstrained build operations"        [_thread_blocked, id=31580, stack(0x000000803a110000,0x000000803a210000) (1024K)]
  0x000000805092b600 JavaThread "Unconstrained build operations Thread 2"        [_thread_blocked, id=28352, stack(0x000000803a810000,0x000000803a910000) (1024K)]
  0x0000008050e98b50 JavaThread "Unconstrained build operations Thread 3"        [_thread_blocked, id=1856, stack(0x000000803ac10000,0x000000803ad10000) (1024K)]
  0x0000008050e973e0 JavaThread "Unconstrained build operations Thread 4"        [_thread_blocked, id=6840, stack(0x000000803ad10000,0x000000803ae10000) (1024K)]
  0x0000008050e97bb0 JavaThread "Unconstrained build operations Thread 5"        [_thread_blocked, id=31828, stack(0x000000803ae10000,0x000000803af10000) (1024K)]
  0x0000008049d70670 JavaThread "Unconstrained build operations Thread 6"        [_thread_blocked, id=32428, stack(0x000000803af10000,0x000000803b010000) (1024K)]
  0x0000008049d71de0 JavaThread "Unconstrained build operations Thread 7"        [_thread_blocked, id=32108, stack(0x000000803b010000,0x000000803b110000) (1024K)]
  0x000000805119a060 JavaThread "Unconstrained build operations Thread 8"        [_thread_blocked, id=8396, stack(0x000000803b110000,0x000000803b210000) (1024K)]
  0x0000008054bdc170 JavaThread "Unconstrained build operations Thread 9"        [_thread_blocked, id=21356, stack(0x000000803b210000,0x000000803b310000) (1024K)]
  0x0000008054bdd110 JavaThread "Unconstrained build operations Thread 10"        [_thread_blocked, id=27660, stack(0x000000803b310000,0x000000803b410000) (1024K)]
  0x0000008054bde0b0 JavaThread "Unconstrained build operations Thread 11"        [_thread_blocked, id=32280, stack(0x000000803b410000,0x000000803b510000) (1024K)]
  0x0000008051143690 JavaThread "Unconstrained build operations Thread 12"        [_thread_blocked, id=34384, stack(0x000000803b510000,0x000000803b610000) (1024K)]
  0x0000008051141750 JavaThread "Unconstrained build operations Thread 13"        [_thread_blocked, id=34400, stack(0x000000803b610000,0x000000803b710000) (1024K)]
  0x0000008051141f20 JavaThread "Unconstrained build operations Thread 14"        [_thread_blocked, id=34180, stack(0x000000803b710000,0x000000803b810000) (1024K)]
  0x000000805113ffe0 JavaThread "Unconstrained build operations Thread 15"        [_thread_blocked, id=30020, stack(0x000000803b810000,0x000000803b910000) (1024K)]
  0x0000008051143e60 JavaThread "Unconstrained build operations Thread 16"        [_thread_blocked, id=31144, stack(0x000000803b910000,0x000000803ba10000) (1024K)]
  0x00000080511407b0 JavaThread "Unconstrained build operations Thread 17"        [_thread_blocked, id=32908, stack(0x000000803ba10000,0x000000803bb10000) (1024K)]
  0x0000008051142ec0 JavaThread "Unconstrained build operations Thread 18"        [_thread_blocked, id=31260, stack(0x000000803bb10000,0x000000803bc10000) (1024K)]
  0x0000008051140f80 JavaThread "Unconstrained build operations Thread 19"        [_thread_blocked, id=31964, stack(0x000000803bc10000,0x000000803bd10000) (1024K)]
  0x0000008051146570 JavaThread "Unconstrained build operations Thread 20"        [_thread_blocked, id=32376, stack(0x000000803bd10000,0x000000803be10000) (1024K)]
  0x0000008051144630 JavaThread "Unconstrained build operations Thread 21"        [_thread_blocked, id=35056, stack(0x000000803be10000,0x000000803bf10000) (1024K)]
  0x0000008051147510 JavaThread "Unconstrained build operations Thread 22"        [_thread_blocked, id=32924, stack(0x000000803bf10000,0x000000803c010000) (1024K)]
  0x0000008051146d40 JavaThread "build event listener"              [_thread_blocked, id=16072, stack(0x000000803c010000,0x000000803c110000) (1024K)]
  0x0000008051144e00 JavaThread "included builds"                   [_thread_blocked, id=33964, stack(0x000000803c310000,0x000000803c410000) (1024K)]
  0x0000008054bdb9a0 JavaThread "Execution worker"                  [_thread_blocked, id=30248, stack(0x000000803c410000,0x000000803c510000) (1024K)]
  0x0000008054be07c0 JavaThread "Execution worker Thread 2"         [_thread_blocked, id=34552, stack(0x000000803c610000,0x000000803c710000) (1024K)]
  0x0000008054be1f30 JavaThread "Execution worker Thread 3"         [_thread_blocked, id=34216, stack(0x000000803c710000,0x000000803c810000) (1024K)]
  0x0000008054be2ed0 JavaThread "Execution worker Thread 4"         [_thread_blocked, id=30280, stack(0x000000803c810000,0x000000803c910000) (1024K)]
  0x0000008054be2700 JavaThread "Execution worker Thread 5"         [_thread_blocked, id=33584, stack(0x000000803c910000,0x000000803ca10000) (1024K)]
  0x0000008054bdf820 JavaThread "Execution worker Thread 6"         [_thread_blocked, id=35264, stack(0x000000803ca10000,0x000000803cb10000) (1024K)]
  0x0000008054bdfff0 JavaThread "Execution worker Thread 7"         [_thread_blocked, id=35252, stack(0x000000803cb10000,0x000000803cc10000) (1024K)]
  0x0000008054be1760 JavaThread "Execution worker Thread 8"         [_thread_blocked, id=34156, stack(0x000000803cc10000,0x000000803cd10000) (1024K)]
  0x0000008038b578a0 JavaThread "Execution worker Thread 9"         [_thread_blocked, id=34460, stack(0x000000803cd10000,0x000000803ce10000) (1024K)]
  0x0000008038b541f0 JavaThread "Execution worker Thread 10"        [_thread_blocked, id=34264, stack(0x000000803dfe0000,0x000000803e0e0000) (1024K)]
  0x0000008038b5b720 JavaThread "Execution worker Thread 11"        [_thread_blocked, id=17080, stack(0x000000803e1e0000,0x000000803e2e0000) (1024K)]
  0x0000008050e58460 JavaThread "Cache worker for execution history cache (C:\flutter\flutter\packages\flutter_tools\gradle\.gradle\9.3.1\executionHistory)"        [_thread_blocked, id=7052, stack(0x000000803e2e0000,0x000000803e3e0000) (1024K)]
  0x0000008038b5fd70 JavaThread "Unconstrained build operations Thread 23"        [_thread_blocked, id=35680, stack(0x000000803e3e0000,0x000000803e4e0000) (1024K)]
  0x0000008038b60d10 JavaThread "Unconstrained build operations Thread 24"        [_thread_blocked, id=33700, stack(0x000000803e5e0000,0x000000803e6e0000) (1024K)]
  0x0000008038b614e0 JavaThread "Unconstrained build operations Thread 25"        [_thread_blocked, id=28420, stack(0x000000803e6e0000,0x000000803e7e0000) (1024K)]
  0x0000008038b68a10 JavaThread "Unconstrained build operations Thread 26"        [_thread_blocked, id=32700, stack(0x000000803e7e0000,0x000000803e8e0000) (1024K)]
  0x0000008038b65360 JavaThread "Unconstrained build operations Thread 27"        [_thread_blocked, id=35276, stack(0x000000803e8e0000,0x000000803e9e0000) (1024K)]
  0x0000008038b699b0 JavaThread "Unconstrained build operations Thread 28"        [_thread_blocked, id=21848, stack(0x000000803e9e0000,0x000000803eae0000) (1024K)]
  0x0000008038b6a950 JavaThread "Unconstrained build operations Thread 29"        [_thread_blocked, id=22300, stack(0x000000803eae0000,0x000000803ebe0000) (1024K)]
  0x0000008038b6a180 JavaThread "Unconstrained build operations Thread 30"        [_thread_blocked, id=35544, stack(0x000000803ebe0000,0x000000803ece0000) (1024K)]
  0x0000008038b6b8f0 JavaThread "Unconstrained build operations Thread 31"        [_thread_blocked, id=34004, stack(0x000000803ece0000,0x000000803ede0000) (1024K)]
  0x0000008038b6e7d0 JavaThread "Unconstrained build operations Thread 32"        [_thread_blocked, id=33872, stack(0x000000803ede0000,0x000000803eee0000) (1024K)]
  0x0000008038b6efa0 JavaThread "Unconstrained build operations Thread 33"        [_thread_blocked, id=32028, stack(0x000000803eee0000,0x000000803efe0000) (1024K)]
  0x0000008036ddc9d0 JavaThread "Unconstrained build operations Thread 34"        [_thread_blocked, id=32424, stack(0x0000008043000000,0x0000008043100000) (1024K)]
  0x0000008036ddb260 JavaThread "Unconstrained build operations Thread 35"        [_thread_blocked, id=35780, stack(0x0000008043100000,0x0000008043200000) (1024K)]
  0x0000008054c0f9f0 JavaThread "Unconstrained build operations Thread 36"        [_thread_blocked, id=34768, stack(0x0000008043200000,0x0000008043300000) (1024K)]
  0x0000008054c10990 JavaThread "Unconstrained build operations Thread 37"        [_thread_blocked, id=34388, stack(0x0000008043300000,0x0000008043400000) (1024K)]
  0x0000008047cacd80 JavaThread "Unconstrained build operations Thread 38"        [_thread_blocked, id=33920, stack(0x0000008043400000,0x0000008043500000) (1024K)]
  0x0000008047cadd20 JavaThread "Unconstrained build operations Thread 39"        [_thread_blocked, id=35708, stack(0x0000008043500000,0x0000008043600000) (1024K)]
  0x0000008047cad550 JavaThread "Unconstrained build operations Thread 40"        [_thread_blocked, id=22520, stack(0x0000008043600000,0x0000008043700000) (1024K)]
  0x000000804ac85800 JavaThread "Unconstrained build operations Thread 41"        [_thread_blocked, id=35828, stack(0x0000008043700000,0x0000008043800000) (1024K)]
  0x000000804ac87f10 JavaThread "Unconstrained build operations Thread 42"        [_thread_blocked, id=24232, stack(0x0000008043800000,0x0000008043900000) (1024K)]
  0x000000804b671630 JavaThread "Unconstrained build operations Thread 43"        [_thread_blocked, id=29836, stack(0x0000008043900000,0x0000008043a00000) (1024K)]
  0x000000804b671e00 JavaThread "Unconstrained build operations Thread 44"        [_thread_blocked, id=34432, stack(0x0000008043a00000,0x0000008043b00000) (1024K)]
  0x000000804a5c8580 JavaThread "Unconstrained build operations Thread 45"        [_thread_blocked, id=31944, stack(0x0000008043b00000,0x0000008043c00000) (1024K)]
  0x000000804a5c7db0 JavaThread "Unconstrained build operations Thread 46"        [_thread_blocked, id=28108, stack(0x0000008043c00000,0x0000008043d00000) (1024K)]
Total: 429

Other Threads:
=>0x000000802b1e5520 VMThread "VM Thread"                           [id=7852, stack(0x000000802d740000,0x000000802d840000) (1024K)]
  0x000000802b1d49e0 WatcherThread "VM Periodic Task Thread"        [id=3956, stack(0x000000802d640000,0x000000802d740000) (1024K)]
  0x0000008000b34e90 WorkerThread "GC Thread#0"                     [id=3172, stack(0x000000802af40000,0x000000802b040000) (1024K)]
  0x00000080334bbce0 WorkerThread "GC Thread#1"                     [id=28636, stack(0x0000008033fd0000,0x00000080340d0000) (1024K)]
  0x00000080334bc110 WorkerThread "GC Thread#2"                     [id=11984, stack(0x00000080340d0000,0x00000080341d0000) (1024K)]
  0x00000080333426d0 WorkerThread "GC Thread#3"                     [id=22832, stack(0x0000008035ba0000,0x0000008035ca0000) (1024K)]
  0x00000080333433c0 WorkerThread "GC Thread#4"                     [id=20400, stack(0x0000008035ca0000,0x0000008035da0000) (1024K)]
  0x0000008033341140 WorkerThread "GC Thread#5"                     [id=28392, stack(0x0000008035da0000,0x0000008035ea0000) (1024K)]
  0x0000008033342f70 WorkerThread "GC Thread#6"                     [id=27700, stack(0x0000008035ea0000,0x0000008035fa0000) (1024K)]
  0x0000008033343810 WorkerThread "GC Thread#7"                     [id=26872, stack(0x0000008035fa0000,0x00000080360a0000) (1024K)]
  0x00000080333440b0 WorkerThread "GC Thread#8"                     [id=22584, stack(0x00000080360a0000,0x00000080361a0000) (1024K)]
  0x0000008033342280 WorkerThread "GC Thread#9"                     [id=24340, stack(0x00000080361a0000,0x00000080362a0000) (1024K)]
  0x000000802b0502f0 ConcurrentGCThread "G1 Main Marker"            [id=23820, stack(0x000000802b240000,0x000000802b340000) (1024K)]
  0x000000802b051ea0 WorkerThread "G1 Conc#0"                       [id=27364, stack(0x000000802b340000,0x000000802b440000) (1024K)]
  0x0000008037580120 WorkerThread "G1 Conc#1"                       [id=28428, stack(0x0000008039610000,0x0000008039710000) (1024K)]
  0x0000008037583090 WorkerThread "G1 Conc#2"                       [id=6660, stack(0x00000080365a0000,0x00000080366a0000) (1024K)]
  0x000000802b09d3e0 ConcurrentGCThread "G1 Refine#0"               [id=22808, stack(0x000000802d440000,0x000000802d540000) (1024K)]
  0x000000802b09fe00 ConcurrentGCThread "G1 Service"                [id=22952, stack(0x000000802d540000,0x000000802d640000) (1024K)]
Total: 18

Threads with active compile tasks:
Total: 0

VM state: at safepoint (normal execution)

VM Mutex/Monitor currently owned by a thread:  ([mutex/lock_event])
[0x00007ffe8ca594a8] Threads_lock - owner thread: 0x000000802b1e5520
[0x00007ffe8ca59628] Heap_lock - owner thread: 0x0000008033df4e30

Heap address: 0x0000000600000000, size: 8192 MB, Compressed Oops mode: Zero based, Oop shift amount: 3

CDS archive(s) mapped at: [0x0000000021000000-0x0000000021dd0000-0x0000000021dd0000), size 14483456, SharedBaseAddress: 0x0000000021000000, ArchiveRelocationMode: 1.
Compressed class space mapped at: 0x0000000022000000-0x0000000062000000, reserved size: 1073741824
UseCompressedClassPointers 1, UseCompactObjectHeaders 0
Narrow klass pointer bits 32, Max shift 3
Narrow klass base: 0x0000000021000000, Narrow klass shift: 0
Encoding Range: [0x0000000021000000 - 0x0000000121000000), (4294967296 bytes)
Klass Range:    [0x0000000021010000 - 0x0000000062000000), (1090453504 bytes)
Klass ID Range:  [65536 - 1090519033) (1090453497)
Protection zone: [0x0000000021000000 - 0x0000000021010000), (65536 bytes)

GC Precious Log:
 CardTable entry size: 512
 Card Set container configuration: InlinePtr #cards 4 size 8 Array Of Cards #cards 32 size 80 Howl #buckets 8 coarsen threshold 7372 Howl Bitmap #cards 1024 size 144 coarsen threshold 921 Card regions per heap region 1 cards per card region 8192
 CPUs: 12 total, 12 available
 Memory: 7709M
 Large Page Support: Disabled
 NUMA Support: Disabled
 Compressed Oops: Enabled (Zero based)
 Heap Region Size: 4M
 Heap Min Capacity: 8M
 Heap Initial Capacity: 124M
 Heap Max Capacity: 8G
 Pre-touch: Disabled
 Parallel Workers: 10
 Concurrent Workers: 3
 Concurrent Refinement Workers: 10
 Periodic GC: Disabled

Heap:
 garbage-first heap   total reserved 8388608K, committed 2203648K, used 417000K [0x0000000600000000, 0x0000000800000000)
  region size 4096K, 10 young (40960K), 10 survivors (40960K)

Heap Regions: E=young(eden), S=young(survivor), O=old, HS=humongous(starts), HC=humongous(continues), CS=collection set, F=free, TAMS=top-at-mark-start, PB=parsable bottom
|   0|0x0000000600000000, 0x0000000600400000, 0x0000000600400000|100%|HS|  |TAMS 0x0000000600000000| PB 0x0000000600000000| Complete |  0
|   1|0x0000000600400000, 0x0000000600800000, 0x0000000600800000|100%| O|  |TAMS 0x0000000600400000| PB 0x0000000600400000| Untracked |  0
|   2|0x0000000600800000, 0x0000000600c00000, 0x0000000600c00000|100%| O|  |TAMS 0x0000000600800000| PB 0x0000000600800000| Untracked |  0
|   3|0x0000000600c00000, 0x0000000601000000, 0x0000000601000000|100%| O|  |TAMS 0x0000000600c00000| PB 0x0000000600c00000| Untracked |  0
|   4|0x0000000601000000, 0x0000000601400000, 0x0000000601400000|100%| O|  |TAMS 0x0000000601000000| PB 0x0000000601000000| Untracked |  0
|   5|0x0000000601400000, 0x0000000601800000, 0x0000000601800000|100%| O|  |TAMS 0x0000000601400000| PB 0x0000000601400000| Untracked |  0
|   6|0x0000000601800000, 0x0000000601c00000, 0x0000000601c00000|100%| O|  |TAMS 0x0000000601800000| PB 0x0000000601800000| Untracked |  0
|   7|0x0000000601c00000, 0x0000000602000000, 0x0000000602000000|100%| O|  |TAMS 0x0000000601c00000| PB 0x0000000601c00000| Untracked |  0
|   8|0x0000000602000000, 0x0000000602400000, 0x0000000602400000|100%| O|  |TAMS 0x0000000602000000| PB 0x0000000602000000| Untracked |  0
|   9|0x0000000602400000, 0x0000000602800000, 0x0000000602800000|100%| O|  |TAMS 0x0000000602400000| PB 0x0000000602400000| Untracked |  0
|  10|0x0000000602800000, 0x0000000602c00000, 0x0000000602c00000|100%| O|  |TAMS 0x0000000602800000| PB 0x0000000602800000| Untracked |  0
|  11|0x0000000602c00000, 0x0000000602c00000, 0x0000000603000000|  0%| F|  |TAMS 0x0000000602c00000| PB 0x0000000602c00000| Untracked |  0
|  12|0x0000000603000000, 0x0000000603400000, 0x0000000603400000|100%| O|  |TAMS 0x0000000603000000| PB 0x0000000603000000| Untracked |  0
|  13|0x0000000603400000, 0x0000000603800000, 0x0000000603800000|100%| O|  |TAMS 0x0000000603400000| PB 0x0000000603400000| Untracked |  0
|  14|0x0000000603800000, 0x0000000603c00000, 0x0000000603c00000|100%| O|Cm|TAMS 0x0000000603800000| PB 0x0000000603800000| Complete |  0
|  15|0x0000000603c00000, 0x0000000604000000, 0x0000000604000000|100%| O|  |TAMS 0x0000000603c00000| PB 0x0000000603c00000| Untracked |  0
|  16|0x0000000604000000, 0x0000000604400000, 0x0000000604400000|100%| O|  |TAMS 0x0000000604000000| PB 0x0000000604000000| Untracked |  0
|  17|0x0000000604400000, 0x0000000604800000, 0x0000000604800000|100%| O|  |TAMS 0x0000000604400000| PB 0x0000000604400000| Untracked |  0
|  18|0x0000000604800000, 0x0000000604c00000, 0x0000000604c00000|100%| O|  |TAMS 0x0000000604800000| PB 0x0000000604800000| Untracked |  0
|  19|0x0000000604c00000, 0x0000000605000000, 0x0000000605000000|100%| O|  |TAMS 0x0000000604c00000| PB 0x0000000604c00000| Untracked |  0
|  20|0x0000000605000000, 0x0000000605400000, 0x0000000605400000|100%| O|  |TAMS 0x0000000605000000| PB 0x0000000605000000| Untracked |  0
|  21|0x0000000605400000, 0x0000000605800000, 0x0000000605800000|100%| O|  |TAMS 0x0000000605400000| PB 0x0000000605400000| Untracked |  0
|  22|0x0000000605800000, 0x0000000605c00000, 0x0000000605c00000|100%| O|  |TAMS 0x0000000605800000| PB 0x0000000605800000| Untracked |  0
|  23|0x0000000605c00000, 0x0000000606000000, 0x0000000606000000|100%| O|  |TAMS 0x0000000605c00000| PB 0x0000000605c00000| Untracked |  0
|  24|0x0000000606000000, 0x0000000606400000, 0x0000000606400000|100%| O|  |TAMS 0x0000000606000000| PB 0x0000000606000000| Untracked |  0
|  25|0x0000000606400000, 0x0000000606800000, 0x0000000606800000|100%| O|  |TAMS 0x0000000606400000| PB 0x0000000606400000| Untracked |  0
|  26|0x0000000606800000, 0x0000000606c00000, 0x0000000606c00000|100%| O|  |TAMS 0x0000000606800000| PB 0x0000000606800000| Untracked |  0
|  27|0x0000000606c00000, 0x0000000606c00000, 0x0000000607000000|  0%| F|  |TAMS 0x0000000606c00000| PB 0x0000000606c00000| Untracked |  0
|  28|0x0000000607000000, 0x0000000607400000, 0x0000000607400000|100%| O|  |TAMS 0x0000000607000000| PB 0x0000000607000000| Untracked |  0
|  29|0x0000000607400000, 0x0000000607800000, 0x0000000607800000|100%| O|  |TAMS 0x0000000607400000| PB 0x0000000607400000| Untracked |  0
|  30|0x0000000607800000, 0x0000000607c00000, 0x0000000607c00000|100%| O|  |TAMS 0x0000000607800000| PB 0x0000000607800000| Untracked |  0
|  31|0x0000000607c00000, 0x0000000608000000, 0x0000000608000000|100%| O|  |TAMS 0x0000000607c00000| PB 0x0000000607c00000| Untracked |  0
|  32|0x0000000608000000, 0x0000000608400000, 0x0000000608400000|100%| O|Cm|TAMS 0x0000000608000000| PB 0x0000000608000000| Complete |  0
|  33|0x0000000608400000, 0x0000000608800000, 0x0000000608800000|100%| O|  |TAMS 0x0000000608400000| PB 0x0000000608400000| Untracked |  0
|  34|0x0000000608800000, 0x0000000608c00000, 0x0000000608c00000|100%| O|  |TAMS 0x0000000608800000| PB 0x0000000608800000| Untracked |  0
|  35|0x0000000608c00000, 0x0000000609000000, 0x0000000609000000|100%| O|Cm|TAMS 0x0000000608c00000| PB 0x0000000608c00000| Complete |  0
|  36|0x0000000609000000, 0x0000000609400000, 0x0000000609400000|100%| O|  |TAMS 0x0000000609000000| PB 0x0000000609000000| Untracked |  0
|  37|0x0000000609400000, 0x0000000609800000, 0x0000000609800000|100%| O|  |TAMS 0x0000000609400000| PB 0x0000000609400000| Untracked |  0
|  38|0x0000000609800000, 0x0000000609c00000, 0x0000000609c00000|100%| O|  |TAMS 0x0000000609800000| PB 0x0000000609800000| Untracked |  0
|  39|0x0000000609c00000, 0x000000060a000000, 0x000000060a000000|100%| O|Cm|TAMS 0x0000000609c00000| PB 0x0000000609c00000| Complete |  0
|  40|0x000000060a000000, 0x000000060a172870, 0x000000060a400000| 36%| O|  |TAMS 0x000000060a000000| PB 0x000000060a000000| Untracked |  0
|  41|0x000000060a400000, 0x000000060a400000, 0x000000060a800000|  0%| F|  |TAMS 0x000000060a400000| PB 0x000000060a400000| Untracked |  0
|  42|0x000000060a800000, 0x000000060a800000, 0x000000060ac00000|  0%| F|  |TAMS 0x000000060a800000| PB 0x000000060a800000| Untracked |  0
|  43|0x000000060ac00000, 0x000000060b000000, 0x000000060b000000|100%| O|  |TAMS 0x000000060ac00000| PB 0x000000060ac00000| Untracked |  0
|  44|0x000000060b000000, 0x000000060b000000, 0x000000060b400000|  0%| F|  |TAMS 0x000000060b000000| PB 0x000000060b000000| Untracked |  0
|  45|0x000000060b400000, 0x000000060b800000, 0x000000060b800000|100%| O|  |TAMS 0x000000060b400000| PB 0x000000060b400000| Untracked |  0
|  46|0x000000060b800000, 0x000000060bc00000, 0x000000060bc00000|100%| O|  |TAMS 0x000000060b800000| PB 0x000000060b800000| Untracked |  0
|  47|0x000000060bc00000, 0x000000060c000000, 0x000000060c000000|100%| O|  |TAMS 0x000000060bc00000| PB 0x000000060bc00000| Untracked |  0
|  48|0x000000060c000000, 0x000000060c000000, 0x000000060c400000|  0%| F|  |TAMS 0x000000060c000000| PB 0x000000060c000000| Untracked |  0
|  49|0x000000060c400000, 0x000000060c800000, 0x000000060c800000|100%| O|Cm|TAMS 0x000000060c400000| PB 0x000000060c400000| Complete |  0
|  50|0x000000060c800000, 0x000000060c800000, 0x000000060cc00000|  0%| F|  |TAMS 0x000000060c800000| PB 0x000000060c800000| Untracked |  0
|  51|0x000000060cc00000, 0x000000060d000000, 0x000000060d000000|100%| O|Cm|TAMS 0x000000060cc00000| PB 0x000000060cc00000| Complete |  0
|  52|0x000000060d000000, 0x000000060d000000, 0x000000060d400000|  0%| F|  |TAMS 0x000000060d000000| PB 0x000000060d000000| Untracked |  0
|  53|0x000000060d400000, 0x000000060d400000, 0x000000060d800000|  0%| F|  |TAMS 0x000000060d400000| PB 0x000000060d400000| Untracked |  0
|  54|0x000000060d800000, 0x000000060dc00000, 0x000000060dc00000|100%| O|  |TAMS 0x000000060d800000| PB 0x000000060d800000| Untracked |  0
|  55|0x000000060dc00000, 0x000000060e000000, 0x000000060e000000|100%| O|Cm|TAMS 0x000000060dc00000| PB 0x000000060dc00000| Complete |  0
|  56|0x000000060e000000, 0x000000060e000000, 0x000000060e400000|  0%| F|  |TAMS 0x000000060e000000| PB 0x000000060e000000| Untracked |  0
|  57|0x000000060e400000, 0x000000060e400000, 0x000000060e800000|  0%| F|  |TAMS 0x000000060e400000| PB 0x000000060e400000| Untracked |  0
|  58|0x000000060e800000, 0x000000060e800000, 0x000000060ec00000|  0%| F|  |TAMS 0x000000060e800000| PB 0x000000060e800000| Untracked |  0
|  59|0x000000060ec00000, 0x000000060ec00000, 0x000000060f000000|  0%| F|  |TAMS 0x000000060ec00000| PB 0x000000060ec00000| Untracked |  0
|  60|0x000000060f000000, 0x000000060f400000, 0x000000060f400000|100%| O|  |TAMS 0x000000060f000000| PB 0x000000060f000000| Untracked |  0
|  61|0x000000060f400000, 0x000000060f400000, 0x000000060f800000|  0%| F|  |TAMS 0x000000060f400000| PB 0x000000060f400000| Untracked |  0
|  62|0x000000060f800000, 0x000000060f800000, 0x000000060fc00000|  0%| F|  |TAMS 0x000000060f800000| PB 0x000000060f800000| Untracked |  0
|  63|0x000000060fc00000, 0x000000060fc00000, 0x0000000610000000|  0%| F|  |TAMS 0x000000060fc00000| PB 0x000000060fc00000| Untracked |  0
|  64|0x0000000610000000, 0x0000000610400000, 0x0000000610400000|100%| O|Cm|TAMS 0x0000000610000000| PB 0x0000000610000000| Complete |  0
|  65|0x0000000610400000, 0x0000000610400000, 0x0000000610800000|  0%| F|  |TAMS 0x0000000610400000| PB 0x0000000610400000| Untracked |  0
|  66|0x0000000610800000, 0x0000000610800000, 0x0000000610c00000|  0%| F|  |TAMS 0x0000000610800000| PB 0x0000000610800000| Untracked |  0
|  67|0x0000000610c00000, 0x0000000610c00000, 0x0000000611000000|  0%| F|  |TAMS 0x0000000610c00000| PB 0x0000000610c00000| Untracked |  0
|  68|0x0000000611000000, 0x0000000611000000, 0x0000000611400000|  0%| F|  |TAMS 0x0000000611000000| PB 0x0000000611000000| Untracked |  0
|  69|0x0000000611400000, 0x0000000611400000, 0x0000000611800000|  0%| F|  |TAMS 0x0000000611400000| PB 0x0000000611400000| Untracked |  0
|  70|0x0000000611800000, 0x0000000611800000, 0x0000000611c00000|  0%| F|  |TAMS 0x0000000611800000| PB 0x0000000611800000| Untracked |  0
|  71|0x0000000611c00000, 0x0000000611c00000, 0x0000000612000000|  0%| F|  |TAMS 0x0000000611c00000| PB 0x0000000611c00000| Untracked |  0
|  72|0x0000000612000000, 0x0000000612000000, 0x0000000612400000|  0%| F|  |TAMS 0x0000000612000000| PB 0x0000000612000000| Untracked |  0
|  73|0x0000000612400000, 0x0000000612400000, 0x0000000612800000|  0%| F|  |TAMS 0x0000000612400000| PB 0x0000000612400000| Untracked |  0
|  74|0x0000000612800000, 0x0000000612800000, 0x0000000612c00000|  0%| F|  |TAMS 0x0000000612800000| PB 0x0000000612800000| Untracked |  0
|  75|0x0000000612c00000, 0x0000000612c00000, 0x0000000613000000|  0%| F|  |TAMS 0x0000000612c00000| PB 0x0000000612c00000| Untracked |  0
|  76|0x0000000613000000, 0x0000000613000000, 0x0000000613400000|  0%| F|  |TAMS 0x0000000613000000| PB 0x0000000613000000| Untracked |  0
|  77|0x0000000613400000, 0x0000000613400000, 0x0000000613800000|  0%| F|  |TAMS 0x0000000613400000| PB 0x0000000613400000| Untracked |  0
|  78|0x0000000613800000, 0x0000000613800000, 0x0000000613c00000|  0%| F|  |TAMS 0x0000000613800000| PB 0x0000000613800000| Untracked |  0
|  79|0x0000000613c00000, 0x0000000614000000, 0x0000000614000000|100%| O|  |TAMS 0x0000000613c00000| PB 0x0000000613c00000| Untracked |  0
|  80|0x0000000614000000, 0x0000000614400000, 0x0000000614400000|100%| O|Cm|TAMS 0x0000000614000000| PB 0x0000000614000000| Complete |  0
|  81|0x0000000614400000, 0x0000000614800000, 0x0000000614800000|100%| O|Cm|TAMS 0x0000000614400000| PB 0x0000000614400000| Complete |  0
|  82|0x0000000614800000, 0x0000000614800000, 0x0000000614c00000|  0%| F|  |TAMS 0x0000000614800000| PB 0x0000000614800000| Untracked |  0
|  83|0x0000000614c00000, 0x0000000614c00000, 0x0000000615000000|  0%| F|  |TAMS 0x0000000614c00000| PB 0x0000000614c00000| Untracked |  0
|  84|0x0000000615000000, 0x0000000615000000, 0x0000000615400000|  0%| F|  |TAMS 0x0000000615000000| PB 0x0000000615000000| Untracked |  0
|  85|0x0000000615400000, 0x0000000615800000, 0x0000000615800000|100%| O|Cm|TAMS 0x0000000615400000| PB 0x0000000615400000| Complete |  0
|  86|0x0000000615800000, 0x0000000615c00000, 0x0000000615c00000|100%| O|Cm|TAMS 0x0000000615800000| PB 0x0000000615800000| Complete |  0
|  87|0x0000000615c00000, 0x0000000615c00000, 0x0000000616000000|  0%| F|  |TAMS 0x0000000615c00000| PB 0x0000000615c00000| Untracked |  0
|  88|0x0000000616000000, 0x0000000616000000, 0x0000000616400000|  0%| F|  |TAMS 0x0000000616000000| PB 0x0000000616000000| Untracked |  0
|  89|0x0000000616400000, 0x0000000616400000, 0x0000000616800000|  0%| F|  |TAMS 0x0000000616400000| PB 0x0000000616400000| Untracked |  0
|  90|0x0000000616800000, 0x0000000616800000, 0x0000000616c00000|  0%| F|  |TAMS 0x0000000616800000| PB 0x0000000616800000| Untracked |  0
|  91|0x0000000616c00000, 0x0000000616c00000, 0x0000000617000000|  0%| F|  |TAMS 0x0000000616c00000| PB 0x0000000616c00000| Untracked |  0
|  92|0x0000000617000000, 0x0000000617000000, 0x0000000617400000|  0%| F|  |TAMS 0x0000000617000000| PB 0x0000000617000000| Untracked |  0
|  93|0x0000000617400000, 0x0000000617800000, 0x0000000617800000|100%| O|Cm|TAMS 0x0000000617400000| PB 0x0000000617400000| Complete |  0
|  94|0x0000000617800000, 0x0000000617c00000, 0x0000000617c00000|100%| O|  |TAMS 0x0000000617800000| PB 0x0000000617800000| Untracked |  0
|  95|0x0000000617c00000, 0x0000000618000000, 0x0000000618000000|100%| O|  |TAMS 0x0000000617c00000| PB 0x0000000617c00000| Untracked |  0
|  96|0x0000000618000000, 0x0000000618400000, 0x0000000618400000|100%| O|  |TAMS 0x0000000618000000| PB 0x0000000618000000| Untracked |  0
|  97|0x0000000618400000, 0x0000000618800000, 0x0000000618800000|100%| O|  |TAMS 0x0000000618400000| PB 0x0000000618400000| Untracked |  0
|  98|0x0000000618800000, 0x0000000618c00000, 0x0000000618c00000|100%| O|  |TAMS 0x0000000618800000| PB 0x0000000618800000| Untracked |  0
|  99|0x0000000618c00000, 0x0000000619000000, 0x0000000619000000|100%| O|  |TAMS 0x0000000618c00000| PB 0x0000000618c00000| Untracked |  0
| 100|0x0000000619000000, 0x0000000619400000, 0x0000000619400000|100%| O|  |TAMS 0x0000000619000000| PB 0x0000000619000000| Untracked |  0
| 101|0x0000000619400000, 0x0000000619800000, 0x0000000619800000|100%| O|  |TAMS 0x0000000619400000| PB 0x0000000619400000| Untracked |  0
| 102|0x0000000619800000, 0x0000000619c00000, 0x0000000619c00000|100%| O|  |TAMS 0x0000000619800000| PB 0x0000000619800000| Untracked |  0
| 103|0x0000000619c00000, 0x0000000619c00000, 0x000000061a000000|  0%| F|  |TAMS 0x0000000619c00000| PB 0x0000000619c00000| Untracked |  0
| 104|0x000000061a000000, 0x000000061a400000, 0x000000061a400000|100%| O|  |TAMS 0x000000061a000000| PB 0x000000061a000000| Untracked |  0
| 105|0x000000061a400000, 0x000000061a800000, 0x000000061a800000|100%| O|Cm|TAMS 0x000000061a400000| PB 0x000000061a400000| Complete |  0
| 106|0x000000061a800000, 0x000000061a800000, 0x000000061ac00000|  0%| F|  |TAMS 0x000000061a800000| PB 0x000000061a800000| Untracked |  0
| 107|0x000000061ac00000, 0x000000061ac00000, 0x000000061b000000|  0%| F|  |TAMS 0x000000061ac00000| PB 0x000000061ac00000| Untracked |  0
| 108|0x000000061b000000, 0x000000061b000000, 0x000000061b400000|  0%| F|  |TAMS 0x000000061b000000| PB 0x000000061b000000| Untracked |  0
| 109|0x000000061b400000, 0x000000061b400000, 0x000000061b800000|  0%| F|  |TAMS 0x000000061b400000| PB 0x000000061b400000| Untracked |  0
| 110|0x000000061b800000, 0x000000061b800000, 0x000000061bc00000|  0%| F|  |TAMS 0x000000061b800000| PB 0x000000061b800000| Untracked |  0
| 111|0x000000061bc00000, 0x000000061bc00000, 0x000000061c000000|  0%| F|  |TAMS 0x000000061bc00000| PB 0x000000061bc00000| Untracked |  0
| 112|0x000000061c000000, 0x000000061c000000, 0x000000061c400000|  0%| F|  |TAMS 0x000000061c000000| PB 0x000000061c000000| Untracked |  0
| 113|0x000000061c400000, 0x000000061c400000, 0x000000061c800000|  0%| F|  |TAMS 0x000000061c400000| PB 0x000000061c400000| Untracked |  0
| 114|0x000000061c800000, 0x000000061cc00000, 0x000000061cc00000|100%| O|  |TAMS 0x000000061c800000| PB 0x000000061c800000| Untracked |  0
| 115|0x000000061cc00000, 0x000000061d000000, 0x000000061d000000|100%| O|  |TAMS 0x000000061cc00000| PB 0x000000061cc00000| Untracked |  0
| 116|0x000000061d000000, 0x000000061d400000, 0x000000061d400000|100%| O|  |TAMS 0x000000061d000000| PB 0x000000061d000000| Untracked |  0
| 117|0x000000061d400000, 0x000000061d800000, 0x000000061d800000|100%| O|  |TAMS 0x000000061d400000| PB 0x000000061d400000| Untracked |  0
| 118|0x000000061d800000, 0x000000061dc00000, 0x000000061dc00000|100%| O|  |TAMS 0x000000061d800000| PB 0x000000061d800000| Untracked |  0
| 119|0x000000061dc00000, 0x000000061e000000, 0x000000061e000000|100%| O|  |TAMS 0x000000061dc00000| PB 0x000000061dc00000| Untracked |  0
| 120|0x000000061e000000, 0x000000061e400000, 0x000000061e400000|100%| O|  |TAMS 0x000000061e000000| PB 0x000000061e000000| Untracked |  0
| 121|0x000000061e400000, 0x000000061e800000, 0x000000061e800000|100%| O|  |TAMS 0x000000061e400000| PB 0x000000061e400000| Untracked |  0
| 122|0x000000061e800000, 0x000000061ec00000, 0x000000061ec00000|100%| O|  |TAMS 0x000000061e800000| PB 0x000000061e800000| Untracked |  0
| 123|0x000000061ec00000, 0x000000061f000000, 0x000000061f000000|100%| O|  |TAMS 0x000000061ec00000| PB 0x000000061ec00000| Untracked |  0
| 124|0x000000061f000000, 0x000000061f400000, 0x000000061f400000|100%| O|Cm|TAMS 0x000000061f000000| PB 0x000000061f000000| Complete |  0
| 125|0x000000061f400000, 0x000000061f800000, 0x000000061f800000|100%| O|  |TAMS 0x000000061f400000| PB 0x000000061f400000| Untracked |  0
| 126|0x000000061f800000, 0x000000061fc00000, 0x000000061fc00000|100%| O|  |TAMS 0x000000061f800000| PB 0x000000061f800000| Untracked |  0
| 127|0x000000061fc00000, 0x000000061fdc7910, 0x0000000620000000| 44%| O|  |TAMS 0x000000061fc00000| PB 0x000000061fc00000| Untracked |  0
| 128|0x0000000620000000, 0x0000000620000000, 0x0000000620400000|  0%| F|  |TAMS 0x0000000620000000| PB 0x0000000620000000| Untracked |  0
| 129|0x0000000620400000, 0x0000000620400000, 0x0000000620800000|  0%| F|  |TAMS 0x0000000620400000| PB 0x0000000620400000| Untracked |  0
| 130|0x0000000620800000, 0x0000000620800000, 0x0000000620c00000|  0%| F|  |TAMS 0x0000000620800000| PB 0x0000000620800000| Untracked |  0
| 131|0x0000000620c00000, 0x0000000620c00000, 0x0000000621000000|  0%| F|  |TAMS 0x0000000620c00000| PB 0x0000000620c00000| Untracked |  0
| 132|0x0000000621000000, 0x0000000621000000, 0x0000000621400000|  0%| F|  |TAMS 0x0000000621000000| PB 0x0000000621000000| Untracked |  0
| 133|0x0000000621400000, 0x0000000621400000, 0x0000000621800000|  0%| F|  |TAMS 0x0000000621400000| PB 0x0000000621400000| Untracked |  0
| 134|0x0000000621800000, 0x0000000621800000, 0x0000000621c00000|  0%| F|  |TAMS 0x0000000621800000| PB 0x0000000621800000| Untracked |  0
| 135|0x0000000621c00000, 0x0000000621c00000, 0x0000000622000000|  0%| F|  |TAMS 0x0000000621c00000| PB 0x0000000621c00000| Untracked |  0
| 136|0x0000000622000000, 0x0000000622000000, 0x0000000622400000|  0%| F|  |TAMS 0x0000000622000000| PB 0x0000000622000000| Untracked |  0
| 137|0x0000000622400000, 0x0000000622400000, 0x0000000622800000|  0%| F|  |TAMS 0x0000000622400000| PB 0x0000000622400000| Untracked |  0
| 138|0x0000000622800000, 0x0000000622c00000, 0x0000000622c00000|100%| O|  |TAMS 0x0000000622800000| PB 0x0000000622800000| Untracked |  0
| 139|0x0000000622c00000, 0x0000000622c00000, 0x0000000623000000|  0%| F|  |TAMS 0x0000000622c00000| PB 0x0000000622c00000| Untracked |  0
| 140|0x0000000623000000, 0x0000000623000000, 0x0000000623400000|  0%| F|  |TAMS 0x0000000623000000| PB 0x0000000623000000| Untracked |  0
| 141|0x0000000623400000, 0x0000000623400000, 0x0000000623800000|  0%| F|  |TAMS 0x0000000623400000| PB 0x0000000623400000| Untracked |  0
| 142|0x0000000623800000, 0x0000000623800000, 0x0000000623c00000|  0%| F|  |TAMS 0x0000000623800000| PB 0x0000000623800000| Untracked |  0
| 143|0x0000000623c00000, 0x0000000623c00000, 0x0000000624000000|  0%| F|  |TAMS 0x0000000623c00000| PB 0x0000000623c00000| Untracked |  0
| 144|0x0000000624000000, 0x0000000624000000, 0x0000000624400000|  0%| F|  |TAMS 0x0000000624000000| PB 0x0000000624000000| Untracked |  0
| 145|0x0000000624400000, 0x0000000624400000, 0x0000000624800000|  0%| F|  |TAMS 0x0000000624400000| PB 0x0000000624400000| Untracked |  0
| 146|0x0000000624800000, 0x0000000624800000, 0x0000000624c00000|  0%| F|  |TAMS 0x0000000624800000| PB 0x0000000624800000| Untracked |  0
| 147|0x0000000624c00000, 0x0000000624c00000, 0x0000000625000000|  0%| F|  |TAMS 0x0000000624c00000| PB 0x0000000624c00000| Untracked |  0
| 148|0x0000000625000000, 0x0000000625000000, 0x0000000625400000|  0%| F|  |TAMS 0x0000000625000000| PB 0x0000000625000000| Untracked |  0
| 149|0x0000000625400000, 0x0000000625400000, 0x0000000625800000|  0%| F|  |TAMS 0x0000000625400000| PB 0x0000000625400000| Untracked |  0
| 150|0x0000000625800000, 0x0000000625800000, 0x0000000625c00000|  0%| F|  |TAMS 0x0000000625800000| PB 0x0000000625800000| Untracked |  0
| 151|0x0000000625c00000, 0x0000000625c00000, 0x0000000626000000|  0%| F|  |TAMS 0x0000000625c00000| PB 0x0000000625c00000| Untracked |  0
| 152|0x0000000626000000, 0x0000000626000000, 0x0000000626400000|  0%| F|  |TAMS 0x0000000626000000| PB 0x0000000626000000| Untracked |  0
| 153|0x0000000626400000, 0x0000000626400000, 0x0000000626800000|  0%| F|  |TAMS 0x0000000626400000| PB 0x0000000626400000| Untracked |  0
| 154|0x0000000626800000, 0x0000000626800000, 0x0000000626c00000|  0%| F|  |TAMS 0x0000000626800000| PB 0x0000000626800000| Untracked |  0
| 155|0x0000000626c00000, 0x0000000626c00000, 0x0000000627000000|  0%| F|  |TAMS 0x0000000626c00000| PB 0x0000000626c00000| Untracked |  0
| 156|0x0000000627000000, 0x0000000627000000, 0x0000000627400000|  0%| F|  |TAMS 0x0000000627000000| PB 0x0000000627000000| Untracked |  0
| 157|0x0000000627400000, 0x0000000627400000, 0x0000000627800000|  0%| F|  |TAMS 0x0000000627400000| PB 0x0000000627400000| Untracked |  0
| 158|0x0000000627800000, 0x0000000627c00000, 0x0000000627c00000|100%| O|  |TAMS 0x0000000627800000| PB 0x0000000627800000| Untracked |  0
| 159|0x0000000627c00000, 0x0000000627c00000, 0x0000000628000000|  0%| F|  |TAMS 0x0000000627c00000| PB 0x0000000627c00000| Untracked |  0
| 160|0x0000000628000000, 0x0000000628000000, 0x0000000628400000|  0%| F|  |TAMS 0x0000000628000000| PB 0x0000000628000000| Untracked |  0
| 161|0x0000000628400000, 0x0000000628400000, 0x0000000628800000|  0%| F|  |TAMS 0x0000000628400000| PB 0x0000000628400000| Untracked |  0
| 162|0x0000000628800000, 0x0000000628800000, 0x0000000628c00000|  0%| F|  |TAMS 0x0000000628800000| PB 0x0000000628800000| Untracked |  0
| 163|0x0000000628c00000, 0x0000000628c00000, 0x0000000629000000|  0%| F|  |TAMS 0x0000000628c00000| PB 0x0000000628c00000| Untracked |  0
| 164|0x0000000629000000, 0x0000000629000000, 0x0000000629400000|  0%| F|  |TAMS 0x0000000629000000| PB 0x0000000629000000| Untracked |  0
| 165|0x0000000629400000, 0x0000000629400000, 0x0000000629800000|  0%| F|  |TAMS 0x0000000629400000| PB 0x0000000629400000| Untracked |  0
| 166|0x0000000629800000, 0x0000000629800000, 0x0000000629c00000|  0%| F|  |TAMS 0x0000000629800000| PB 0x0000000629800000| Untracked |  0
| 167|0x0000000629c00000, 0x0000000629c00000, 0x000000062a000000|  0%| F|  |TAMS 0x0000000629c00000| PB 0x0000000629c00000| Untracked |  0
| 168|0x000000062a000000, 0x000000062a000000, 0x000000062a400000|  0%| F|  |TAMS 0x000000062a000000| PB 0x000000062a000000| Untracked |  0
| 169|0x000000062a400000, 0x000000062a400000, 0x000000062a800000|  0%| F|  |TAMS 0x000000062a400000| PB 0x000000062a400000| Untracked |  0
| 170|0x000000062a800000, 0x000000062a800000, 0x000000062ac00000|  0%| F|  |TAMS 0x000000062a800000| PB 0x000000062a800000| Untracked |  0
| 171|0x000000062ac00000, 0x000000062ac00000, 0x000000062b000000|  0%| F|  |TAMS 0x000000062ac00000| PB 0x000000062ac00000| Untracked |  0
| 172|0x000000062b000000, 0x000000062b000000, 0x000000062b400000|  0%| F|  |TAMS 0x000000062b000000| PB 0x000000062b000000| Untracked |  0
| 173|0x000000062b400000, 0x000000062b400000, 0x000000062b800000|  0%| F|  |TAMS 0x000000062b400000| PB 0x000000062b400000| Untracked |  0
| 174|0x000000062b800000, 0x000000062b800000, 0x000000062bc00000|  0%| F|  |TAMS 0x000000062b800000| PB 0x000000062b800000| Untracked |  0
| 175|0x000000062bc00000, 0x000000062bc00000, 0x000000062c000000|  0%| F|  |TAMS 0x000000062bc00000| PB 0x000000062bc00000| Untracked |  0
| 176|0x000000062c000000, 0x000000062c000000, 0x000000062c400000|  0%| F|  |TAMS 0x000000062c000000| PB 0x000000062c000000| Untracked |  0
| 177|0x000000062c400000, 0x000000062c800000, 0x000000062c800000|100%| O|Cm|TAMS 0x000000062c400000| PB 0x000000062c400000| Complete |  0
| 178|0x000000062c800000, 0x000000062c800000, 0x000000062cc00000|  0%| F|  |TAMS 0x000000062c800000| PB 0x000000062c800000| Untracked |  0
| 179|0x000000062cc00000, 0x000000062cc00000, 0x000000062d000000|  0%| F|  |TAMS 0x000000062cc00000| PB 0x000000062cc00000| Untracked |  0
| 180|0x000000062d000000, 0x000000062d000000, 0x000000062d400000|  0%| F|  |TAMS 0x000000062d000000| PB 0x000000062d000000| Untracked |  0
| 181|0x000000062d400000, 0x000000062d400000, 0x000000062d800000|  0%| F|  |TAMS 0x000000062d400000| PB 0x000000062d400000| Untracked |  0
| 182|0x000000062d800000, 0x000000062d800000, 0x000000062dc00000|  0%| F|  |TAMS 0x000000062d800000| PB 0x000000062d800000| Untracked |  0
| 183|0x000000062dc00000, 0x000000062dc00000, 0x000000062e000000|  0%| F|  |TAMS 0x000000062dc00000| PB 0x000000062dc00000| Untracked |  0
| 184|0x000000062e000000, 0x000000062e000000, 0x000000062e400000|  0%| F|  |TAMS 0x000000062e000000| PB 0x000000062e000000| Untracked |  0
| 185|0x000000062e400000, 0x000000062e400000, 0x000000062e800000|  0%| F|  |TAMS 0x000000062e400000| PB 0x000000062e400000| Untracked |  0
| 186|0x000000062e800000, 0x000000062e800000, 0x000000062ec00000|  0%| F|  |TAMS 0x000000062e800000| PB 0x000000062e800000| Untracked |  0
| 187|0x000000062ec00000, 0x000000062ec00000, 0x000000062f000000|  0%| F|  |TAMS 0x000000062ec00000| PB 0x000000062ec00000| Untracked |  0
| 188|0x000000062f000000, 0x000000062f000000, 0x000000062f400000|  0%| F|  |TAMS 0x000000062f000000| PB 0x000000062f000000| Untracked |  0
| 189|0x000000062f400000, 0x000000062f400000, 0x000000062f800000|  0%| F|  |TAMS 0x000000062f400000| PB 0x000000062f400000| Untracked |  0
| 190|0x000000062f800000, 0x000000062f800000, 0x000000062fc00000|  0%| F|  |TAMS 0x000000062f800000| PB 0x000000062f800000| Untracked |  0
| 191|0x000000062fc00000, 0x000000062fc00000, 0x0000000630000000|  0%| F|  |TAMS 0x000000062fc00000| PB 0x000000062fc00000| Untracked |  0
| 192|0x0000000630000000, 0x0000000630000000, 0x0000000630400000|  0%| F|  |TAMS 0x0000000630000000| PB 0x0000000630000000| Untracked |  0
| 193|0x0000000630400000, 0x0000000630400000, 0x0000000630800000|  0%| F|  |TAMS 0x0000000630400000| PB 0x0000000630400000| Untracked |  0
| 194|0x0000000630800000, 0x0000000630800000, 0x0000000630c00000|  0%| F|  |TAMS 0x0000000630800000| PB 0x0000000630800000| Untracked |  0
| 195|0x0000000630c00000, 0x0000000630c00000, 0x0000000631000000|  0%| F|  |TAMS 0x0000000630c00000| PB 0x0000000630c00000| Untracked |  0
| 196|0x0000000631000000, 0x0000000631000000, 0x0000000631400000|  0%| F|  |TAMS 0x0000000631000000| PB 0x0000000631000000| Untracked |  0
| 197|0x0000000631400000, 0x0000000631400000, 0x0000000631800000|  0%| F|  |TAMS 0x0000000631400000| PB 0x0000000631400000| Untracked |  0
| 198|0x0000000631800000, 0x0000000631800000, 0x0000000631c00000|  0%| F|  |TAMS 0x0000000631800000| PB 0x0000000631800000| Untracked |  0
| 199|0x0000000631c00000, 0x0000000631c00000, 0x0000000632000000|  0%| F|  |TAMS 0x0000000631c00000| PB 0x0000000631c00000| Untracked |  0
| 200|0x0000000632000000, 0x0000000632000000, 0x0000000632400000|  0%| F|  |TAMS 0x0000000632000000| PB 0x0000000632000000| Untracked |  0
| 201|0x0000000632400000, 0x0000000632400000, 0x0000000632800000|  0%| F|  |TAMS 0x0000000632400000| PB 0x0000000632400000| Untracked |  0
| 202|0x0000000632800000, 0x0000000632800000, 0x0000000632c00000|  0%| F|  |TAMS 0x0000000632800000| PB 0x0000000632800000| Untracked |  0
| 203|0x0000000632c00000, 0x0000000632c00000, 0x0000000633000000|  0%| F|  |TAMS 0x0000000632c00000| PB 0x0000000632c00000| Untracked |  0
| 204|0x0000000633000000, 0x0000000633000000, 0x0000000633400000|  0%| F|  |TAMS 0x0000000633000000| PB 0x0000000633000000| Untracked |  0
| 205|0x0000000633400000, 0x0000000633400000, 0x0000000633800000|  0%| F|  |TAMS 0x0000000633400000| PB 0x0000000633400000| Untracked |  0
| 206|0x0000000633800000, 0x0000000633800000, 0x0000000633c00000|  0%| F|  |TAMS 0x0000000633800000| PB 0x0000000633800000| Untracked |  0
| 207|0x0000000633c00000, 0x0000000633c00000, 0x0000000634000000|  0%| F|  |TAMS 0x0000000633c00000| PB 0x0000000633c00000| Untracked |  0
| 208|0x0000000634000000, 0x0000000634000000, 0x0000000634400000|  0%| F|  |TAMS 0x0000000634000000| PB 0x0000000634000000| Untracked |  0
| 209|0x0000000634400000, 0x0000000634400000, 0x0000000634800000|  0%| F|  |TAMS 0x0000000634400000| PB 0x0000000634400000| Untracked |  0
| 210|0x0000000634800000, 0x0000000634800000, 0x0000000634c00000|  0%| F|  |TAMS 0x0000000634800000| PB 0x0000000634800000| Untracked |  0
| 211|0x0000000634c00000, 0x0000000634c00000, 0x0000000635000000|  0%| F|  |TAMS 0x0000000634c00000| PB 0x0000000634c00000| Untracked |  0
| 212|0x0000000635000000, 0x0000000635000000, 0x0000000635400000|  0%| F|  |TAMS 0x0000000635000000| PB 0x0000000635000000| Untracked |  0
| 213|0x0000000635400000, 0x0000000635800000, 0x0000000635800000|100%| O|  |TAMS 0x0000000635400000| PB 0x0000000635400000| Untracked |  0
| 214|0x0000000635800000, 0x0000000635c00000, 0x0000000635c00000|100%| O|Cm|TAMS 0x0000000635800000| PB 0x0000000635800000| Complete |  0
| 215|0x0000000635c00000, 0x0000000635c00000, 0x0000000636000000|  0%| F|  |TAMS 0x0000000635c00000| PB 0x0000000635c00000| Untracked |  0
| 216|0x0000000636000000, 0x0000000636000000, 0x0000000636400000|  0%| F|  |TAMS 0x0000000636000000| PB 0x0000000636000000| Untracked |  0
| 217|0x0000000636400000, 0x0000000636400000, 0x0000000636800000|  0%| F|  |TAMS 0x0000000636400000| PB 0x0000000636400000| Untracked |  0
| 218|0x0000000636800000, 0x0000000636800000, 0x0000000636c00000|  0%| F|  |TAMS 0x0000000636800000| PB 0x0000000636800000| Untracked |  0
| 219|0x0000000636c00000, 0x0000000636c00000, 0x0000000637000000|  0%| F|  |TAMS 0x0000000636c00000| PB 0x0000000636c00000| Untracked |  0
| 220|0x0000000637000000, 0x0000000637000000, 0x0000000637400000|  0%| F|  |TAMS 0x0000000637000000| PB 0x0000000637000000| Untracked |  0
| 221|0x0000000637400000, 0x0000000637400000, 0x0000000637800000|  0%| F|  |TAMS 0x0000000637400000| PB 0x0000000637400000| Untracked |  0
| 222|0x0000000637800000, 0x0000000637800000, 0x0000000637c00000|  0%| F|  |TAMS 0x0000000637800000| PB 0x0000000637800000| Untracked |  0
| 223|0x0000000637c00000, 0x0000000637c00000, 0x0000000638000000|  0%| F|  |TAMS 0x0000000637c00000| PB 0x0000000637c00000| Untracked |  0
| 224|0x0000000638000000, 0x0000000638000000, 0x0000000638400000|  0%| F|  |TAMS 0x0000000638000000| PB 0x0000000638000000| Untracked |  0
| 225|0x0000000638400000, 0x0000000638400000, 0x0000000638800000|  0%| F|  |TAMS 0x0000000638400000| PB 0x0000000638400000| Untracked |  0
| 226|0x0000000638800000, 0x0000000638800000, 0x0000000638c00000|  0%| F|  |TAMS 0x0000000638800000| PB 0x0000000638800000| Untracked |  0
| 227|0x0000000638c00000, 0x0000000638c00000, 0x0000000639000000|  0%| F|  |TAMS 0x0000000638c00000| PB 0x0000000638c00000| Untracked |  0
| 228|0x0000000639000000, 0x0000000639000000, 0x0000000639400000|  0%| F|  |TAMS 0x0000000639000000| PB 0x0000000639000000| Untracked |  0
| 229|0x0000000639400000, 0x0000000639400000, 0x0000000639800000|  0%| F|  |TAMS 0x0000000639400000| PB 0x0000000639400000| Untracked |  0
| 230|0x0000000639800000, 0x0000000639800000, 0x0000000639c00000|  0%| F|  |TAMS 0x0000000639800000| PB 0x0000000639800000| Untracked |  0
| 231|0x0000000639c00000, 0x0000000639c00000, 0x000000063a000000|  0%| F|  |TAMS 0x0000000639c00000| PB 0x0000000639c00000| Untracked |  0
| 232|0x000000063a000000, 0x000000063a400000, 0x000000063a400000|100%| O|  |TAMS 0x000000063a000000| PB 0x000000063a000000| Untracked |  0
| 233|0x000000063a400000, 0x000000063a400000, 0x000000063a800000|  0%| F|  |TAMS 0x000000063a400000| PB 0x000000063a400000| Untracked |  0
| 234|0x000000063a800000, 0x000000063ac00000, 0x000000063ac00000|100%| O|Cm|TAMS 0x000000063a800000| PB 0x000000063a800000| Complete |  0
| 235|0x000000063ac00000, 0x000000063ac00000, 0x000000063b000000|  0%| F|  |TAMS 0x000000063ac00000| PB 0x000000063ac00000| Untracked |  0
| 236|0x000000063b000000, 0x000000063b000000, 0x000000063b400000|  0%| F|  |TAMS 0x000000063b000000| PB 0x000000063b000000| Untracked |  0
| 237|0x000000063b400000, 0x000000063b400000, 0x000000063b800000|  0%| F|  |TAMS 0x000000063b400000| PB 0x000000063b400000| Untracked |  0
| 238|0x000000063b800000, 0x000000063b800000, 0x000000063bc00000|  0%| F|  |TAMS 0x000000063b800000| PB 0x000000063b800000| Untracked |  0
| 239|0x000000063bc00000, 0x000000063bc00000, 0x000000063c000000|  0%| F|  |TAMS 0x000000063bc00000| PB 0x000000063bc00000| Untracked |  0
| 240|0x000000063c000000, 0x000000063c000000, 0x000000063c400000|  0%| F|  |TAMS 0x000000063c000000| PB 0x000000063c000000| Untracked |  0
| 241|0x000000063c400000, 0x000000063c400000, 0x000000063c800000|  0%| F|  |TAMS 0x000000063c400000| PB 0x000000063c400000| Untracked |  0
| 242|0x000000063c800000, 0x000000063c800000, 0x000000063cc00000|  0%| F|  |TAMS 0x000000063c800000| PB 0x000000063c800000| Untracked |  0
| 243|0x000000063cc00000, 0x000000063cc00000, 0x000000063d000000|  0%| F|  |TAMS 0x000000063cc00000| PB 0x000000063cc00000| Untracked |  0
| 244|0x000000063d000000, 0x000000063d000000, 0x000000063d400000|  0%| F|  |TAMS 0x000000063d000000| PB 0x000000063d000000| Untracked |  0
| 245|0x000000063d400000, 0x000000063d400000, 0x000000063d800000|  0%| F|  |TAMS 0x000000063d400000| PB 0x000000063d400000| Untracked |  0
| 246|0x000000063d800000, 0x000000063d800000, 0x000000063dc00000|  0%| F|  |TAMS 0x000000063d800000| PB 0x000000063d800000| Untracked |  0
| 247|0x000000063dc00000, 0x000000063dc00000, 0x000000063e000000|  0%| F|  |TAMS 0x000000063dc00000| PB 0x000000063dc00000| Untracked |  0
| 248|0x000000063e000000, 0x000000063e000000, 0x000000063e400000|  0%| F|  |TAMS 0x000000063e000000| PB 0x000000063e000000| Untracked |  0
| 249|0x000000063e400000, 0x000000063e400000, 0x000000063e800000|  0%| F|  |TAMS 0x000000063e400000| PB 0x000000063e400000| Untracked |  0
| 250|0x000000063e800000, 0x000000063ec00000, 0x000000063ec00000|100%| O|  |TAMS 0x000000063e800000| PB 0x000000063e800000| Untracked |  0
| 251|0x000000063ec00000, 0x000000063ec00000, 0x000000063f000000|  0%| F|  |TAMS 0x000000063ec00000| PB 0x000000063ec00000| Untracked |  0
| 252|0x000000063f000000, 0x000000063f000000, 0x000000063f400000|  0%| F|  |TAMS 0x000000063f000000| PB 0x000000063f000000| Untracked |  0
| 253|0x000000063f400000, 0x000000063f800000, 0x000000063f800000|100%| O|Cm|TAMS 0x000000063f400000| PB 0x000000063f400000| Complete |  0
| 254|0x000000063f800000, 0x000000063f800000, 0x000000063fc00000|  0%| F|  |TAMS 0x000000063f800000| PB 0x000000063f800000| Untracked |  0
| 255|0x000000063fc00000, 0x0000000640000000, 0x0000000640000000|100%| O|Cm|TAMS 0x000000063fc00000| PB 0x000000063fc00000| Complete |  0
| 256|0x0000000640000000, 0x0000000640000000, 0x0000000640400000|  0%| F|  |TAMS 0x0000000640000000| PB 0x0000000640000000| Untracked |  0
| 257|0x0000000640400000, 0x0000000640400000, 0x0000000640800000|  0%| F|  |TAMS 0x0000000640400000| PB 0x0000000640400000| Untracked |  0
| 258|0x0000000640800000, 0x0000000640800000, 0x0000000640c00000|  0%| F|  |TAMS 0x0000000640800000| PB 0x0000000640800000| Untracked |  0
| 259|0x0000000640c00000, 0x0000000640c00000, 0x0000000641000000|  0%| F|  |TAMS 0x0000000640c00000| PB 0x0000000640c00000| Untracked |  0
| 260|0x0000000641000000, 0x0000000641000000, 0x0000000641400000|  0%| F|  |TAMS 0x0000000641000000| PB 0x0000000641000000| Untracked |  0
| 261|0x0000000641400000, 0x0000000641800000, 0x0000000641800000|100%| S|CS|TAMS 0x0000000641400000| PB 0x0000000641400000| Complete |  0
| 262|0x0000000641800000, 0x0000000641c00000, 0x0000000641c00000|100%| S|CS|TAMS 0x0000000641800000| PB 0x0000000641800000| Complete |  0
| 263|0x0000000641c00000, 0x0000000642000000, 0x0000000642000000|100%| S|CS|TAMS 0x0000000641c00000| PB 0x0000000641c00000| Complete |  0
| 264|0x0000000642000000, 0x0000000642400000, 0x0000000642400000|100%| S|CS|TAMS 0x0000000642000000| PB 0x0000000642000000| Complete |  0
| 265|0x0000000642400000, 0x0000000642800000, 0x0000000642800000|100%| S|CS|TAMS 0x0000000642400000| PB 0x0000000642400000| Complete |  0
| 266|0x0000000642800000, 0x0000000642c00000, 0x0000000642c00000|100%| S|CS|TAMS 0x0000000642800000| PB 0x0000000642800000| Complete |  0
| 267|0x0000000642c00000, 0x0000000643000000, 0x0000000643000000|100%| S|CS|TAMS 0x0000000642c00000| PB 0x0000000642c00000| Complete |  0
| 268|0x0000000643000000, 0x0000000643400000, 0x0000000643400000|100%| S|CS|TAMS 0x0000000643000000| PB 0x0000000643000000| Complete |  0
| 269|0x0000000643400000, 0x0000000643800000, 0x0000000643800000|100%| S|CS|TAMS 0x0000000643400000| PB 0x0000000643400000| Complete |  0
| 270|0x0000000643800000, 0x0000000643c00000, 0x0000000643c00000|100%| S|CS|TAMS 0x0000000643800000| PB 0x0000000643800000| Complete |  0
| 271|0x0000000643c00000, 0x0000000643c00000, 0x0000000644000000|  0%| F|  |TAMS 0x0000000643c00000| PB 0x0000000643c00000| Untracked |  0
| 272|0x0000000644000000, 0x0000000644000000, 0x0000000644400000|  0%| F|  |TAMS 0x0000000644000000| PB 0x0000000644000000| Untracked |  0
| 273|0x0000000644400000, 0x0000000644400000, 0x0000000644800000|  0%| F|  |TAMS 0x0000000644400000| PB 0x0000000644400000| Untracked |  0
| 274|0x0000000644800000, 0x0000000644800000, 0x0000000644c00000|  0%| F|  |TAMS 0x0000000644800000| PB 0x0000000644800000| Untracked |  0
| 275|0x0000000644c00000, 0x0000000644c00000, 0x0000000645000000|  0%| F|  |TAMS 0x0000000644c00000| PB 0x0000000644c00000| Untracked |  0
| 276|0x0000000645000000, 0x0000000645000000, 0x0000000645400000|  0%| F|  |TAMS 0x0000000645000000| PB 0x0000000645000000| Untracked |  0
| 277|0x0000000645400000, 0x0000000645400000, 0x0000000645800000|  0%| F|  |TAMS 0x0000000645400000| PB 0x0000000645400000| Untracked |  0
| 278|0x0000000645800000, 0x0000000645800000, 0x0000000645c00000|  0%| F|  |TAMS 0x0000000645800000| PB 0x0000000645800000| Untracked |  0
| 279|0x0000000645c00000, 0x0000000645c00000, 0x0000000646000000|  0%| F|  |TAMS 0x0000000645c00000| PB 0x0000000645c00000| Untracked |  0
| 280|0x0000000646000000, 0x0000000646000000, 0x0000000646400000|  0%| F|  |TAMS 0x0000000646000000| PB 0x0000000646000000| Untracked |  0
| 281|0x0000000646400000, 0x0000000646400000, 0x0000000646800000|  0%| F|  |TAMS 0x0000000646400000| PB 0x0000000646400000| Untracked |  0
| 282|0x0000000646800000, 0x0000000646800000, 0x0000000646c00000|  0%| F|  |TAMS 0x0000000646800000| PB 0x0000000646800000| Untracked |  0
| 283|0x0000000646c00000, 0x0000000646c00000, 0x0000000647000000|  0%| F|  |TAMS 0x0000000646c00000| PB 0x0000000646c00000| Untracked |  0
| 284|0x0000000647000000, 0x0000000647000000, 0x0000000647400000|  0%| F|  |TAMS 0x0000000647000000| PB 0x0000000647000000| Untracked |  0
| 285|0x0000000647400000, 0x0000000647400000, 0x0000000647800000|  0%| F|  |TAMS 0x0000000647400000| PB 0x0000000647400000| Untracked |  0
| 286|0x0000000647800000, 0x0000000647800000, 0x0000000647c00000|  0%| F|  |TAMS 0x0000000647800000| PB 0x0000000647800000| Untracked |  0
| 287|0x0000000647c00000, 0x0000000647c00000, 0x0000000648000000|  0%| F|  |TAMS 0x0000000647c00000| PB 0x0000000647c00000| Untracked |  0
| 288|0x0000000648000000, 0x0000000648000000, 0x0000000648400000|  0%| F|  |TAMS 0x0000000648000000| PB 0x0000000648000000| Untracked |  0
| 289|0x0000000648400000, 0x0000000648400000, 0x0000000648800000|  0%| F|  |TAMS 0x0000000648400000| PB 0x0000000648400000| Untracked |  0
| 290|0x0000000648800000, 0x0000000648800000, 0x0000000648c00000|  0%| F|  |TAMS 0x0000000648800000| PB 0x0000000648800000| Untracked |  0
| 291|0x0000000648c00000, 0x0000000648c00000, 0x0000000649000000|  0%| F|  |TAMS 0x0000000648c00000| PB 0x0000000648c00000| Untracked |  0
| 292|0x0000000649000000, 0x0000000649000000, 0x0000000649400000|  0%| F|  |TAMS 0x0000000649000000| PB 0x0000000649000000| Untracked |  0
| 293|0x0000000649400000, 0x0000000649400000, 0x0000000649800000|  0%| F|  |TAMS 0x0000000649400000| PB 0x0000000649400000| Untracked |  0
| 294|0x0000000649800000, 0x0000000649800000, 0x0000000649c00000|  0%| F|  |TAMS 0x0000000649800000| PB 0x0000000649800000| Untracked |  0
| 295|0x0000000649c00000, 0x0000000649c00000, 0x000000064a000000|  0%| F|  |TAMS 0x0000000649c00000| PB 0x0000000649c00000| Untracked |  0
| 296|0x000000064a000000, 0x000000064a000000, 0x000000064a400000|  0%| F|  |TAMS 0x000000064a000000| PB 0x000000064a000000| Untracked |  0
| 297|0x000000064a400000, 0x000000064a400000, 0x000000064a800000|  0%| F|  |TAMS 0x000000064a400000| PB 0x000000064a400000| Untracked |  0
| 298|0x000000064a800000, 0x000000064a800000, 0x000000064ac00000|  0%| F|  |TAMS 0x000000064a800000| PB 0x000000064a800000| Untracked |  0
| 299|0x000000064ac00000, 0x000000064ac00000, 0x000000064b000000|  0%| F|  |TAMS 0x000000064ac00000| PB 0x000000064ac00000| Untracked |  0
| 300|0x000000064b000000, 0x000000064b000000, 0x000000064b400000|  0%| F|  |TAMS 0x000000064b000000| PB 0x000000064b000000| Untracked |  0
| 301|0x000000064b400000, 0x000000064b400000, 0x000000064b800000|  0%| F|  |TAMS 0x000000064b400000| PB 0x000000064b400000| Untracked |  0
| 302|0x000000064b800000, 0x000000064b800000, 0x000000064bc00000|  0%| F|  |TAMS 0x000000064b800000| PB 0x000000064b800000| Untracked |  0
| 303|0x000000064bc00000, 0x000000064bc00000, 0x000000064c000000|  0%| F|  |TAMS 0x000000064bc00000| PB 0x000000064bc00000| Untracked |  0
| 304|0x000000064c000000, 0x000000064c000000, 0x000000064c400000|  0%| F|  |TAMS 0x000000064c000000| PB 0x000000064c000000| Untracked |  0
| 305|0x000000064c400000, 0x000000064c400000, 0x000000064c800000|  0%| F|  |TAMS 0x000000064c400000| PB 0x000000064c400000| Untracked |  0
| 306|0x000000064c800000, 0x000000064c800000, 0x000000064cc00000|  0%| F|  |TAMS 0x000000064c800000| PB 0x000000064c800000| Untracked |  0
| 307|0x000000064cc00000, 0x000000064cc00000, 0x000000064d000000|  0%| F|  |TAMS 0x000000064cc00000| PB 0x000000064cc00000| Untracked |  0
| 308|0x000000064d000000, 0x000000064d000000, 0x000000064d400000|  0%| F|  |TAMS 0x000000064d000000| PB 0x000000064d000000| Untracked |  0
| 309|0x000000064d400000, 0x000000064d400000, 0x000000064d800000|  0%| F|  |TAMS 0x000000064d400000| PB 0x000000064d400000| Untracked |  0
| 310|0x000000064d800000, 0x000000064d800000, 0x000000064dc00000|  0%| F|  |TAMS 0x000000064d800000| PB 0x000000064d800000| Untracked |  0
| 311|0x000000064dc00000, 0x000000064dc00000, 0x000000064e000000|  0%| F|  |TAMS 0x000000064dc00000| PB 0x000000064dc00000| Untracked |  0
| 312|0x000000064e000000, 0x000000064e000000, 0x000000064e400000|  0%| F|  |TAMS 0x000000064e000000| PB 0x000000064e000000| Untracked |  0
| 313|0x000000064e400000, 0x000000064e400000, 0x000000064e800000|  0%| F|  |TAMS 0x000000064e400000| PB 0x000000064e400000| Untracked |  0
| 314|0x000000064e800000, 0x000000064e800000, 0x000000064ec00000|  0%| F|  |TAMS 0x000000064e800000| PB 0x000000064e800000| Untracked |  0
| 315|0x000000064ec00000, 0x000000064ec00000, 0x000000064f000000|  0%| F|  |TAMS 0x000000064ec00000| PB 0x000000064ec00000| Untracked |  0
| 316|0x000000064f000000, 0x000000064f000000, 0x000000064f400000|  0%| F|  |TAMS 0x000000064f000000| PB 0x000000064f000000| Untracked |  0
| 317|0x000000064f400000, 0x000000064f400000, 0x000000064f800000|  0%| F|  |TAMS 0x000000064f400000| PB 0x000000064f400000| Untracked |  0
| 318|0x000000064f800000, 0x000000064f800000, 0x000000064fc00000|  0%| F|  |TAMS 0x000000064f800000| PB 0x000000064f800000| Untracked |  0
| 319|0x000000064fc00000, 0x000000064fc00000, 0x0000000650000000|  0%| F|  |TAMS 0x000000064fc00000| PB 0x000000064fc00000| Untracked |  0
| 320|0x0000000650000000, 0x0000000650000000, 0x0000000650400000|  0%| F|  |TAMS 0x0000000650000000| PB 0x0000000650000000| Untracked |  0
| 321|0x0000000650400000, 0x0000000650400000, 0x0000000650800000|  0%| F|  |TAMS 0x0000000650400000| PB 0x0000000650400000| Untracked |  0
| 322|0x0000000650800000, 0x0000000650800000, 0x0000000650c00000|  0%| F|  |TAMS 0x0000000650800000| PB 0x0000000650800000| Untracked |  0
| 323|0x0000000650c00000, 0x0000000650c00000, 0x0000000651000000|  0%| F|  |TAMS 0x0000000650c00000| PB 0x0000000650c00000| Untracked |  0
| 324|0x0000000651000000, 0x0000000651000000, 0x0000000651400000|  0%| F|  |TAMS 0x0000000651000000| PB 0x0000000651000000| Untracked |  0
| 325|0x0000000651400000, 0x0000000651400000, 0x0000000651800000|  0%| F|  |TAMS 0x0000000651400000| PB 0x0000000651400000| Untracked |  0
| 326|0x0000000651800000, 0x0000000651800000, 0x0000000651c00000|  0%| F|  |TAMS 0x0000000651800000| PB 0x0000000651800000| Untracked |  0
| 327|0x0000000651c00000, 0x0000000651c00000, 0x0000000652000000|  0%| F|  |TAMS 0x0000000651c00000| PB 0x0000000651c00000| Untracked |  0
| 328|0x0000000652000000, 0x0000000652000000, 0x0000000652400000|  0%| F|  |TAMS 0x0000000652000000| PB 0x0000000652000000| Untracked |  0
| 329|0x0000000652400000, 0x0000000652400000, 0x0000000652800000|  0%| F|  |TAMS 0x0000000652400000| PB 0x0000000652400000| Untracked |  0
| 330|0x0000000652800000, 0x0000000652800000, 0x0000000652c00000|  0%| F|  |TAMS 0x0000000652800000| PB 0x0000000652800000| Untracked |  0
| 331|0x0000000652c00000, 0x0000000652c00000, 0x0000000653000000|  0%| F|  |TAMS 0x0000000652c00000| PB 0x0000000652c00000| Untracked |  0
| 332|0x0000000653000000, 0x0000000653000000, 0x0000000653400000|  0%| F|  |TAMS 0x0000000653000000| PB 0x0000000653000000| Untracked |  0
| 333|0x0000000653400000, 0x0000000653400000, 0x0000000653800000|  0%| F|  |TAMS 0x0000000653400000| PB 0x0000000653400000| Untracked |  0
| 334|0x0000000653800000, 0x0000000653800000, 0x0000000653c00000|  0%| F|  |TAMS 0x0000000653800000| PB 0x0000000653800000| Untracked |  0
| 335|0x0000000653c00000, 0x0000000653c00000, 0x0000000654000000|  0%| F|  |TAMS 0x0000000653c00000| PB 0x0000000653c00000| Untracked |  0
| 336|0x0000000654000000, 0x0000000654000000, 0x0000000654400000|  0%| F|  |TAMS 0x0000000654000000| PB 0x0000000654000000| Untracked |  0
| 337|0x0000000654400000, 0x0000000654400000, 0x0000000654800000|  0%| F|  |TAMS 0x0000000654400000| PB 0x0000000654400000| Untracked |  0
| 338|0x0000000654800000, 0x0000000654800000, 0x0000000654c00000|  0%| F|  |TAMS 0x0000000654800000| PB 0x0000000654800000| Untracked |  0
| 339|0x0000000654c00000, 0x0000000654c00000, 0x0000000655000000|  0%| F|  |TAMS 0x0000000654c00000| PB 0x0000000654c00000| Untracked |  0
| 340|0x0000000655000000, 0x0000000655000000, 0x0000000655400000|  0%| F|  |TAMS 0x0000000655000000| PB 0x0000000655000000| Untracked |  0
| 341|0x0000000655400000, 0x0000000655400000, 0x0000000655800000|  0%| F|  |TAMS 0x0000000655400000| PB 0x0000000655400000| Untracked |  0
| 342|0x0000000655800000, 0x0000000655800000, 0x0000000655c00000|  0%| F|  |TAMS 0x0000000655800000| PB 0x0000000655800000| Untracked |  0
| 343|0x0000000655c00000, 0x0000000655c00000, 0x0000000656000000|  0%| F|  |TAMS 0x0000000655c00000| PB 0x0000000655c00000| Untracked |  0
| 344|0x0000000656000000, 0x0000000656000000, 0x0000000656400000|  0%| F|  |TAMS 0x0000000656000000| PB 0x0000000656000000| Untracked |  0
| 345|0x0000000656400000, 0x0000000656400000, 0x0000000656800000|  0%| F|  |TAMS 0x0000000656400000| PB 0x0000000656400000| Untracked |  0
| 346|0x0000000656800000, 0x0000000656800000, 0x0000000656c00000|  0%| F|  |TAMS 0x0000000656800000| PB 0x0000000656800000| Untracked |  0
| 347|0x0000000656c00000, 0x0000000656c00000, 0x0000000657000000|  0%| F|  |TAMS 0x0000000656c00000| PB 0x0000000656c00000| Untracked |  0
| 348|0x0000000657000000, 0x0000000657000000, 0x0000000657400000|  0%| F|  |TAMS 0x0000000657000000| PB 0x0000000657000000| Untracked |  0
| 349|0x0000000657400000, 0x0000000657400000, 0x0000000657800000|  0%| F|  |TAMS 0x0000000657400000| PB 0x0000000657400000| Untracked |  0
| 350|0x0000000657800000, 0x0000000657800000, 0x0000000657c00000|  0%| F|  |TAMS 0x0000000657800000| PB 0x0000000657800000| Untracked |  0
| 351|0x0000000657c00000, 0x0000000657c00000, 0x0000000658000000|  0%| F|  |TAMS 0x0000000657c00000| PB 0x0000000657c00000| Untracked |  0
| 352|0x0000000658000000, 0x0000000658000000, 0x0000000658400000|  0%| F|  |TAMS 0x0000000658000000| PB 0x0000000658000000| Untracked |  0
| 353|0x0000000658400000, 0x0000000658400000, 0x0000000658800000|  0%| F|  |TAMS 0x0000000658400000| PB 0x0000000658400000| Untracked |  0
| 354|0x0000000658800000, 0x0000000658800000, 0x0000000658c00000|  0%| F|  |TAMS 0x0000000658800000| PB 0x0000000658800000| Untracked |  0
| 355|0x0000000658c00000, 0x0000000658c00000, 0x0000000659000000|  0%| F|  |TAMS 0x0000000658c00000| PB 0x0000000658c00000| Untracked |  0
| 356|0x0000000659000000, 0x0000000659000000, 0x0000000659400000|  0%| F|  |TAMS 0x0000000659000000| PB 0x0000000659000000| Untracked |  0
| 357|0x0000000659400000, 0x0000000659400000, 0x0000000659800000|  0%| F|  |TAMS 0x0000000659400000| PB 0x0000000659400000| Untracked |  0
| 358|0x0000000659800000, 0x0000000659800000, 0x0000000659c00000|  0%| F|  |TAMS 0x0000000659800000| PB 0x0000000659800000| Untracked |  0
| 359|0x0000000659c00000, 0x0000000659c00000, 0x000000065a000000|  0%| F|  |TAMS 0x0000000659c00000| PB 0x0000000659c00000| Untracked |  0
| 360|0x000000065a000000, 0x000000065a000000, 0x000000065a400000|  0%| F|  |TAMS 0x000000065a000000| PB 0x000000065a000000| Untracked |  0
| 361|0x000000065a400000, 0x000000065a400000, 0x000000065a800000|  0%| F|  |TAMS 0x000000065a400000| PB 0x000000065a400000| Untracked |  0
| 362|0x000000065a800000, 0x000000065a800000, 0x000000065ac00000|  0%| F|  |TAMS 0x000000065a800000| PB 0x000000065a800000| Untracked |  0
| 363|0x000000065ac00000, 0x000000065ac00000, 0x000000065b000000|  0%| F|  |TAMS 0x000000065ac00000| PB 0x000000065ac00000| Untracked |  0
| 364|0x000000065b000000, 0x000000065b000000, 0x000000065b400000|  0%| F|  |TAMS 0x000000065b000000| PB 0x000000065b000000| Untracked |  0
| 365|0x000000065b400000, 0x000000065b400000, 0x000000065b800000|  0%| F|  |TAMS 0x000000065b400000| PB 0x000000065b400000| Untracked |  0
| 366|0x000000065b800000, 0x000000065b800000, 0x000000065bc00000|  0%| F|  |TAMS 0x000000065b800000| PB 0x000000065b800000| Untracked |  0
| 367|0x000000065bc00000, 0x000000065bc00000, 0x000000065c000000|  0%| F|  |TAMS 0x000000065bc00000| PB 0x000000065bc00000| Untracked |  0
| 368|0x000000065c000000, 0x000000065c000000, 0x000000065c400000|  0%| F|  |TAMS 0x000000065c000000| PB 0x000000065c000000| Untracked |  0
| 369|0x000000065c400000, 0x000000065c400000, 0x000000065c800000|  0%| F|  |TAMS 0x000000065c400000| PB 0x000000065c400000| Untracked |  0
| 370|0x000000065c800000, 0x000000065c800000, 0x000000065cc00000|  0%| F|  |TAMS 0x000000065c800000| PB 0x000000065c800000| Untracked |  0
| 371|0x000000065cc00000, 0x000000065cc00000, 0x000000065d000000|  0%| F|  |TAMS 0x000000065cc00000| PB 0x000000065cc00000| Untracked |  0
| 372|0x000000065d000000, 0x000000065d000000, 0x000000065d400000|  0%| F|  |TAMS 0x000000065d000000| PB 0x000000065d000000| Untracked |  0
| 373|0x000000065d400000, 0x000000065d400000, 0x000000065d800000|  0%| F|  |TAMS 0x000000065d400000| PB 0x000000065d400000| Untracked |  0
| 374|0x000000065d800000, 0x000000065d800000, 0x000000065dc00000|  0%| F|  |TAMS 0x000000065d800000| PB 0x000000065d800000| Untracked |  0
| 375|0x000000065dc00000, 0x000000065dc00000, 0x000000065e000000|  0%| F|  |TAMS 0x000000065dc00000| PB 0x000000065dc00000| Untracked |  0
| 376|0x000000065e000000, 0x000000065e000000, 0x000000065e400000|  0%| F|  |TAMS 0x000000065e000000| PB 0x000000065e000000| Untracked |  0
| 377|0x000000065e400000, 0x000000065e400000, 0x000000065e800000|  0%| F|  |TAMS 0x000000065e400000| PB 0x000000065e400000| Untracked |  0
| 378|0x000000065e800000, 0x000000065e800000, 0x000000065ec00000|  0%| F|  |TAMS 0x000000065e800000| PB 0x000000065e800000| Untracked |  0
| 379|0x000000065ec00000, 0x000000065ec00000, 0x000000065f000000|  0%| F|  |TAMS 0x000000065ec00000| PB 0x000000065ec00000| Untracked |  0
| 380|0x000000065f000000, 0x000000065f000000, 0x000000065f400000|  0%| F|  |TAMS 0x000000065f000000| PB 0x000000065f000000| Untracked |  0
| 381|0x000000065f400000, 0x000000065f400000, 0x000000065f800000|  0%| F|  |TAMS 0x000000065f400000| PB 0x000000065f400000| Untracked |  0
| 382|0x000000065f800000, 0x000000065f800000, 0x000000065fc00000|  0%| F|  |TAMS 0x000000065f800000| PB 0x000000065f800000| Untracked |  0
| 383|0x000000065fc00000, 0x000000065fc00000, 0x0000000660000000|  0%| F|  |TAMS 0x000000065fc00000| PB 0x000000065fc00000| Untracked |  0
| 384|0x0000000660000000, 0x0000000660000000, 0x0000000660400000|  0%| F|  |TAMS 0x0000000660000000| PB 0x0000000660000000| Untracked |  0
| 385|0x0000000660400000, 0x0000000660400000, 0x0000000660800000|  0%| F|  |TAMS 0x0000000660400000| PB 0x0000000660400000| Untracked |  0
| 386|0x0000000660800000, 0x0000000660800000, 0x0000000660c00000|  0%| F|  |TAMS 0x0000000660800000| PB 0x0000000660800000| Untracked |  0
| 387|0x0000000660c00000, 0x0000000660c00000, 0x0000000661000000|  0%| F|  |TAMS 0x0000000660c00000| PB 0x0000000660c00000| Untracked |  0
| 388|0x0000000661000000, 0x0000000661000000, 0x0000000661400000|  0%| F|  |TAMS 0x0000000661000000| PB 0x0000000661000000| Untracked |  0
| 389|0x0000000661400000, 0x0000000661400000, 0x0000000661800000|  0%| F|  |TAMS 0x0000000661400000| PB 0x0000000661400000| Untracked |  0
| 390|0x0000000661800000, 0x0000000661800000, 0x0000000661c00000|  0%| F|  |TAMS 0x0000000661800000| PB 0x0000000661800000| Untracked |  0
| 391|0x0000000661c00000, 0x0000000661c00000, 0x0000000662000000|  0%| F|  |TAMS 0x0000000661c00000| PB 0x0000000661c00000| Untracked |  0
| 392|0x0000000662000000, 0x0000000662000000, 0x0000000662400000|  0%| F|  |TAMS 0x0000000662000000| PB 0x0000000662000000| Untracked |  0
| 393|0x0000000662400000, 0x0000000662400000, 0x0000000662800000|  0%| F|  |TAMS 0x0000000662400000| PB 0x0000000662400000| Untracked |  0
| 394|0x0000000662800000, 0x0000000662800000, 0x0000000662c00000|  0%| F|  |TAMS 0x0000000662800000| PB 0x0000000662800000| Untracked |  0
| 395|0x0000000662c00000, 0x0000000662c00000, 0x0000000663000000|  0%| F|  |TAMS 0x0000000662c00000| PB 0x0000000662c00000| Untracked |  0
| 396|0x0000000663000000, 0x0000000663000000, 0x0000000663400000|  0%| F|  |TAMS 0x0000000663000000| PB 0x0000000663000000| Untracked |  0
| 397|0x0000000663400000, 0x0000000663400000, 0x0000000663800000|  0%| F|  |TAMS 0x0000000663400000| PB 0x0000000663400000| Untracked |  0
| 398|0x0000000663800000, 0x0000000663800000, 0x0000000663c00000|  0%| F|  |TAMS 0x0000000663800000| PB 0x0000000663800000| Untracked |  0
| 399|0x0000000663c00000, 0x0000000663c00000, 0x0000000664000000|  0%| F|  |TAMS 0x0000000663c00000| PB 0x0000000663c00000| Untracked |  0
| 400|0x0000000664000000, 0x0000000664000000, 0x0000000664400000|  0%| F|  |TAMS 0x0000000664000000| PB 0x0000000664000000| Untracked |  0
| 401|0x0000000664400000, 0x0000000664400000, 0x0000000664800000|  0%| F|  |TAMS 0x0000000664400000| PB 0x0000000664400000| Untracked |  0
| 402|0x0000000664800000, 0x0000000664800000, 0x0000000664c00000|  0%| F|  |TAMS 0x0000000664800000| PB 0x0000000664800000| Untracked |  0
| 403|0x0000000664c00000, 0x0000000664c00000, 0x0000000665000000|  0%| F|  |TAMS 0x0000000664c00000| PB 0x0000000664c00000| Untracked |  0
| 404|0x0000000665000000, 0x0000000665000000, 0x0000000665400000|  0%| F|  |TAMS 0x0000000665000000| PB 0x0000000665000000| Untracked |  0
| 405|0x0000000665400000, 0x0000000665400000, 0x0000000665800000|  0%| F|  |TAMS 0x0000000665400000| PB 0x0000000665400000| Untracked |  0
| 406|0x0000000665800000, 0x0000000665800000, 0x0000000665c00000|  0%| F|  |TAMS 0x0000000665800000| PB 0x0000000665800000| Untracked |  0
| 407|0x0000000665c00000, 0x0000000665c00000, 0x0000000666000000|  0%| F|  |TAMS 0x0000000665c00000| PB 0x0000000665c00000| Untracked |  0
| 408|0x0000000666000000, 0x0000000666000000, 0x0000000666400000|  0%| F|  |TAMS 0x0000000666000000| PB 0x0000000666000000| Untracked |  0
| 409|0x0000000666400000, 0x0000000666400000, 0x0000000666800000|  0%| F|  |TAMS 0x0000000666400000| PB 0x0000000666400000| Untracked |  0
| 410|0x0000000666800000, 0x0000000666800000, 0x0000000666c00000|  0%| F|  |TAMS 0x0000000666800000| PB 0x0000000666800000| Untracked |  0
| 411|0x0000000666c00000, 0x0000000666c00000, 0x0000000667000000|  0%| F|  |TAMS 0x0000000666c00000| PB 0x0000000666c00000| Untracked |  0
| 412|0x0000000667000000, 0x0000000667000000, 0x0000000667400000|  0%| F|  |TAMS 0x0000000667000000| PB 0x0000000667000000| Untracked |  0
| 413|0x0000000667400000, 0x0000000667400000, 0x0000000667800000|  0%| F|  |TAMS 0x0000000667400000| PB 0x0000000667400000| Untracked |  0
| 414|0x0000000667800000, 0x0000000667800000, 0x0000000667c00000|  0%| F|  |TAMS 0x0000000667800000| PB 0x0000000667800000| Untracked |  0
| 415|0x0000000667c00000, 0x0000000667c00000, 0x0000000668000000|  0%| F|  |TAMS 0x0000000667c00000| PB 0x0000000667c00000| Untracked |  0
| 416|0x0000000668000000, 0x0000000668000000, 0x0000000668400000|  0%| F|  |TAMS 0x0000000668000000| PB 0x0000000668000000| Untracked |  0
| 417|0x0000000668400000, 0x0000000668400000, 0x0000000668800000|  0%| F|  |TAMS 0x0000000668400000| PB 0x0000000668400000| Untracked |  0
| 418|0x0000000668800000, 0x0000000668800000, 0x0000000668c00000|  0%| F|  |TAMS 0x0000000668800000| PB 0x0000000668800000| Untracked |  0
| 419|0x0000000668c00000, 0x0000000668c00000, 0x0000000669000000|  0%| F|  |TAMS 0x0000000668c00000| PB 0x0000000668c00000| Untracked |  0
| 420|0x0000000669000000, 0x0000000669000000, 0x0000000669400000|  0%| F|  |TAMS 0x0000000669000000| PB 0x0000000669000000| Untracked |  0
| 421|0x0000000669400000, 0x0000000669400000, 0x0000000669800000|  0%| F|  |TAMS 0x0000000669400000| PB 0x0000000669400000| Untracked |  0
| 422|0x0000000669800000, 0x0000000669800000, 0x0000000669c00000|  0%| F|  |TAMS 0x0000000669800000| PB 0x0000000669800000| Untracked |  0
| 423|0x0000000669c00000, 0x0000000669c00000, 0x000000066a000000|  0%| F|  |TAMS 0x0000000669c00000| PB 0x0000000669c00000| Untracked |  0
| 424|0x000000066a000000, 0x000000066a000000, 0x000000066a400000|  0%| F|  |TAMS 0x000000066a000000| PB 0x000000066a000000| Untracked |  0
| 425|0x000000066a400000, 0x000000066a400000, 0x000000066a800000|  0%| F|  |TAMS 0x000000066a400000| PB 0x000000066a400000| Untracked |  0
| 426|0x000000066a800000, 0x000000066a800000, 0x000000066ac00000|  0%| F|  |TAMS 0x000000066a800000| PB 0x000000066a800000| Untracked |  0
| 427|0x000000066ac00000, 0x000000066ac00000, 0x000000066b000000|  0%| F|  |TAMS 0x000000066ac00000| PB 0x000000066ac00000| Untracked |  0
| 428|0x000000066b000000, 0x000000066b000000, 0x000000066b400000|  0%| F|  |TAMS 0x000000066b000000| PB 0x000000066b000000| Untracked |  0
| 429|0x000000066b400000, 0x000000066b400000, 0x000000066b800000|  0%| F|  |TAMS 0x000000066b400000| PB 0x000000066b400000| Untracked |  0
| 430|0x000000066b800000, 0x000000066b800000, 0x000000066bc00000|  0%| F|  |TAMS 0x000000066b800000| PB 0x000000066b800000| Untracked |  0
| 431|0x000000066bc00000, 0x000000066bc00000, 0x000000066c000000|  0%| F|  |TAMS 0x000000066bc00000| PB 0x000000066bc00000| Untracked |  0
| 432|0x000000066c000000, 0x000000066c000000, 0x000000066c400000|  0%| F|  |TAMS 0x000000066c000000| PB 0x000000066c000000| Untracked |  0
| 433|0x000000066c400000, 0x000000066c400000, 0x000000066c800000|  0%| F|  |TAMS 0x000000066c400000| PB 0x000000066c400000| Untracked |  0
| 434|0x000000066c800000, 0x000000066c800000, 0x000000066cc00000|  0%| F|  |TAMS 0x000000066c800000| PB 0x000000066c800000| Untracked |  0
| 435|0x000000066cc00000, 0x000000066cc00000, 0x000000066d000000|  0%| F|  |TAMS 0x000000066cc00000| PB 0x000000066cc00000| Untracked |  0
| 436|0x000000066d000000, 0x000000066d000000, 0x000000066d400000|  0%| F|  |TAMS 0x000000066d000000| PB 0x000000066d000000| Untracked |  0
| 437|0x000000066d400000, 0x000000066d400000, 0x000000066d800000|  0%| F|  |TAMS 0x000000066d400000| PB 0x000000066d400000| Untracked |  0
| 438|0x000000066d800000, 0x000000066d800000, 0x000000066dc00000|  0%| F|  |TAMS 0x000000066d800000| PB 0x000000066d800000| Untracked |  0
| 439|0x000000066dc00000, 0x000000066dc00000, 0x000000066e000000|  0%| F|  |TAMS 0x000000066dc00000| PB 0x000000066dc00000| Untracked |  0
| 440|0x000000066e000000, 0x000000066e000000, 0x000000066e400000|  0%| F|  |TAMS 0x000000066e000000| PB 0x000000066e000000| Untracked |  0
| 441|0x000000066e400000, 0x000000066e400000, 0x000000066e800000|  0%| F|  |TAMS 0x000000066e400000| PB 0x000000066e400000| Untracked |  0
| 442|0x000000066e800000, 0x000000066e800000, 0x000000066ec00000|  0%| F|  |TAMS 0x000000066e800000| PB 0x000000066e800000| Untracked |  0
| 443|0x000000066ec00000, 0x000000066ec00000, 0x000000066f000000|  0%| F|  |TAMS 0x000000066ec00000| PB 0x000000066ec00000| Untracked |  0
| 444|0x000000066f000000, 0x000000066f000000, 0x000000066f400000|  0%| F|  |TAMS 0x000000066f000000| PB 0x000000066f000000| Untracked |  0
| 445|0x000000066f400000, 0x000000066f400000, 0x000000066f800000|  0%| F|  |TAMS 0x000000066f400000| PB 0x000000066f400000| Untracked |  0
| 446|0x000000066f800000, 0x000000066f800000, 0x000000066fc00000|  0%| F|  |TAMS 0x000000066f800000| PB 0x000000066f800000| Untracked |  0
| 447|0x000000066fc00000, 0x000000066fc00000, 0x0000000670000000|  0%| F|  |TAMS 0x000000066fc00000| PB 0x000000066fc00000| Untracked |  0
| 448|0x0000000670000000, 0x0000000670000000, 0x0000000670400000|  0%| F|  |TAMS 0x0000000670000000| PB 0x0000000670000000| Untracked |  0
| 449|0x0000000670400000, 0x0000000670400000, 0x0000000670800000|  0%| F|  |TAMS 0x0000000670400000| PB 0x0000000670400000| Untracked |  0
| 450|0x0000000670800000, 0x0000000670800000, 0x0000000670c00000|  0%| F|  |TAMS 0x0000000670800000| PB 0x0000000670800000| Untracked |  0
| 451|0x0000000670c00000, 0x0000000670c00000, 0x0000000671000000|  0%| F|  |TAMS 0x0000000670c00000| PB 0x0000000670c00000| Untracked |  0
| 452|0x0000000671000000, 0x0000000671000000, 0x0000000671400000|  0%| F|  |TAMS 0x0000000671000000| PB 0x0000000671000000| Untracked |  0
| 453|0x0000000671400000, 0x0000000671400000, 0x0000000671800000|  0%| F|  |TAMS 0x0000000671400000| PB 0x0000000671400000| Untracked |  0
| 454|0x0000000671800000, 0x0000000671800000, 0x0000000671c00000|  0%| F|  |TAMS 0x0000000671800000| PB 0x0000000671800000| Untracked |  0
| 455|0x0000000671c00000, 0x0000000671c00000, 0x0000000672000000|  0%| F|  |TAMS 0x0000000671c00000| PB 0x0000000671c00000| Untracked |  0
| 456|0x0000000672000000, 0x0000000672000000, 0x0000000672400000|  0%| F|  |TAMS 0x0000000672000000| PB 0x0000000672000000| Untracked |  0
| 457|0x0000000672400000, 0x0000000672400000, 0x0000000672800000|  0%| F|  |TAMS 0x0000000672400000| PB 0x0000000672400000| Untracked |  0
| 458|0x0000000672800000, 0x0000000672800000, 0x0000000672c00000|  0%| F|  |TAMS 0x0000000672800000| PB 0x0000000672800000| Untracked |  0
| 459|0x0000000672c00000, 0x0000000672c00000, 0x0000000673000000|  0%| F|  |TAMS 0x0000000672c00000| PB 0x0000000672c00000| Untracked |  0
| 460|0x0000000673000000, 0x0000000673000000, 0x0000000673400000|  0%| F|  |TAMS 0x0000000673000000| PB 0x0000000673000000| Untracked |  0
| 461|0x0000000673400000, 0x0000000673400000, 0x0000000673800000|  0%| F|  |TAMS 0x0000000673400000| PB 0x0000000673400000| Untracked |  0
| 462|0x0000000673800000, 0x0000000673800000, 0x0000000673c00000|  0%| F|  |TAMS 0x0000000673800000| PB 0x0000000673800000| Untracked |  0
| 463|0x0000000673c00000, 0x0000000673c00000, 0x0000000674000000|  0%| F|  |TAMS 0x0000000673c00000| PB 0x0000000673c00000| Untracked |  0
| 464|0x0000000674000000, 0x0000000674000000, 0x0000000674400000|  0%| F|  |TAMS 0x0000000674000000| PB 0x0000000674000000| Untracked |  0
| 465|0x0000000674400000, 0x0000000674400000, 0x0000000674800000|  0%| F|  |TAMS 0x0000000674400000| PB 0x0000000674400000| Untracked |  0
| 466|0x0000000674800000, 0x0000000674800000, 0x0000000674c00000|  0%| F|  |TAMS 0x0000000674800000| PB 0x0000000674800000| Untracked |  0
| 467|0x0000000674c00000, 0x0000000674c00000, 0x0000000675000000|  0%| F|  |TAMS 0x0000000674c00000| PB 0x0000000674c00000| Untracked |  0
| 468|0x0000000675000000, 0x0000000675000000, 0x0000000675400000|  0%| F|  |TAMS 0x0000000675000000| PB 0x0000000675000000| Untracked |  0
| 469|0x0000000675400000, 0x0000000675400000, 0x0000000675800000|  0%| F|  |TAMS 0x0000000675400000| PB 0x0000000675400000| Untracked |  0
| 470|0x0000000675800000, 0x0000000675800000, 0x0000000675c00000|  0%| F|  |TAMS 0x0000000675800000| PB 0x0000000675800000| Untracked |  0
| 471|0x0000000675c00000, 0x0000000675c00000, 0x0000000676000000|  0%| F|  |TAMS 0x0000000675c00000| PB 0x0000000675c00000| Untracked |  0
| 472|0x0000000676000000, 0x0000000676000000, 0x0000000676400000|  0%| F|  |TAMS 0x0000000676000000| PB 0x0000000676000000| Untracked |  0
| 473|0x0000000676400000, 0x0000000676400000, 0x0000000676800000|  0%| F|  |TAMS 0x0000000676400000| PB 0x0000000676400000| Untracked |  0
| 474|0x0000000676800000, 0x0000000676800000, 0x0000000676c00000|  0%| F|  |TAMS 0x0000000676800000| PB 0x0000000676800000| Untracked |  0
| 475|0x0000000676c00000, 0x0000000676c00000, 0x0000000677000000|  0%| F|  |TAMS 0x0000000676c00000| PB 0x0000000676c00000| Untracked |  0
| 476|0x0000000677000000, 0x0000000677000000, 0x0000000677400000|  0%| F|  |TAMS 0x0000000677000000| PB 0x0000000677000000| Untracked |  0
| 477|0x0000000677400000, 0x0000000677400000, 0x0000000677800000|  0%| F|  |TAMS 0x0000000677400000| PB 0x0000000677400000| Untracked |  0
| 478|0x0000000677800000, 0x0000000677800000, 0x0000000677c00000|  0%| F|  |TAMS 0x0000000677800000| PB 0x0000000677800000| Untracked |  0
| 479|0x0000000677c00000, 0x0000000677c00000, 0x0000000678000000|  0%| F|  |TAMS 0x0000000677c00000| PB 0x0000000677c00000| Untracked |  0
| 480|0x0000000678000000, 0x0000000678000000, 0x0000000678400000|  0%| F|  |TAMS 0x0000000678000000| PB 0x0000000678000000| Untracked |  0
| 481|0x0000000678400000, 0x0000000678400000, 0x0000000678800000|  0%| F|  |TAMS 0x0000000678400000| PB 0x0000000678400000| Untracked |  0
| 482|0x0000000678800000, 0x0000000678800000, 0x0000000678c00000|  0%| F|  |TAMS 0x0000000678800000| PB 0x0000000678800000| Untracked |  0
| 483|0x0000000678c00000, 0x0000000678c00000, 0x0000000679000000|  0%| F|  |TAMS 0x0000000678c00000| PB 0x0000000678c00000| Untracked |  0
| 484|0x0000000679000000, 0x0000000679000000, 0x0000000679400000|  0%| F|  |TAMS 0x0000000679000000| PB 0x0000000679000000| Untracked |  0
| 485|0x0000000679400000, 0x0000000679400000, 0x0000000679800000|  0%| F|  |TAMS 0x0000000679400000| PB 0x0000000679400000| Untracked |  0
| 486|0x0000000679800000, 0x0000000679800000, 0x0000000679c00000|  0%| F|  |TAMS 0x0000000679800000| PB 0x0000000679800000| Untracked |  0
| 487|0x0000000679c00000, 0x0000000679c00000, 0x000000067a000000|  0%| F|  |TAMS 0x0000000679c00000| PB 0x0000000679c00000| Untracked |  0
| 488|0x000000067a000000, 0x000000067a000000, 0x000000067a400000|  0%| F|  |TAMS 0x000000067a000000| PB 0x000000067a000000| Untracked |  0
| 489|0x000000067a400000, 0x000000067a400000, 0x000000067a800000|  0%| F|  |TAMS 0x000000067a400000| PB 0x000000067a400000| Untracked |  0
| 490|0x000000067a800000, 0x000000067a800000, 0x000000067ac00000|  0%| F|  |TAMS 0x000000067a800000| PB 0x000000067a800000| Untracked |  0
| 491|0x000000067ac00000, 0x000000067ac00000, 0x000000067b000000|  0%| F|  |TAMS 0x000000067ac00000| PB 0x000000067ac00000| Untracked |  0
| 492|0x000000067b000000, 0x000000067b000000, 0x000000067b400000|  0%| F|  |TAMS 0x000000067b000000| PB 0x000000067b000000| Untracked |  0
| 493|0x000000067b400000, 0x000000067b400000, 0x000000067b800000|  0%| F|  |TAMS 0x000000067b400000| PB 0x000000067b400000| Untracked |  0
| 494|0x000000067b800000, 0x000000067b800000, 0x000000067bc00000|  0%| F|  |TAMS 0x000000067b800000| PB 0x000000067b800000| Untracked |  0
| 495|0x000000067bc00000, 0x000000067bc00000, 0x000000067c000000|  0%| F|  |TAMS 0x000000067bc00000| PB 0x000000067bc00000| Untracked |  0
| 496|0x000000067c000000, 0x000000067c000000, 0x000000067c400000|  0%| F|  |TAMS 0x000000067c000000| PB 0x000000067c000000| Untracked |  0
| 497|0x000000067c400000, 0x000000067c400000, 0x000000067c800000|  0%| F|  |TAMS 0x000000067c400000| PB 0x000000067c400000| Untracked |  0
| 498|0x000000067c800000, 0x000000067c800000, 0x000000067cc00000|  0%| F|  |TAMS 0x000000067c800000| PB 0x000000067c800000| Untracked |  0
| 499|0x000000067cc00000, 0x000000067cc00000, 0x000000067d000000|  0%| F|  |TAMS 0x000000067cc00000| PB 0x000000067cc00000| Untracked |  0
| 500|0x000000067d000000, 0x000000067d000000, 0x000000067d400000|  0%| F|  |TAMS 0x000000067d000000| PB 0x000000067d000000| Untracked |  0
| 501|0x000000067d400000, 0x000000067d400000, 0x000000067d800000|  0%| F|  |TAMS 0x000000067d400000| PB 0x000000067d400000| Untracked |  0
| 502|0x000000067d800000, 0x000000067d800000, 0x000000067dc00000|  0%| F|  |TAMS 0x000000067d800000| PB 0x000000067d800000| Untracked |  0
| 503|0x000000067dc00000, 0x000000067dc00000, 0x000000067e000000|  0%| F|  |TAMS 0x000000067dc00000| PB 0x000000067dc00000| Untracked |  0
| 504|0x000000067e000000, 0x000000067e000000, 0x000000067e400000|  0%| F|  |TAMS 0x000000067e000000| PB 0x000000067e000000| Untracked |  0
| 505|0x000000067e400000, 0x000000067e400000, 0x000000067e800000|  0%| F|  |TAMS 0x000000067e400000| PB 0x000000067e400000| Untracked |  0
| 506|0x000000067e800000, 0x000000067e800000, 0x000000067ec00000|  0%| F|  |TAMS 0x000000067e800000| PB 0x000000067e800000| Untracked |  0
| 507|0x000000067ec00000, 0x000000067ec00000, 0x000000067f000000|  0%| F|  |TAMS 0x000000067ec00000| PB 0x000000067ec00000| Untracked |  0
| 508|0x000000067f000000, 0x000000067f000000, 0x000000067f400000|  0%| F|  |TAMS 0x000000067f000000| PB 0x000000067f000000| Untracked |  0
| 509|0x000000067f400000, 0x000000067f400000, 0x000000067f800000|  0%| F|  |TAMS 0x000000067f400000| PB 0x000000067f400000| Untracked |  0
| 510|0x000000067f800000, 0x000000067f800000, 0x000000067fc00000|  0%| F|  |TAMS 0x000000067f800000| PB 0x000000067f800000| Untracked |  0
| 511|0x000000067fc00000, 0x000000067fc00000, 0x0000000680000000|  0%| F|  |TAMS 0x000000067fc00000| PB 0x000000067fc00000| Untracked |  0
| 512|0x0000000680000000, 0x0000000680000000, 0x0000000680400000|  0%| F|  |TAMS 0x0000000680000000| PB 0x0000000680000000| Untracked |  0
| 513|0x0000000680400000, 0x0000000680400000, 0x0000000680800000|  0%| F|  |TAMS 0x0000000680400000| PB 0x0000000680400000| Untracked |  0
| 514|0x0000000680800000, 0x0000000680800000, 0x0000000680c00000|  0%| F|  |TAMS 0x0000000680800000| PB 0x0000000680800000| Untracked |  0
| 515|0x0000000680c00000, 0x0000000680c00000, 0x0000000681000000|  0%| F|  |TAMS 0x0000000680c00000| PB 0x0000000680c00000| Untracked |  0
| 516|0x0000000681000000, 0x0000000681000000, 0x0000000681400000|  0%| F|  |TAMS 0x0000000681000000| PB 0x0000000681000000| Untracked |  0
| 517|0x0000000681400000, 0x0000000681400000, 0x0000000681800000|  0%| F|  |TAMS 0x0000000681400000| PB 0x0000000681400000| Untracked |  0
| 518|0x0000000681800000, 0x0000000681800000, 0x0000000681c00000|  0%| F|  |TAMS 0x0000000681800000| PB 0x0000000681800000| Untracked |  0
| 519|0x0000000681c00000, 0x0000000681c00000, 0x0000000682000000|  0%| F|  |TAMS 0x0000000681c00000| PB 0x0000000681c00000| Untracked |  0
| 520|0x0000000682000000, 0x0000000682000000, 0x0000000682400000|  0%| F|  |TAMS 0x0000000682000000| PB 0x0000000682000000| Untracked |  0
| 521|0x0000000682400000, 0x0000000682400000, 0x0000000682800000|  0%| F|  |TAMS 0x0000000682400000| PB 0x0000000682400000| Untracked |  0
| 522|0x0000000682800000, 0x0000000682800000, 0x0000000682c00000|  0%| F|  |TAMS 0x0000000682800000| PB 0x0000000682800000| Untracked |  0
| 523|0x0000000682c00000, 0x0000000682c00000, 0x0000000683000000|  0%| F|  |TAMS 0x0000000682c00000| PB 0x0000000682c00000| Untracked |  0
| 524|0x0000000683000000, 0x0000000683000000, 0x0000000683400000|  0%| F|  |TAMS 0x0000000683000000| PB 0x0000000683000000| Untracked |  0
| 525|0x0000000683400000, 0x0000000683400000, 0x0000000683800000|  0%| F|  |TAMS 0x0000000683400000| PB 0x0000000683400000| Untracked |  0
| 526|0x0000000683800000, 0x0000000683800000, 0x0000000683c00000|  0%| F|  |TAMS 0x0000000683800000| PB 0x0000000683800000| Untracked |  0
| 527|0x0000000683c00000, 0x0000000683c00000, 0x0000000684000000|  0%| F|  |TAMS 0x0000000683c00000| PB 0x0000000683c00000| Untracked |  0
| 528|0x0000000684000000, 0x0000000684000000, 0x0000000684400000|  0%| F|  |TAMS 0x0000000684000000| PB 0x0000000684000000| Untracked |  0
| 529|0x0000000684400000, 0x0000000684400000, 0x0000000684800000|  0%| F|  |TAMS 0x0000000684400000| PB 0x0000000684400000| Untracked |  0
| 530|0x0000000684800000, 0x0000000684800000, 0x0000000684c00000|  0%| F|  |TAMS 0x0000000684800000| PB 0x0000000684800000| Untracked |  0
| 531|0x0000000684c00000, 0x0000000684c00000, 0x0000000685000000|  0%| F|  |TAMS 0x0000000684c00000| PB 0x0000000684c00000| Untracked |  0
|2042|0x00000007fe800000, 0x00000007fe800000, 0x00000007fec00000|  0%| F|  |TAMS 0x00000007fe800000| PB 0x00000007fe800000| Untracked |  0
|2043|0x00000007fec00000, 0x00000007fec00000, 0x00000007ff000000|  0%| F|  |TAMS 0x00000007fec00000| PB 0x00000007fec00000| Untracked |  0
|2044|0x00000007ff000000, 0x00000007ff400000, 0x00000007ff400000|100%| O|  |TAMS 0x00000007ff000000| PB 0x00000007ff000000| Untracked |  0
|2045|0x00000007ff400000, 0x00000007ff800000, 0x00000007ff800000|100%| O|  |TAMS 0x00000007ff400000| PB 0x00000007ff400000| Untracked |  0
|2046|0x00000007ff800000, 0x00000007ffc00000, 0x00000007ffc00000|100%| O|  |TAMS 0x00000007ff800000| PB 0x00000007ff800000| Untracked |  0
|2047|0x00000007ffc00000, 0x00000007ffc00000, 0x0000000800000000|  0%| F|  |TAMS 0x00000007ffc00000| PB 0x00000007ffc00000| Untracked |  0

Card table byte_map: [0x0000008021f40000,0x0000008022f40000] _byte_map_base: 0x000000801ef40000

Marking Bits: (CMBitMap*) 0x0000008000b35620
 Bits: [0x0000008022f40000, 0x000000802af40000)

Polling page: 0x00000080001f0000

Metaspace:
Metaspace        used 143738K, committed 147840K, reserved 1245184K
 class space     used 14656K, committed 16768K, reserved 1048576K

Usage:
  Non-class:    126.06 MB used.
      Class:     14.31 MB used.
       Both:    140.37 MB used.

Virtual space:
  Non-class space:      192.00 MB reserved,     128.00 MB ( 67%) committed,  3 nodes.
      Class space:        1.00 GB reserved,      16.38 MB (  2%) committed,  1 nodes.
             Both:        1.19 GB reserved,     144.38 MB ( 12%) committed. 

Chunk freelists:
   Non-Class:  15.23 MB
       Class:  15.52 MB
        Both:  30.75 MB

MaxMetaspaceSize: 4.00 GB
CompressedClassSpaceSize: 1.00 GB
Initial GC threshold: 21.00 MB
Current GC threshold: 240.62 MB
CDS: on
 - commit_granule_bytes: 65536.
 - commit_granule_words: 8192.
 - virtual_space_node_default_size: 8388608.
 - enlarge_chunks_in_place: 1.
UseCompressedClassPointers 1, UseCompactObjectHeaders 0
Narrow klass pointer bits 32, Max shift 3
Narrow klass base: 0x0000000021000000, Narrow klass shift: 0
Encoding Range: [0x0000000021000000 - 0x0000000121000000), (4294967296 bytes)
Klass Range:    [0x0000000021010000 - 0x0000000062000000), (1090453504 bytes)
Klass ID Range:  [65536 - 1090519033) (1090453497)
Protection zone: [0x0000000021000000 - 0x0000000021010000), (65536 bytes)


Internal statistics:

num_allocs_failed_limit: 9.
num_arena_births: 10872.
num_arena_deaths: 3048.
num_vsnodes_births: 4.
num_vsnodes_deaths: 0.
num_space_committed: 2317.
num_space_uncommitted: 7.
num_chunks_returned_to_freelist: 3598.
num_chunks_taken_from_freelist: 19903.
num_chunk_merges: 1167.
num_chunk_splits: 11892.
num_chunks_enlarged: 6512.
num_inconsistent_stats: 0.

CodeHeap 'non-profiled nmethods': size=259328Kb used=25209Kb max_used=27442Kb free=234118Kb
 bounds [0x0000008010e00000, 0x00000080128d0000, 0x0000008020b40000]
CodeHeap 'profiled nmethods': size=259264Kb used=69435Kb max_used=79497Kb free=189828Kb
 bounds [0x0000008000b40000, 0x00000080058f0000, 0x0000008010870000]
CodeHeap 'non-nmethods': size=5696Kb used=2123Kb max_used=2311Kb free=3572Kb
 bounds [0x0000008010870000, 0x0000008010ae0000, 0x0000008010e00000]
CodeCache: size=524288Kb, used=96767Kb, max_used=109250Kb, free=427518Kb
 total_blobs=38563, nmethods=37610, adapters=853, full_count=0
Compilation: enabled, stopped_count=0, restarted_count=0

Compilation events (20 events):
Event: 1390.382 Thread 0x000000802b21fe00 74229       3       org.jetbrains.kotlin.gradle.plugin.hierarchy.KotlinSourceSetTreeClassifierKt::classify (316 bytes)
Event: 1390.403 Thread 0x000000802b21fe00 nmethod 74229 0x0000008000bd8388 code [0x0000008000bd8480, 0x0000008000bdb970]
Event: 1390.403 Thread 0x000000802b21fe00 74235       3       org.gradle.api.internal.artifacts.configurations.DefaultDependencyScopeConfiguration_Decorated::getArtifacts (39 bytes)
Event: 1390.404 Thread 0x000000802b21fe00 nmethod 74235 0x0000008000c5cc08 code [0x0000008000c5cd00, 0x0000008000c5d358]
Event: 1390.404 Thread 0x000000802b21fe00 74246       3       org.jetbrains.kotlin.gradle.plugin.diagnostics.checkers.DisabledCinteropCommonizationInHmppProjectChecker::runChecks (1236 bytes)
Event: 1390.453 Thread 0x000000802b21fe00 nmethod 74246 0x00000080017ac188 code [0x00000080017ac280, 0x00000080017b4a20]
Event: 1390.453 Thread 0x000000802b21fe00 74253       3       org.jetbrains.kotlin.gradle.plugin.diagnostics.checkers.WasmSourceSetsNotFoundChecker::runChecks (1020 bytes)
Event: 1390.485 Thread 0x000000802b21a1f0 74259       4       org.gradle.internal.locking.NoOpDependencyLockingProvider::confirmNotLocked (1 bytes)
Event: 1390.493 Thread 0x000000802b21a1f0 nmethod 74259 0x0000008010e10888 code [0x0000008010e10980, 0x0000008010e109f8]
Event: 1390.535 Thread 0x000000802b21fe00 nmethod 74253 0x0000008001e92e08 code [0x0000008001e92f00, 0x0000008001e9b228]
Event: 1390.582 Thread 0x000000802b21fe00 74260       3       org.gradle.api.internal.initialization.DefaultBuildLogicBuildQueue::withBuildLogicQueueLockInBuildOperation (20 bytes)
Event: 1390.595 Thread 0x000000802b21fe00 nmethod 74260 0x0000008001151408 code [0x0000008001151500, 0x0000008001151ae8]
Event: 1390.908 Thread 0x000000802b21a1f0 74261       4       java.lang.invoke.LambdaForm$MH/0x0000000022eea800::invoke (61 bytes)
Event: 1391.582 Thread 0x000000802b21a1f0 nmethod 74261 0x0000008010fa5288 code [0x0000008010fa5380, 0x0000008010fa5d78]
Event: 1393.737 Thread 0x000000802b21fe00 74262       3       com.google.common.collect.ImmutableBiMap$Builder::buildOrThrow (139 bytes)
Event: 1393.793 Thread 0x000000802b21a1f0 74263       4       org.gradle.api.internal.provider.ValueState$NonFinalizedValue::markAsUpgradedPropertyValue (6 bytes)
Event: 1393.794 Thread 0x000000802b21a1f0 nmethod 74263 0x0000008010e11788 code [0x0000008010e11880, 0x0000008010e118f8]
Event: 1393.797 Thread 0x000000802b21fe00 nmethod 74262 0x0000008000fc1d08 code [0x0000008000fc1e00, 0x0000008000fc3400]
Event: 1394.083 Thread 0x000000802b21a1f0 74264       4       org.gradle.internal.fingerprint.impl.RelativePathFingerprintingStrategy::getHashingStrategy (4 bytes)
Event: 1394.083 Thread 0x000000802b21a1f0 nmethod 74264 0x0000008010e12c88 code [0x0000008010e12d80, 0x0000008010e12e00]

GC Heap Usage History (20 events):
Event: 1227.371 {heap After GC invocations=314 (full 0):
 garbage-first heap   total reserved 8388608K, committed 2252800K, used 663688K [0x0000000600000000, 0x0000000800000000)
  region size 4096K, 13 young (53248K), 13 survivors (53248K)
}
Event: 1232.227 {heap Before GC invocations=314 (full 0):
 garbage-first heap   total reserved 8388608K, committed 2252800K, used 1044616K [0x0000000600000000, 0x0000000800000000)
  region size 4096K, 106 young (434176K), 13 survivors (53248K)
}
Event: 1232.325 {heap After GC invocations=315 (full 0):
 garbage-first heap   total reserved 8388608K, committed 2252800K, used 611206K [0x0000000600000000, 0x0000000800000000)
  region size 4096K, 8 young (32768K), 8 survivors (32768K)
}
Event: 1240.838 {heap Before GC invocations=315 (full 0):
 garbage-first heap   total reserved 8388608K, committed 2252800K, used 1323910K [0x0000000600000000, 0x0000000800000000)
  region size 4096K, 182 young (745472K), 8 survivors (32768K)
}
Event: 1240.936 {heap After GC invocations=316 (full 0):
 garbage-first heap   total reserved 8388608K, committed 2252800K, used 559814K [0x0000000600000000, 0x0000000800000000)
  region size 4096K, 19 young (77824K), 19 survivors (77824K)
}
Event: 1246.003 {heap Before GC invocations=316 (full 0):
 garbage-first heap   total reserved 8388608K, committed 2252800K, used 862918K [0x0000000600000000, 0x0000000800000000)
  region size 4096K, 94 young (385024K), 19 survivors (77824K)
}
Event: 1246.164 {heap After GC invocations=317 (full 0):
 garbage-first heap   total reserved 8388608K, committed 2252800K, used 580266K [0x0000000600000000, 0x0000000800000000)
  region size 4096K, 7 young (28672K), 7 survivors (28672K)
}
Event: 1264.690 {heap Before GC invocations=317 (full 0):
 garbage-first heap   total reserved 8388608K, committed 2252800K, used 1514154K [0x0000000600000000, 0x0000000800000000)
  region size 4096K, 235 young (962560K), 7 survivors (28672K)
}
Event: 1265.000 {heap After GC invocations=318 (full 0):
 garbage-first heap   total reserved 8388608K, committed 2252800K, used 635208K [0x0000000600000000, 0x0000000800000000)
  region size 4096K, 21 young (86016K), 21 survivors (86016K)
}
Event: 1265.220 {heap Before GC invocations=318 (full 0):
 garbage-first heap   total reserved 8388608K, committed 2252800K, used 659784K [0x0000000600000000, 0x0000000800000000)
  region size 4096K, 27 young (110592K), 21 survivors (86016K)
}
Event: 1265.527 {heap After GC invocations=319 (full 0):
 garbage-first heap   total reserved 8388608K, committed 2252800K, used 643095K [0x0000000600000000, 0x0000000800000000)
  region size 4096K, 3 young (12288K), 3 survivors (12288K)
}
Event: 1310.856 {heap Before GC invocations=319 (full 0):
 garbage-first heap   total reserved 8388608K, committed 2252800K, used 1355799K [0x0000000600000000, 0x0000000800000000)
  region size 4096K, 178 young (729088K), 3 survivors (12288K)
}
Event: 1313.406 {heap After GC invocations=320 (full 0):
 garbage-first heap   total reserved 8388608K, committed 2252800K, used 681432K [0x0000000600000000, 0x0000000800000000)
  region size 4096K, 12 young (49152K), 12 survivors (49152K)
}
Event: 1320.009 {heap Before GC invocations=320 (full 0):
 garbage-first heap   total reserved 8388608K, committed 2252800K, used 742872K [0x0000000600000000, 0x0000000800000000)
  region size 4096K, 27 young (110592K), 12 survivors (49152K)
}
Event: 1320.496 {heap After GC invocations=321 (full 0):
 garbage-first heap   total reserved 8388608K, committed 2252800K, used 690777K [0x0000000600000000, 0x0000000800000000)
  region size 4096K, 3 young (12288K), 3 survivors (12288K)
}
Event: 1340.178 {heap Before GC invocations=322 (full 0):
 garbage-first heap   total reserved 8388608K, committed 1572864K, used 527630K [0x0000000600000000, 0x0000000800000000)
  region size 4096K, 19 young (77824K), 3 survivors (12288K)
}
Event: 1340.186 {heap After GC invocations=323 (full 0):
 garbage-first heap   total reserved 8388608K, committed 1572864K, used 467700K [0x0000000600000000, 0x0000000800000000)
  region size 4096K, 3 young (12288K), 3 survivors (12288K)
}
Event: 1343.580 {heap Before GC invocations=323 (full 0):
 garbage-first heap   total reserved 8388608K, committed 1572864K, used 529140K [0x0000000600000000, 0x0000000800000000)
  region size 4096K, 19 young (77824K), 3 survivors (12288K)
}
Event: 1343.589 {heap After GC invocations=324 (full 0):
 garbage-first heap   total reserved 8388608K, committed 1572864K, used 428741K [0x0000000600000000, 0x0000000800000000)
  region size 4096K, 3 young (12288K), 3 survivors (12288K)
}
Event: 1398.723 {heap Before GC invocations=324 (full 0):
 garbage-first heap   total reserved 8388608K, committed 1572864K, used 862917K [0x0000000600000000, 0x0000000800000000)
  region size 4096K, 110 young (450560K), 3 survivors (12288K)
}

Metaspace Usage History (20 events):
Event: 1227.371 {metaspace After GC invocations=314 (full 0):
 Metaspace       used 143571K, committed 147840K, reserved 1245184K
  class space    used 14679K, committed 16832K, reserved 1048576K
}
Event: 1232.227 {metaspace Before GC invocations=314 (full 0):
 Metaspace       used 143612K, committed 147840K, reserved 1245184K
  class space    used 14683K, committed 16832K, reserved 1048576K
}
Event: 1232.325 {metaspace After GC invocations=315 (full 0):
 Metaspace       used 143612K, committed 147840K, reserved 1245184K
  class space    used 14683K, committed 16832K, reserved 1048576K
}
Event: 1240.838 {metaspace Before GC invocations=315 (full 0):
 Metaspace       used 143660K, committed 147840K, reserved 1245184K
  class space    used 14694K, committed 16832K, reserved 1048576K
}
Event: 1240.936 {metaspace After GC invocations=316 (full 0):
 Metaspace       used 143660K, committed 147840K, reserved 1245184K
  class space    used 14694K, committed 16832K, reserved 1048576K
}
Event: 1246.003 {metaspace Before GC invocations=316 (full 0):
 Metaspace       used 143679K, committed 147840K, reserved 1245184K
  class space    used 14698K, committed 16832K, reserved 1048576K
}
Event: 1246.164 {metaspace After GC invocations=317 (full 0):
 Metaspace       used 143679K, committed 147840K, reserved 1245184K
  class space    used 14698K, committed 16832K, reserved 1048576K
}
Event: 1264.690 {metaspace Before GC invocations=317 (full 0):
 Metaspace       used 143732K, committed 147840K, reserved 1245184K
  class space    used 14710K, committed 16832K, reserved 1048576K
}
Event: 1265.000 {metaspace After GC invocations=318 (full 0):
 Metaspace       used 143732K, committed 147840K, reserved 1245184K
  class space    used 14710K, committed 16832K, reserved 1048576K
}
Event: 1265.220 {metaspace Before GC invocations=318 (full 0):
 Metaspace       used 143732K, committed 147840K, reserved 1245184K
  class space    used 14710K, committed 16832K, reserved 1048576K
}
Event: 1265.527 {metaspace After GC invocations=319 (full 0):
 Metaspace       used 143732K, committed 147840K, reserved 1245184K
  class space    used 14710K, committed 16832K, reserved 1048576K
}
Event: 1310.857 {metaspace Before GC invocations=319 (full 0):
 Metaspace       used 143790K, committed 147904K, reserved 1245184K
  class space    used 14718K, committed 16832K, reserved 1048576K
}
Event: 1313.406 {metaspace After GC invocations=320 (full 0):
 Metaspace       used 143790K, committed 147904K, reserved 1245184K
  class space    used 14718K, committed 16832K, reserved 1048576K
}
Event: 1320.009 {metaspace Before GC invocations=320 (full 0):
 Metaspace       used 143790K, committed 147904K, reserved 1245184K
  class space    used 14718K, committed 16832K, reserved 1048576K
}
Event: 1320.496 {metaspace After GC invocations=321 (full 0):
 Metaspace       used 143790K, committed 147904K, reserved 1245184K
  class space    used 14718K, committed 16832K, reserved 1048576K
}
Event: 1340.178 {metaspace Before GC invocations=322 (full 0):
 Metaspace       used 143492K, committed 147840K, reserved 1245184K
  class space    used 14649K, committed 16768K, reserved 1048576K
}
Event: 1340.186 {metaspace After GC invocations=323 (full 0):
 Metaspace       used 143492K, committed 147840K, reserved 1245184K
  class space    used 14649K, committed 16768K, reserved 1048576K
}
Event: 1343.580 {metaspace Before GC invocations=323 (full 0):
 Metaspace       used 143506K, committed 147840K, reserved 1245184K
  class space    used 14652K, committed 16768K, reserved 1048576K
}
Event: 1343.589 {metaspace After GC invocations=324 (full 0):
 Metaspace       used 143506K, committed 147840K, reserved 1245184K
  class space    used 14652K, committed 16768K, reserved 1048576K
}
Event: 1398.731 {metaspace Before GC invocations=324 (full 0):
 Metaspace       used 143738K, committed 147840K, reserved 1245184K
  class space    used 14656K, committed 16768K, reserved 1048576K
}

Dll operation events (14 events):
Event: 0.025 Loaded shared library C:\Users\sachintha\.jdks\openjdk-25\bin\java.dll
Event: 0.108 Loaded shared library C:\Users\sachintha\.jdks\openjdk-25\bin\zip.dll
Event: 0.117 Loaded shared library C:\Users\sachintha\.jdks\openjdk-25\bin\instrument.dll
Event: 0.121 Loaded shared library C:\Users\sachintha\.jdks\openjdk-25\bin\net.dll
Event: 0.124 Loaded shared library C:\Users\sachintha\.jdks\openjdk-25\bin\nio.dll
Event: 0.128 Loaded shared library C:\Users\sachintha\.jdks\openjdk-25\bin\zip.dll
Event: 0.725 Loaded shared library C:\Users\sachintha\.jdks\openjdk-25\bin\jimage.dll
Event: 1.849 Loaded shared library C:\Users\sachintha\.jdks\openjdk-25\bin\verify.dll
Event: 1.954 Loaded shared library C:\Users\sachintha\.gradle\native\660c5614fbf4a5f2a75b1949f50a0caf5cd603558e7d8a26e50b933a0cfb79d1\windows-amd64\native-platform.dll
Event: 2.115 Loaded shared library C:\Users\sachintha\.gradle\native\0.2.8\x86_64-windows-gnu\gradle-fileevents.dll
Event: 5.580 Loaded shared library C:\Users\sachintha\.jdks\openjdk-25\bin\management.dll
Event: 5.596 Loaded shared library C:\Users\sachintha\.jdks\openjdk-25\bin\management_ext.dll
Event: 5.942 Loaded shared library C:\Users\sachintha\.jdks\openjdk-25\bin\extnet.dll
Event: 7.747 Loaded shared library C:\Users\sachintha\.jdks\openjdk-25\bin\sunmscapi.dll

Deoptimization events (20 events):
Event: 1252.590 Thread 0x0000008033df4e30 Uncommon trap: trap_request=0xffffff45 fr.pc=0x0000008011853344 relative=0x0000000000001ac4
Event: 1252.592 Thread 0x0000008033df4e30 Uncommon trap: reason=unstable_if action=reinterpret pc=0x0000008011853344 method=java.util.TimSort.mergeHi(IIII)V @ 503 c2
Event: 1252.593 Thread 0x0000008033df4e30 DEOPT PACKING pc=0x0000008011853344 sp=0x000000803579b3a0
Event: 1252.595 Thread 0x0000008033df4e30 DEOPT UNPACKING pc=0x000000801098f502 sp=0x000000803579b370 mode 2
Event: 1253.758 Thread 0x0000008050fce060 Uncommon trap: trap_request=0xffffff45 fr.pc=0x0000008011e407ec relative=0x000000000000056c
Event: 1253.759 Thread 0x0000008050fce060 Uncommon trap: reason=unstable_if action=reinterpret pc=0x0000008011e407ec method=java.util.concurrent.LinkedTransferQueue$DualNode.await(Ljava/lang/Object;JLjava/lang/Object;Z)Ljava/lang/Object; @ 43 c2
Event: 1253.759 Thread 0x0000008050fce060 DEOPT PACKING pc=0x0000008011e407ec sp=0x000000803e7def40
Event: 1253.759 Thread 0x0000008050fce060 DEOPT UNPACKING pc=0x000000801098f502 sp=0x000000803e7deec0 mode 2
Event: 1255.849 Thread 0x0000008033df4e30 DEOPT PACKING pc=0x00000080058d3b89 sp=0x000000803579b3d0
Event: 1255.849 Thread 0x0000008033df4e30 DEOPT UNPACKING pc=0x00000080108c1702 sp=0x000000803579a8c0 mode 0
Event: 1261.817 Thread 0x0000008033df4e30 DEOPT PACKING pc=0x00000080058d3b89 sp=0x000000803579b3e0
Event: 1261.817 Thread 0x0000008033df4e30 DEOPT UNPACKING pc=0x00000080108c1702 sp=0x000000803579a8d0 mode 0
Event: 1277.891 Thread 0x0000008033df4e30 DEOPT PACKING pc=0x00000080058d3b89 sp=0x000000803579b370
Event: 1277.897 Thread 0x0000008033df4e30 DEOPT UNPACKING pc=0x00000080108c1702 sp=0x000000803579a860 mode 0
Event: 1282.130 Thread 0x0000008033df4e30 DEOPT PACKING pc=0x00000080058d3b89 sp=0x000000803579b3d0
Event: 1282.164 Thread 0x0000008033df4e30 DEOPT UNPACKING pc=0x00000080108c1702 sp=0x000000803579a8c0 mode 0
Event: 1283.002 Thread 0x00000080368a9cd0 DEOPT PACKING pc=0x00000080058d8477 sp=0x000000803ebded90
Event: 1283.004 Thread 0x00000080368a9cd0 DEOPT UNPACKING pc=0x00000080108c1702 sp=0x000000803ebde328 mode 0
Event: 1304.411 Thread 0x0000008033df4e30 DEOPT PACKING pc=0x00000080058d3b89 sp=0x000000803579b3f0
Event: 1304.411 Thread 0x0000008033df4e30 DEOPT UNPACKING pc=0x00000080108c1702 sp=0x000000803579a8e0 mode 0

Classes loaded (20 events):
Event: 45.812 Loading class java/io/CharArrayWriter
Event: 45.813 Loading class java/io/CharArrayWriter done
Event: 45.827 Loading class java/net/UrlDeserializedState
Event: 45.827 Loading class java/net/UrlDeserializedState done
Event: 45.847 Loading class sun/reflect/misc/MethodUtil
Event: 45.849 Loading class sun/reflect/misc/MethodUtil done
Event: 45.850 Loading class sun/reflect/misc/MethodUtil$1
Event: 45.850 Loading class sun/reflect/misc/MethodUtil$1 done
Event: 47.374 Loading class java/nio/file/StandardCopyOption
Event: 47.375 Loading class java/nio/file/StandardCopyOption done
Event: 47.375 Loading class sun/nio/fs/WindowsFileCopy
Event: 47.376 Loading class sun/nio/fs/WindowsFileCopy done
Event: 47.437 Loading class java/time/Instant$1
Event: 47.437 Loading class java/time/Instant$1 done
Event: 47.479 Loading class java/util/concurrent/CompletableFuture$AsyncRun
Event: 47.480 Loading class java/util/concurrent/CompletableFuture$AsyncRun done
Event: 47.959 Loading class jdk/internal/math/FormattedFPDecimal
Event: 47.960 Loading class jdk/internal/math/FormattedFPDecimal done
Event: 116.790 Loading class java/util/concurrent/locks/AbstractQueuedLongSynchronizer$Node
Event: 116.792 Loading class java/util/concurrent/locks/AbstractQueuedLongSynchronizer$Node done

Classes unloaded (20 events):
Event: 1324.507 Thread 0x000000802b1e5520 Unloading class 0x00000000230c6400 'java/lang/invoke/LambdaForm$MH+0x00000000230c6400'
Event: 1324.508 Thread 0x000000802b1e5520 Unloading class 0x00000000230c6000 'java/lang/invoke/LambdaForm$MH+0x00000000230c6000'
Event: 1324.508 Thread 0x000000802b1e5520 Unloading class 0x00000000230c5c00 'java/lang/invoke/LambdaForm$MH+0x00000000230c5c00'
Event: 1324.508 Thread 0x000000802b1e5520 Unloading class 0x00000000230c5800 'java/lang/invoke/LambdaForm$MH+0x00000000230c5800'
Event: 1324.509 Thread 0x000000802b1e5520 Unloading class 0x00000000230c5400 'java/lang/invoke/LambdaForm$MH+0x00000000230c5400'
Event: 1324.509 Thread 0x000000802b1e5520 Unloading class 0x00000000230c5000 'java/lang/invoke/LambdaForm$MH+0x00000000230c5000'
Event: 1324.509 Thread 0x000000802b1e5520 Unloading class 0x00000000230c4c00 'java/lang/invoke/LambdaForm$MH+0x00000000230c4c00'
Event: 1324.509 Thread 0x000000802b1e5520 Unloading class 0x00000000230c4800 'java/lang/invoke/LambdaForm$MH+0x00000000230c4800'
Event: 1324.509 Thread 0x000000802b1e5520 Unloading class 0x00000000230c4400 'java/lang/invoke/LambdaForm$MH+0x00000000230c4400'
Event: 1324.509 Thread 0x000000802b1e5520 Unloading class 0x00000000230c4000 'java/lang/invoke/LambdaForm$MH+0x00000000230c4000'
Event: 1324.509 Thread 0x000000802b1e5520 Unloading class 0x00000000230c3c00 'java/lang/invoke/LambdaForm$MH+0x00000000230c3c00'
Event: 1324.509 Thread 0x000000802b1e5520 Unloading class 0x00000000230c3800 'java/lang/invoke/LambdaForm$MH+0x00000000230c3800'
Event: 1324.509 Thread 0x000000802b1e5520 Unloading class 0x00000000230c3400 'java/lang/invoke/LambdaForm$MH+0x00000000230c3400'
Event: 1324.509 Thread 0x000000802b1e5520 Unloading class 0x00000000230c3000 'java/lang/invoke/LambdaForm$MH+0x00000000230c3000'
Event: 1324.510 Thread 0x000000802b1e5520 Unloading class 0x00000000230c2c00 'java/lang/invoke/LambdaForm$MH+0x00000000230c2c00'
Event: 1324.510 Thread 0x000000802b1e5520 Unloading class 0x00000000230c2800 'java/lang/invoke/LambdaForm$MH+0x00000000230c2800'
Event: 1324.510 Thread 0x000000802b1e5520 Unloading class 0x00000000230c2400 'java/lang/invoke/LambdaForm$MH+0x00000000230c2400'
Event: 1324.510 Thread 0x000000802b1e5520 Unloading class 0x00000000230c2000 'java/lang/invoke/LambdaForm$MH+0x00000000230c2000'
Event: 1324.510 Thread 0x000000802b1e5520 Unloading class 0x00000000230c1c00 'java/lang/invoke/LambdaForm$MH+0x00000000230c1c00'
Event: 1324.510 Thread 0x000000802b1e5520 Unloading class 0x00000000230c1800 'java/lang/invoke/LambdaForm$MH+0x00000000230c1800'

Classes redefined (0 events):
No events

Internal exceptions (20 events):
Event: 1360.529 Thread 0x0000008033df4e30 Exception <a 'sun/nio/fs/WindowsException'{0x000000064c5f04f0}> (0x000000064c5f04f0) 
thrown [s\open\src\hotspot\share\prims\jni.cpp, line 516]
Event: 1374.739 Thread 0x000000803271b7c0 Exception <a 'sun/nio/fs/WindowsException'{0x0000000648acf988}> (0x0000000648acf988) 
thrown [s\open\src\hotspot\share\prims\jni.cpp, line 516]
Event: 1375.197 Thread 0x0000008033df4e30 Exception <a 'sun/nio/fs/WindowsException'{0x0000000648486018}> (0x0000000648486018) 
thrown [s\open\src\hotspot\share\prims\jni.cpp, line 516]
Event: 1376.058 Thread 0x00000080473727d0 Exception <a 'sun/nio/fs/WindowsException'{0x0000000655b57510}> (0x0000000655b57510) 
thrown [s\open\src\hotspot\share\prims\jni.cpp, line 516]
Event: 1386.951 Thread 0x0000008033df4e30 Exception <a 'sun/nio/fs/WindowsException'{0x0000000647ea46a0}> (0x0000000647ea46a0) 
thrown [s\open\src\hotspot\share\prims\jni.cpp, line 516]
Event: 1386.953 Thread 0x0000008033df4e30 Exception <a 'sun/nio/fs/WindowsException'{0x0000000647ea5d70}> (0x0000000647ea5d70) 
thrown [s\open\src\hotspot\share\prims\jni.cpp, line 516]
Event: 1386.954 Thread 0x0000008033df4e30 Exception <a 'sun/nio/fs/WindowsException'{0x0000000647ea7430}> (0x0000000647ea7430) 
thrown [s\open\src\hotspot\share\prims\jni.cpp, line 516]
Event: 1386.954 Thread 0x0000008033df4e30 Exception <a 'sun/nio/fs/WindowsException'{0x0000000647ea87a0}> (0x0000000647ea87a0) 
thrown [s\open\src\hotspot\share\prims\jni.cpp, line 516]
Event: 1387.105 Thread 0x0000008033df4e30 Exception <a 'sun/nio/fs/WindowsException'{0x000000064780c290}> (0x000000064780c290) 
thrown [s\open\src\hotspot\share\prims\jni.cpp, line 516]
Event: 1387.107 Thread 0x0000008033df4e30 Exception <a 'sun/nio/fs/WindowsException'{0x000000064780e170}> (0x000000064780e170) 
thrown [s\open\src\hotspot\share\prims\jni.cpp, line 516]
Event: 1387.107 Thread 0x0000008033df4e30 Exception <a 'sun/nio/fs/WindowsException'{0x0000000647810040}> (0x0000000647810040) 
thrown [s\open\src\hotspot\share\prims\jni.cpp, line 516]
Event: 1387.107 Thread 0x0000008033df4e30 Exception <a 'sun/nio/fs/WindowsException'{0x0000000647811bc0}> (0x0000000647811bc0) 
thrown [s\open\src\hotspot\share\prims\jni.cpp, line 516]
Event: 1390.597 Thread 0x0000008033df4e30 Exception <a 'java/io/IOException'{0x0000000644c31ee8}> (0x0000000644c31ee8) 
thrown [s\open\src\hotspot\share\prims\jni.cpp, line 516]
Event: 1393.777 Thread 0x0000008051144e00 Exception <a 'sun/nio/fs/WindowsException'{0x0000000644103a48}> (0x0000000644103a48) 
thrown [s\open\src\hotspot\share\prims\jni.cpp, line 516]
Event: 1393.780 Thread 0x0000008051144e00 Exception <a 'sun/nio/fs/WindowsException'{0x0000000644105b50}> (0x0000000644105b50) 
thrown [s\open\src\hotspot\share\prims\jni.cpp, line 516]
Event: 1393.780 Thread 0x0000008051144e00 Exception <a 'sun/nio/fs/WindowsException'{0x0000000644107b98}> (0x0000000644107b98) 
thrown [s\open\src\hotspot\share\prims\jni.cpp, line 516]
Event: 1393.780 Thread 0x0000008051144e00 Exception <a 'sun/nio/fs/WindowsException'{0x0000000644109900}> (0x0000000644109900) 
thrown [s\open\src\hotspot\share\prims\jni.cpp, line 516]
Event: 1393.861 Thread 0x0000008051144e00 Exception <a 'sun/nio/fs/WindowsException'{0x0000000644147bd8}> (0x0000000644147bd8) 
thrown [s\open\src\hotspot\share\prims\jni.cpp, line 516]
Event: 1393.861 Thread 0x0000008051144e00 Exception <a 'sun/nio/fs/WindowsException'{0x0000000644149950}> (0x0000000644149950) 
thrown [s\open\src\hotspot\share\prims\jni.cpp, line 516]
Event: 1394.008 Thread 0x0000008051144e00 Exception <a 'sun/nio/fs/WindowsException'{0x000000064417c688}> (0x000000064417c688) 
thrown [s\open\src\hotspot\share\prims\jni.cpp, line 516]

VM Operations (20 events):
Event: 1313.406 Executing safepoint VM operation: G1CollectForAllocation (G1 Evacuation Pause) done
Event: 1317.289 Executing non-safepoint VM operation: HandshakeAllThreads (HandshakeForDeflation)
Event: 1317.326 Executing non-safepoint VM operation: HandshakeAllThreads (HandshakeForDeflation) done
Event: 1317.326 Executing non-safepoint VM operation: RendezvousGCThreads
Event: 1317.326 Executing non-safepoint VM operation: RendezvousGCThreads done
Event: 1320.009 Executing safepoint VM operation: G1CollectForAllocation (G1 Evacuation Pause)
Event: 1320.497 Executing safepoint VM operation: G1CollectForAllocation (G1 Evacuation Pause) done
Event: 1324.490 Executing safepoint VM operation: G1PauseRemark
Event: 1338.903 Executing safepoint VM operation: G1PauseRemark done
Event: 1339.414 Executing safepoint VM operation: G1PauseCleanup
Event: 1339.434 Executing safepoint VM operation: G1PauseCleanup done
Event: 1340.178 Executing safepoint VM operation: G1CollectForAllocation (G1 Evacuation Pause)
Event: 1340.186 Executing safepoint VM operation: G1CollectForAllocation (G1 Evacuation Pause) done
Event: 1343.580 Executing safepoint VM operation: G1CollectForAllocation (G1 Evacuation Pause)
Event: 1343.589 Executing safepoint VM operation: G1CollectForAllocation (G1 Evacuation Pause) done
Event: 1377.353 Executing non-safepoint VM operation: HandshakeAllThreads (HandshakeForDeflation)
Event: 1377.404 Executing non-safepoint VM operation: HandshakeAllThreads (HandshakeForDeflation) done
Event: 1377.404 Executing non-safepoint VM operation: RendezvousGCThreads
Event: 1377.404 Executing non-safepoint VM operation: RendezvousGCThreads done
Event: 1398.600 Executing safepoint VM operation: G1CollectForAllocation (G1 Evacuation Pause)

Memory protections (0 events):
No events

Nmethod flushes (20 events):
Event: 1338.766 Thread 0x000000802b1e5520 flushing  nmethod 0x0000008002a8d108
Event: 1338.766 Thread 0x000000802b1e5520 flushing  nmethod 0x0000008002a8e308
Event: 1338.772 Thread 0x000000802b1e5520 flushing  nmethod 0x0000008002a90f08
Event: 1338.772 Thread 0x000000802b1e5520 flushing  nmethod 0x0000008002b18d88
Event: 1338.772 Thread 0x000000802b1e5520 flushing  nmethod 0x0000008002b19b08
Event: 1338.772 Thread 0x000000802b1e5520 flushing  nmethod 0x0000008002b1bc08
Event: 1338.772 Thread 0x000000802b1e5520 flushing  nmethod 0x0000008002b1db88
Event: 1338.772 Thread 0x000000802b1e5520 flushing  nmethod 0x0000008002cd3788
Event: 1338.772 Thread 0x000000802b1e5520 flushing  nmethod 0x0000008002cd9888
Event: 1338.772 Thread 0x000000802b1e5520 flushing  nmethod 0x0000008002f8d588
Event: 1338.772 Thread 0x000000802b1e5520 flushing  nmethod 0x000000800356bd88
Event: 1338.795 Thread 0x000000802b1e5520 flushing  nmethod 0x0000008003a70e08
Event: 1338.795 Thread 0x000000802b1e5520 flushing  nmethod 0x0000008003b94608
Event: 1338.795 Thread 0x000000802b1e5520 flushing  nmethod 0x00000080058afe88
Event: 1338.795 Thread 0x000000802b1e5520 flushing  nmethod 0x00000080058b0308
Event: 1338.795 Thread 0x000000802b1e5520 flushing  nmethod 0x00000080058b0788
Event: 1338.795 Thread 0x000000802b1e5520 flushing  nmethod 0x00000080058c7108
Event: 1338.795 Thread 0x000000802b1e5520 flushing  nmethod 0x00000080058c7608
Event: 1338.795 Thread 0x000000802b1e5520 flushing  nmethod 0x00000080058c7a08
Event: 1338.795 Thread 0x000000802b1e5520 flushing  nmethod 0x00000080058c7e88

Events (20 events):
Event: 1391.900 Thread 0x0000008051144e00 Thread added: 0x0000008038b65360
Event: 1391.900 Thread 0x0000008051144e00 Thread added: 0x0000008038b699b0
Event: 1391.900 Thread 0x0000008051144e00 Thread added: 0x0000008038b6a950
Event: 1391.900 Thread 0x0000008051144e00 Thread added: 0x0000008038b6a180
Event: 1391.900 Thread 0x0000008051144e00 Thread added: 0x0000008038b6b8f0
Event: 1391.901 Thread 0x0000008051144e00 Thread added: 0x0000008038b6e7d0
Event: 1391.901 Thread 0x0000008051144e00 Thread added: 0x0000008038b6efa0
Event: 1393.129 Thread 0x0000008051144e00 Thread added: 0x0000008036ddc9d0
Event: 1393.130 Thread 0x0000008051144e00 Thread added: 0x0000008036ddb260
Event: 1393.130 Thread 0x0000008051144e00 Thread added: 0x0000008054c0f9f0
Event: 1393.130 Thread 0x0000008051144e00 Thread added: 0x0000008054c10990
Event: 1393.130 Thread 0x0000008051144e00 Thread added: 0x0000008047cacd80
Event: 1393.130 Thread 0x0000008051144e00 Thread added: 0x0000008047cadd20
Event: 1393.130 Thread 0x0000008051144e00 Thread added: 0x0000008047cad550
Event: 1393.130 Thread 0x0000008051144e00 Thread added: 0x000000804ac85800
Event: 1393.131 Thread 0x0000008051144e00 Thread added: 0x000000804ac87f10
Event: 1393.133 Thread 0x0000008051144e00 Thread added: 0x000000804b671630
Event: 1393.133 Thread 0x0000008051144e00 Thread added: 0x000000804b671e00
Event: 1393.700 Thread 0x0000008051144e00 Thread added: 0x000000804a5c8580
Event: 1393.700 Thread 0x0000008051144e00 Thread added: 0x000000804a5c7db0


Dynamic libraries:
0x00007ff781e50000 - 0x00007ff781e5e000 	C:\Users\sachintha\.jdks\openjdk-25\bin\java.exe
0x00007fff07300000 - 0x00007fff07565000 	C:\WINDOWS\SYSTEM32\ntdll.dll
0x00007fff06b20000 - 0x00007fff06bdf000 	C:\WINDOWS\System32\KERNEL32.DLL
0x00007fff048b0000 - 0x00007fff04ca8000 	C:\WINDOWS\System32\KERNELBASE.dll
0x00007fff04e80000 - 0x00007fff04fc8000 	C:\WINDOWS\System32\ucrtbase.dll
0x00007ffef0340000 - 0x00007ffef0357000 	C:\Users\sachintha\.jdks\openjdk-25\bin\jli.dll
0x00007ffef0620000 - 0x00007ffef063e000 	C:\Users\sachintha\.jdks\openjdk-25\bin\VCRUNTIME140.dll
0x00007fff060b0000 - 0x00007fff0626f000 	C:\WINDOWS\System32\USER32.dll
0x00007ffee2040000 - 0x00007ffee22ba000 	C:\WINDOWS\WinSxS\amd64_microsoft.windows.common-controls_6595b64144ccf1df_6.0.29617.1000_none_a3aef562617c0eec\COMCTL32.dll
0x00007fff04fd0000 - 0x00007fff04ff7000 	C:\WINDOWS\System32\win32u.dll
0x00007fff05eb0000 - 0x00007fff05ee1000 	C:\WINDOWS\System32\GDI32.dll
0x00007fff04d60000 - 0x00007fff04e7a000 	C:\WINDOWS\System32\gdi32full.dll
0x00007fff05000000 - 0x00007fff050a4000 	C:\WINDOWS\System32\msvcp_win.dll
0x00007fff045d0000 - 0x00007fff045f2000 	C:\WINDOWS\System32\etw.dll
0x00007fff064c0000 - 0x00007fff064ef000 	C:\WINDOWS\System32\IMM32.DLL
0x00007ffefeaf0000 - 0x00007ffefeafc000 	C:\Users\sachintha\.jdks\openjdk-25\bin\vcruntime140_1.dll
0x00007ffee4780000 - 0x00007ffee480d000 	C:\Users\sachintha\.jdks\openjdk-25\bin\msvcp140.dll
0x00007ffe8bce0000 - 0x00007ffe8cb3f000 	C:\Users\sachintha\.jdks\openjdk-25\bin\server\jvm.dll
0x00007fff05ef0000 - 0x00007fff05f9d000 	C:\WINDOWS\System32\ADVAPI32.dll
0x00007fff06a70000 - 0x00007fff06b18000 	C:\WINDOWS\System32\msvcrt.dll
0x00007fff068c0000 - 0x00007fff06946000 	C:\WINDOWS\System32\sechost.dll
0x00007fff06950000 - 0x00007fff06a5f000 	C:\WINDOWS\System32\RPCRT4.dll
0x00007fff06bf0000 - 0x00007fff06c6b000 	C:\WINDOWS\System32\WS2_32.dll
0x00007fff04440000 - 0x00007fff0449e000 	C:\WINDOWS\SYSTEM32\POWRPROF.dll
0x00007fff01c30000 - 0x00007fff01c60000 	C:\WINDOWS\SYSTEM32\WINMM.dll
0x00007ffee6f60000 - 0x00007ffee6f6b000 	C:\WINDOWS\SYSTEM32\VERSION.dll
0x00007fff04420000 - 0x00007fff0443a000 	C:\WINDOWS\SYSTEM32\UMPDC.dll
0x00007fff03310000 - 0x00007fff0332b000 	C:\WINDOWS\SYSTEM32\kernel.appcore.dll
0x00007ffef0490000 - 0x00007ffef049a000 	C:\Users\sachintha\.jdks\openjdk-25\bin\jimage.dll
0x00007fff018b0000 - 0x00007fff01ba7000 	C:\WINDOWS\SYSTEM32\DBGHELP.DLL
0x00007fff06e60000 - 0x00007fff071d0000 	C:\WINDOWS\System32\combase.dll
0x00007fff05cf0000 - 0x00007fff05dc3000 	C:\WINDOWS\System32\OLEAUT32.dll
0x00007fff01bb0000 - 0x00007fff01bf5000 	C:\WINDOWS\SYSTEM32\dbgcore.DLL
0x00007fff04370000 - 0x00007fff0441d000 	C:\WINDOWS\SYSTEM32\bcryptprimitives.dll
0x00007ffef0440000 - 0x00007ffef0450000 	C:\Users\sachintha\.jdks\openjdk-25\bin\instrument.dll
0x00007ffef0090000 - 0x00007ffef00af000 	C:\Users\sachintha\.jdks\openjdk-25\bin\java.dll
0x00007fff06500000 - 0x00007fff0668e000 	C:\WINDOWS\System32\ole32.dll
0x00007fff055b0000 - 0x00007fff05ce5000 	C:\WINDOWS\System32\SHELL32.dll
0x00007fff02140000 - 0x00007fff029cf000 	C:\WINDOWS\SYSTEM32\windows.storage.dll
0x00007fff05fb0000 - 0x00007fff060a7000 	C:\WINDOWS\System32\SHCORE.dll
0x00007fff066b0000 - 0x00007fff06710000 	C:\WINDOWS\System32\shlwapi.dll
0x00007fff044f0000 - 0x00007fff04518000 	C:\WINDOWS\SYSTEM32\profapi.dll
0x00007ffeef5b0000 - 0x00007ffeef5c7000 	C:\Users\sachintha\.jdks\openjdk-25\bin\zip.dll
0x00007ffeee800000 - 0x00007ffeee812000 	C:\Users\sachintha\.jdks\openjdk-25\bin\net.dll
0x00007fff04840000 - 0x00007fff048a7000 	C:\WINDOWS\System32\mswsock.dll
0x00007ffeedb30000 - 0x00007ffeedb46000 	C:\Users\sachintha\.jdks\openjdk-25\bin\nio.dll
0x00007ffef0060000 - 0x00007ffef0070000 	C:\Users\sachintha\.jdks\openjdk-25\bin\verify.dll
0x00007ffec4020000 - 0x00007ffec4047000 	C:\Users\sachintha\.gradle\native\660c5614fbf4a5f2a75b1949f50a0caf5cd603558e7d8a26e50b933a0cfb79d1\windows-amd64\native-platform.dll
0x00007ffe5c420000 - 0x00007ffe5c497000 	C:\Users\sachintha\.gradle\native\0.2.8\x86_64-windows-gnu\gradle-fileevents.dll
0x00007ffefeb50000 - 0x00007ffefeb5a000 	C:\Users\sachintha\.jdks\openjdk-25\bin\management.dll
0x00007ffef00e0000 - 0x00007ffef00ec000 	C:\Users\sachintha\.jdks\openjdk-25\bin\management_ext.dll
0x00007fff05fa0000 - 0x00007fff05fa8000 	C:\WINDOWS\System32\PSAPI.DLL
0x00007fff02dc0000 - 0x00007fff02df2000 	C:\WINDOWS\SYSTEM32\IPHLPAPI.DLL
0x00007fff066a0000 - 0x00007fff066aa000 	C:\WINDOWS\System32\NSI.dll
0x00007ffef00d0000 - 0x00007ffef00d9000 	C:\Users\sachintha\.jdks\openjdk-25\bin\extnet.dll
0x00007fff03be0000 - 0x00007fff03bfa000 	C:\WINDOWS\SYSTEM32\CRYPTSP.dll
0x00007fff032d0000 - 0x00007fff03307000 	C:\WINDOWS\system32\rsaenh.dll
0x00007fff038b0000 - 0x00007fff038e2000 	C:\WINDOWS\SYSTEM32\USERENV.dll
0x00007fff04d30000 - 0x00007fff04d5a000 	C:\WINDOWS\System32\bcrypt.dll
0x00007fff03a50000 - 0x00007fff03a5c000 	C:\WINDOWS\SYSTEM32\CRYPTBASE.dll
0x00007ffef00c0000 - 0x00007ffef00ce000 	C:\Users\sachintha\.jdks\openjdk-25\bin\sunmscapi.dll
0x00007fff046c0000 - 0x00007fff04831000 	C:\WINDOWS\System32\CRYPT32.dll
0x00007fff03d40000 - 0x00007fff03d74000 	C:\WINDOWS\SYSTEM32\ncrypt.dll
0x00007fff03cf0000 - 0x00007fff03d2e000 	C:\WINDOWS\SYSTEM32\NTASN1.dll
0x00007ffec9ff0000 - 0x00007ffec9ff8000 	C:\WINDOWS\system32\wshunix.dll

JVMTI agents:
C:\Users\sachintha\.gradle\wrapper\dists\gradle-9.3.1-all\9ot9r568e8zfvvd4mn8rbu1j0\gradle-9.3.1\lib\agents\gradle-instrumentation-agent-9.3.1.jar path:C:\Users\sachintha\.jdks\openjdk-25\bin\instrument.dll, loaded, initialized, instrumentlib options:none

dbghelp: loaded successfully - version: 4.0.5 - missing functions: none
symbol engine: initialized successfully - sym options: 0x614 - pdb path: .;C:\Users\sachintha\.jdks\openjdk-25\bin;C:\WINDOWS\SYSTEM32;C:\WINDOWS\WinSxS\amd64_microsoft.windows.common-controls_6595b64144ccf1df_6.0.29617.1000_none_a3aef562617c0eec;C:\Users\sachintha\.jdks\openjdk-25\bin\server;C:\Users\sachintha\.gradle\native\660c5614fbf4a5f2a75b1949f50a0caf5cd603558e7d8a26e50b933a0cfb79d1\windows-amd64;C:\Users\sachintha\.gradle\native\0.2.8\x86_64-windows-gnu

VM Arguments:
jvm_args: --add-opens=java.base/java.lang=ALL-UNNAMED --add-opens=java.base/java.lang.invoke=ALL-UNNAMED --add-opens=java.base/java.util=ALL-UNNAMED --add-opens=java.prefs/java.util.prefs=ALL-UNNAMED --add-exports=jdk.compiler/com.sun.tools.javac.api=ALL-UNNAMED --add-exports=jdk.compiler/com.sun.tools.javac.util=ALL-UNNAMED --add-opens=java.base/java.util=ALL-UNNAMED --add-opens=java.prefs/java.util.prefs=ALL-UNNAMED --add-opens=java.base/java.nio.charset=ALL-UNNAMED --add-opens=java.base/java.net=ALL-UNNAMED --add-opens=java.base/java.util.concurrent=ALL-UNNAMED --add-opens=java.base/java.util.concurrent.atomic=ALL-UNNAMED --add-opens=java.xml/javax.xml.namespace=ALL-UNNAMED --add-opens=java.base/java.time=ALL-UNNAMED --enable-native-access=ALL-UNNAMED -XX:MaxMetaspaceSize=4G -XX:ReservedCodeCacheSize=512m -XX:+HeapDumpOnOutOfMemoryError -Xmx8G -Dfile.encoding=UTF-8 -Duser.country=US -Duser.language=en -Duser.variant -javaagent:C:\Users\sachintha\.gradle\wrapper\dists\gradle-9.3.1-all\9ot9r568e8zfvvd4mn8rbu1j0\gradle-9.3.1\lib\agents\gradle-instrumentation-agent-9.3.1.jar 
java_command: org.gradle.launcher.daemon.bootstrap.GradleDaemon 9.3.1
java_class_path (initial): C:\Users\sachintha\.gradle\wrapper\dists\gradle-9.3.1-all\9ot9r568e8zfvvd4mn8rbu1j0\gradle-9.3.1\lib\gradle-daemon-main-9.3.1.jar
Launcher Type: SUN_STANDARD

[Global flags]
     intx CICompilerCount                          = 4                                         {product} {ergonomic}
     uint ConcGCThreads                            = 3                                         {product} {ergonomic}
     uint G1ConcRefinementThreads                  = 10                                        {product} {ergonomic}
   size_t G1HeapRegionSize                         = 4194304                                   {product} {ergonomic}
     bool HeapDumpOnOutOfMemoryError               = true                                   {manageable} {command line}
   size_t InitialHeapSize                          = 130023424                                 {product} {ergonomic}
   size_t MarkStackSize                            = 4194304                                   {product} {ergonomic}
   size_t MarkStackSizeMax                         = 536870912                                 {product} {ergonomic}
   size_t MaxHeapSize                              = 8589934592                                {product} {command line}
   size_t MaxMetaspaceSize                         = 4294967296                                {product} {command line}
   size_t MaxNewSize                               = 5150605312                                {product} {ergonomic}
   size_t MinHeapDeltaBytes                        = 4194304                                   {product} {ergonomic}
   size_t MinHeapSize                              = 8388608                                   {product} {ergonomic}
    uintx NonNMethodCodeHeapSize                   = 5832704                                {pd product} {ergonomic}
    uintx NonProfiledCodeHeapSize                  = 265551872                              {pd product} {ergonomic}
    uintx ProfiledCodeHeapSize                     = 265486336                              {pd product} {ergonomic}
    uintx ReservedCodeCacheSize                    = 536870912                              {pd product} {command line, ergonomic}
     bool SegmentedCodeCache                       = true                                      {product} {ergonomic}
   size_t SoftMaxHeapSize                          = 8589934592                             {manageable} {ergonomic}
     bool UseCompressedOops                        = true                           {product lp64_product} {ergonomic}
     bool UseG1GC                                  = true                                      {product} {ergonomic}
     bool UseLargePagesIndividualAllocation        = false                                  {pd product} {ergonomic}

Logging:
Log output configuration:
 #0: stdout all=warning uptime,level,tags foldmultilines=false
 #1: stderr all=off uptime,level,tags foldmultilines=false

Release file:
IMPLEMENTOR="Oracle Corporation" 
JAVA_RUNTIME_VERSION="25+36-3489" 
JAVA_VERSION="25" 
JAVA_VERSION_DATE="2025-09-16" 
LIBC="default" 
MODULES="java.base java.compiler java.datatransfer java.xml java.prefs java.desktop java.instrument java.logging java.management java.security.sasl java.naming java.rmi java.management.rmi java.net.http java.scripting java.security.jgss java.transaction.xa java.sql java.sql.rowset java.xml.crypto java.se java.smartcardio jdk.accessibility jdk.internal.jvmstat jdk.attach jdk.charsets jdk.internal.opt jdk.zipfs jdk.compiler jdk.crypto.cryptoki jdk.crypto.ec jdk.crypto.mscapi jdk.dynalink jdk.internal.ed jdk.editpad jdk.internal.vm.ci jdk.graal.compiler jdk.graal.compiler.management jdk.hotspot.agent jdk.httpserver jdk.incubator.vector jdk.internal.le jdk.internal.md jdk.jartool jdk.javadoc jdk.jcmd jdk.management jdk.management.agent jdk.jconsole jdk.jdeps jdk.jdwp.agent jdk.jdi jdk.jfr jdk.jlink jdk.jpackage jdk.jshell jdk.jsobject jdk.jstatd jdk.localedata jdk.management.jfr jdk.naming.dns jdk.naming.rmi jdk.net jdk.nio.mapmode jdk.sctp jdk.security.auth jdk.security.jgss jdk.unsupported jdk.unsupported.desktop jdk.xml.dom" 
OS_ARCH="x86_64" 
OS_NAME="Windows" 
SOURCE=".:git:6c48f4ed707b" 

Environment Variables:
PATH=C:\Program Files\Microsoft MPI\Bin\;C:\Program Files\Common Files\Oracle\Java\javapath;C:\Python314\Scripts\;C:\Python314\;C:\Program Files (x86)\NVIDIA Corporation\PhysX\Common;C:\WINDOWS\system32;C:\WINDOWS;C:\WINDOWS\System32\Wbem;C:\WINDOWS\System32\WindowsPowerShell\v1.0\;C:\WINDOWS\System32\OpenSSH\;C:\Program Files\Microsoft SQL Server\150\Tools\Binn\;C:\Program Files\Git\cmd;C:\ProgramData\chocolatey\bin;C:\Program Files\nodejs\;C:\java\apache-maven-3.9.14-bin\apache-maven-3.9.14\bin;C:\Program Files\Microsoft SQL Server\170\Tools\Binn\;C:\Program Files\Microsoft SQL Server\Client SDK\ODBC\170\Tools\Binn\;C:\Program Files (x86)\Windows Kits\10\Windows Performance Toolkit\;C:\Program Files\Microsoft SQL Server\170\DTS\Binn\;C:\Program Files\dotnet\;C:\Program Files\Docker\Docker\resources\bin;C:\Users\sachintha\AppData\Local\Programs\Python\Python313\Scripts\;C:\Users\sachintha\AppData\Local\Programs\Python\Python313\;C:\Users\sachintha\AppData\Local\Microsoft\WindowsApps;C:\Program Files\JetBrains\PyCharm 2025.1.1.1\bin;;C:\Program Files\JetBrains\IntelliJ IDEA Community Edition 2025.2.1\bin;C:\Users\sachintha\AppData\Roaming\npm;C:\Users\sachintha\AppData\Local\Programs\Antigravity\bin;C:\flutter\flutter\bin;C:\Users\sachintha\.dotnet\tools;C:\Users\sachintha\AppData\Local\Programs\Microsoft VS Code\bin;;C:\Users\sachintha\.bun\bin
USERNAME=sachintha
OS=Windows_NT
PROCESSOR_IDENTIFIER=Intel64 Family 6 Model 186 Stepping 2, GenuineIntel
TMP=C:\Users\SACHIN~1\AppData\Local\Temp
TEMP=C:\Users\SACHIN~1\AppData\Local\Temp




Compilation memory statistics disabled.

Periodic native trim disabled

---------------  S Y S T E M  ---------------

OS:
 Windows 11 , 64 bit Build 29617 (10.0.29617.1000)
OS uptime: 0 days 21:01 hours
Hyper-V role detected

CPU: total 12 (initial active 12) (6 cores per cpu, 2 threads per core) family 6 model 186 stepping 2 microcode 0x5105, cx8, cmov, fxsr, ht, mmx, 3dnowpref, sse, sse2, sse3, ssse3, sse4.1, sse4.2, popcnt, lzcnt, tsc, tscinvbit, avx, avx2, aes, erms, clmul, bmi1, bmi2, adx, sha, fma, vzeroupper, clflush, clflushopt, clwb, hv, serialize, rdtscp, rdpid, fsrm, gfni, f16c, cet_ibt, cet_ss
Processor Information for processor 0
  Max Mhz: 2100, Current Mhz: 2100, Mhz Limit: 2100
Processor Information for processor 1
  Max Mhz: 2100, Current Mhz: 2100, Mhz Limit: 2100
Processor Information for processor 2
  Max Mhz: 2100, Current Mhz: 2100, Mhz Limit: 2100
Processor Information for processor 3
  Max Mhz: 2100, Current Mhz: 2100, Mhz Limit: 2100
Processor Information for processor 4
  Max Mhz: 2100, Current Mhz: 2100, Mhz Limit: 2100
Processor Information for processor 5
  Max Mhz: 2100, Current Mhz: 2100, Mhz Limit: 2100
Processor Information for processor 6
  Max Mhz: 2100, Current Mhz: 2100, Mhz Limit: 2100
Processor Information for processor 7
  Max Mhz: 2100, Current Mhz: 2100, Mhz Limit: 2100
Processor Information for processor 8
  Max Mhz: 2100, Current Mhz: 2100, Mhz Limit: 2100
Processor Information for processor 9
  Max Mhz: 2100, Current Mhz: 2100, Mhz Limit: 2100
Processor Information for processor 10
  Max Mhz: 2100, Current Mhz: 1540, Mhz Limit: 2100
Processor Information for processor 11
  Max Mhz: 2100, Current Mhz: 1540, Mhz Limit: 2100

Memory: 4k page, system-wide physical 7709M (319M free)
TotalPageFile size 24093M (AvailPageFile size 790M)
current process WorkingSet (physical memory assigned to process): 413M, peak: 1588M
current process commit charge ("private bytes"): 2734M, peak: 3626M

vm_info: OpenJDK 64-Bit Server VM (25+36-3489) for windows-amd64 JRE (25+36-3489), built on 2025-08-12T17:19:28Z with unknown MS VC++:1943

END.
