#
# There is insufficient memory for the Java Runtime Environment to continue.
# Native memory allocation (mmap) failed to map 1170210816 bytes. Error detail: G1 virtual space
# Possible reasons:
#   The system is out of physical RAM or swap space
#   This process is running with CompressedOops enabled, and the Java Heap may be blocking the growth of the native heap
# Possible solutions:
#   Reduce memory load on the system
#   Increase physical memory or swap space
#   Check if swap backing store is full
#   Decrease Java heap size (-Xmx/-Xms)
#   Decrease number of Java threads
#   Decrease Java thread stack sizes (-Xss)
#   Set larger code cache with -XX:ReservedCodeCacheSize=
#   JVM is running with Zero Based Compressed Oops mode in which the Java heap is
#     placed in the first 32GB address space. The Java Heap base address is the
#     maximum limit for the native heap growth. Please use -XX:HeapBaseMinAddress
#     to set the Java Heap base and to place the Java Heap above 32GB virtual address.
# This output file may be truncated or incomplete.
#
#  Out of Memory Error (os_windows.cpp:3554), pid=23936, tid=19284
#
# JRE version: OpenJDK Runtime Environment (25.0+36) (build 25+36-3489)
# Java VM: OpenJDK 64-Bit Server VM (25+36-3489, mixed mode, sharing, tiered, compressed oops, compressed class ptrs, g1 gc, windows-amd64)
# No core dump will be written. Minidumps are not enabled by default on client versions of Windows
#

---------------  S U M M A R Y ------------

Command Line: --add-opens=java.base/java.lang=ALL-UNNAMED --add-opens=java.base/java.lang.invoke=ALL-UNNAMED --add-opens=java.base/java.util=ALL-UNNAMED --add-opens=java.prefs/java.util.prefs=ALL-UNNAMED --add-exports=jdk.compiler/com.sun.tools.javac.api=ALL-UNNAMED --add-exports=jdk.compiler/com.sun.tools.javac.util=ALL-UNNAMED --add-opens=java.base/java.util=ALL-UNNAMED --add-opens=java.prefs/java.util.prefs=ALL-UNNAMED --add-opens=java.base/java.nio.charset=ALL-UNNAMED --add-opens=java.base/java.net=ALL-UNNAMED --add-opens=java.base/java.util.concurrent=ALL-UNNAMED --add-opens=java.base/java.util.concurrent.atomic=ALL-UNNAMED --add-opens=java.xml/javax.xml.namespace=ALL-UNNAMED --add-opens=java.base/java.time=ALL-UNNAMED --enable-native-access=ALL-UNNAMED -XX:MaxMetaspaceSize=4G -XX:ReservedCodeCacheSize=512m -XX:+HeapDumpOnOutOfMemoryError -Xmx8G -Dfile.encoding=UTF-8 -Duser.country=US -Duser.language=en -Duser.variant -javaagent:C:\Users\sachintha\.gradle\wrapper\dists\gradle-9.3.1-all\9ot9r568e8zfvvd4mn8rbu1j0\gradle-9.3.1\lib\agents\gradle-instrumentation-agent-9.3.1.jar org.gradle.launcher.daemon.bootstrap.GradleDaemon 9.3.1

Host: 13th Gen Intel(R) Core(TM) i5-13420H, 12 cores, 7G,  Windows 11 , 64 bit Build 29617 (10.0.29617.1000)
Time: Mon Sep 14 21:39:42 2026 Sri Lanka Standard Time elapsed time: 4452.942620 seconds (0d 1h 14m 12s)

---------------  T H R E A D  ---------------

Current thread (0x000000802b0ee0e0):  VMThread "VM Thread"          [id=19284, stack(0x000000802d780000,0x000000802d880000) (1024K)]

Stack: [0x000000802d780000,0x000000802d880000]
Native frames: (J=compiled Java code, j=interpreted, Vv=VM code, C=native code)
V  [jvm.dll+0x7a6a39]  (no source info available)
V  [jvm.dll+0x7727ed]  (no source info available)
V  [jvm.dll+0x965f33]  (no source info available)
V  [jvm.dll+0x968531]  (no source info available)
V  [jvm.dll+0x968c33]  (no source info available)
V  [jvm.dll+0x2fc756]  (no source info available)
V  [jvm.dll+0x7a2c65]  (no source info available)
V  [jvm.dll+0x796077]  (no source info available)
V  [jvm.dll+0x3f4698]  (no source info available)
V  [jvm.dll+0x3fc5b6]  (no source info available)
V  [jvm.dll+0x3e8c8e]  (no source info available)
V  [jvm.dll+0x3e8f48]  (no source info available)
V  [jvm.dll+0x3c0045]  (no source info available)
V  [jvm.dll+0x3c00da]  (no source info available)
V  [jvm.dll+0x40d2b6]  (no source info available)
V  [jvm.dll+0x40bbdb]  (no source info available)
V  [jvm.dll+0x3bf787]  (no source info available)
V  [jvm.dll+0x40afdf]  (no source info available)
V  [jvm.dll+0x96ee71]  (no source info available)
V  [jvm.dll+0x97018d]  (no source info available)
V  [jvm.dll+0x970709]  (no source info available)
V  [jvm.dll+0x9709b3]  (no source info available)
V  [jvm.dll+0x90681d]  (no source info available)
V  [jvm.dll+0x7a5015]  (no source info available)
C  [ucrtbase.dll+0x4e3b0]  (no source info available)
C  [KERNEL32.DLL+0x2f9f3]  (no source info available)
C  [ntdll.dll+0x90cb0]  (no source info available)

VM_Operation (0x0000008035795c10): G1CollectForAllocation, mode: safepoint, requested by thread 0x0000008033ecc320


---------------  P R O C E S S  ---------------

Threads class SMR info:
_java_thread_list=0x000000804e0968f0, length=379, elements={
0x000000800049d0e0, 0x000000802b238860, 0x000000802b23a270, 0x000000802b23e540,
0x000000802b242270, 0x000000802b245c30, 0x000000802b24c810, 0x000000802b255eb0,
0x000000802b25dc70, 0x00000080322ce020, 0x0000008032334e20, 0x00000080322d4790,
0x0000008033ec55c0, 0x0000008033ec84a0, 0x0000008033ec8c70, 0x0000008033ecc320,
0x0000008032421f20, 0x000000803241f040, 0x0000008034c9b5c0, 0x0000008034c9f440,
0x0000008034ca03e0, 0x0000008034c9ec70, 0x0000008034c9fc10, 0x000000803483aa60,
0x000000803483d170, 0x00000080349707d0, 0x00000080374ac450, 0x00000080368982e0,
0x00000080368963a0, 0x00000080385592c0, 0x0000008036892cf0, 0x000000803689e0a0,
0x00000080368a07b0, 0x00000080368a1f20, 0x00000080368a3690, 0x00000080368a55d0,
0x00000080368a7ce0, 0x00000080368a7510, 0x00000080368a5da0, 0x0000008037d33bf0,
0x0000008037d31cb0, 0x000000803689b990, 0x0000008037eb5dd0, 0x00000080381a8020,
0x00000080381a87f0, 0x0000008037eba420, 0x00000080381ae5b0, 0x0000008037d2a780,
0x0000008037eb3e90, 0x00000080368a9c20, 0x00000080368ae270, 0x000000803749f160,
0x00000080368a3e60, 0x0000008036895bd0, 0x0000008037d2edd0, 0x00000080368a0f80,
0x00000080381ab6d0, 0x00000080381a41a0, 0x000000803689ffe0, 0x00000080454abee0,
0x0000008046a06700, 0x000000804e63b060, 0x00000080495d87b0, 0x000000804700f790,
0x0000008046a047c0, 0x00000080468fcd70, 0x000000804981bf90, 0x000000804596b330,
0x000000804981c760, 0x0000008049974630, 0x000000804e1a6010, 0x0000008044f05b00,
0x0000008044f062d0, 0x0000008046a05f30, 0x000000804e5f1fd0, 0x000000804e8e1aa0,
0x00000080455204e0, 0x00000080330a4640, 0x00000080466afae0, 0x000000804ea035b0,
0x00000080451f0a40, 0x000000804e682ff0, 0x0000008044eff160, 0x00000080453f1cc0,
0x00000080499f8c70, 0x000000804e684f30, 0x000000804990d1d0, 0x00000080468fa660,
0x00000080493437b0, 0x0000008049413370, 0x00000080496d7d50, 0x00000080476df3c0,
0x00000080453f3430, 0x000000804e51c770, 0x0000008044f0b440, 0x0000008049972ec0,
0x0000008037ebe8b0, 0x000000803c636630, 0x00000080330a3e70, 0x0000008044ddf340,
0x000000804596e9e0, 0x0000008047f9f870, 0x0000008044f00100, 0x00000080490f3960,
0x000000803c6684b0, 0x000000804e63cfa0, 0x00000080490f3190, 0x0000008044efe990,
0x0000008049344750, 0x0000008049723830, 0x00000080474b6fd0, 0x00000080476dfb90,
0x0000008044f05330, 0x0000008044f0ac70, 0x000000804e51a060, 0x0000008049416250,
0x0000008045746630, 0x0000008048d770a0, 0x000000804570b860, 0x000000804596bb00,
0x0000008049487770, 0x00000080475b92a0, 0x000000804e603510, 0x000000804700e7f0,
0x0000008049487f40, 0x00000080451f0270, 0x0000008049b492c0, 0x0000008044ee8700,
0x000000804e5967f0, 0x000000804e6e0920, 0x0000008044ee7f30, 0x00000080467f7ca0,
0x00000080453c9b70, 0x00000080453f5370, 0x000000804ffc1360, 0x000000804570c030,
0x00000080496d7580, 0x000000804ea02610, 0x00000080454ace80, 0x000000804570a8c0,
0x000000804551fd10, 0x000000804e685700, 0x0000008044e34780, 0x0000008046a076a0,
0x0000008044eea640, 0x00000080330a5db0, 0x0000008034aea6e0, 0x00000080453c0700,
0x000000804551ddd0, 0x000000804fb62930, 0x000000804ffc32a0, 0x00000080475b7b30,
0x000000803336df30, 0x00000080490f4130, 0x000000804fb638d0, 0x0000008044b78110,
0x0000008038940060, 0x00000080451f19e0, 0x000000803336b050, 0x000000803c667ce0,
0x00000080483f27c0, 0x000000804e9fc730, 0x00000080483f4ed0, 0x000000804e712a40,
0x0000008044ee9e70, 0x0000008049341870, 0x0000008045748570, 0x000000804596d270,
0x0000008047d56800, 0x000000804e2b7030, 0x000000804e19d3d0, 0x0000008044b7ded0,
0x000000804700e020, 0x0000008049971750, 0x000000804551ed70, 0x000000804ed2ab10,
0x00000080483e9b20, 0x00000080496d65e0, 0x00000080467fb350, 0x00000080499f7cd0,
0x000000804e1a6fb0, 0x000000804fb611c0, 0x00000080330a55e0, 0x00000080498351a0,
0x0000008049555730, 0x0000008044de29f0, 0x0000008049833260, 0x0000008044b7a820,
0x00000080483eaac0, 0x00000080483e8b80, 0x000000804e4dbf40, 0x00000080453f3c00,
0x0000008047f9e8d0, 0x0000008038942f40, 0x0000008049489e80, 0x00000080490f1a20,
0x0000008038940830, 0x000000805059b000, 0x000000804fb10d90, 0x000000804ec1b740,
0x000000804ed28400, 0x000000804e596020, 0x00000080483ee940, 0x0000008044d58790,
0x0000008044d5d5b0, 0x00000080453dfb50, 0x0000008044d5b670, 0x000000803336d760,
0x000000804e4da7d0, 0x000000804ec1e620, 0x00000080483feb10, 0x0000008047f9c990,
0x000000804e4a5890, 0x00000080495d9f20, 0x000000804ec52b30, 0x00000080332b2f20,
0x00000080503b1d80, 0x0000008044d59f00, 0x0000008046a04f90, 0x0000008049342040,
0x0000008044d5be40, 0x0000008047f9e100, 0x000000804f75b6e0, 0x0000008044f06aa0,
0x00000080466acc00, 0x00000080503afe40, 0x00000080450b7c30, 0x000000804ec50bf0,
0x000000805059c770, 0x000000804990c230, 0x000000804ed28bd0, 0x0000008044d5ed20,
0x000000804e2b4920, 0x000000804e4a8770, 0x000000804fb105c0, 0x0000008044ed7930,
0x0000008047f9d930, 0x00000080450b9b70, 0x0000008049b4aa30, 0x0000008038942770,
0x000000804f758fd0, 0x0000008046a06ed0, 0x0000008049558de0, 0x0000008044ed8100,
0x000000804e683f90, 0x00000080503af670, 0x0000008047bc5af0, 0x000000804f9cfea0,
0x000000803855c970, 0x000000804e8da020, 0x000000804e19c430, 0x0000008049973690,
0x000000804e592970, 0x000000804f728870, 0x000000804f9bc000, 0x0000008046862560,
0x0000008044b7bf90, 0x00000080490f4900, 0x000000804f9bc7d0, 0x000000804e9c9330,
0x000000804e51b000, 0x000000805059cf40, 0x00000080475ae2d0, 0x0000008049413b40,
0x000000804ffef020, 0x00000080503b0de0, 0x0000008038552d30, 0x00000080491b4150,
0x0000008034ae87a0, 0x000000804e7945d0, 0x000000803855d910, 0x0000008044d5aea0,
0x00000080476debf0, 0x000000804e4a77d0, 0x0000008038941000, 0x000000804e4dc710,
0x0000008047bc6a90, 0x000000804e591200, 0x00000080385544a0, 0x000000804e5190c0,
0x0000008049558610, 0x000000804700ff60, 0x000000803d18a4a0, 0x0000008038941fa0,
0x000000804e795570, 0x000000804e792e60, 0x0000008044b7e6a0, 0x0000008044eff930,
0x0000008044efe1c0, 0x0000008044efd9f0, 0x000000804e9c8390, 0x000000804e9c9b00,
0x000000804e9c73f0, 0x000000804e9c8b60, 0x000000804e9ca2d0, 0x000000804e9caaa0,
0x000000804e9c7bc0, 0x00000080499dc470, 0x00000080499ddbe0, 0x00000080499db4d0,
0x00000080503ab7f0, 0x00000080503adf00, 0x00000080503abfc0, 0x00000080503ac790,
0x00000080503ae6d0, 0x00000080503ab020, 0x00000080503aeea0, 0x00000080503b0610,
0x00000080503acf60, 0x00000080503b2550, 0x00000080503b15b0, 0x0000008047bc7260,
0x0000008047bc8200, 0x0000008047bc89d0, 0x0000008047bc5320, 0x0000008047bc62c0,
0x00000080450b8400, 0x00000080450bab10, 0x000000804e795d40, 0x000000804ff86560,
0x000000804ff87500, 0x000000804ff87cd0, 0x000000804e596fc0, 0x000000804e5948b0,
0x000000804e597f60, 0x000000804e19e370, 0x000000804e19eb40, 0x000000804e19bc60,
0x000000804e19cc00, 0x000000804ea006d0, 0x000000804e6e0150, 0x000000803d18ac70,
0x000000803d18b440, 0x000000803d18d380, 0x000000803d18bc10, 0x000000803d18c3e0,
0x000000804e5f1800, 0x000000804e5f27a0, 0x000000804e5ef8c0, 0x000000804e5ef0f0,
0x00000080475afa40, 0x00000080475aeaa0, 0x000000804e2b3980, 0x000000804e2b4150,
0x000000804e2b58c0, 0x000000804e7160f0, 0x000000804e714980, 0x000000804e7139e0,
0x000000804f729040, 0x000000804f72bf20, 0x000000804f72b750, 0x000000805059b7d0,
0x000000805059d710, 0x0000008049343f80, 0x0000008049342810, 0x0000008038553500,
0x0000008038554c70, 0x0000008038551d90, 0x00000080385563e0, 0x0000008038556bb0,
0x0000008038557380, 0x0000008038555440, 0x0000008038553cd0, 0x000000804f9cdf60,
0x000000804f9ce730, 0x000000804f9cb080, 0x0000008045129f40, 0x000000804512a710,
0x0000008049b48320, 0x0000008049b48af0, 0x0000008049b4a260, 0x000000804e0ce6b0,
0x000000804e0ccf40, 0x0000008058d33110, 0x0000008058d30a00, 0x0000008058d338e0,
0x0000008058d30230, 0x000000804f9d0e40, 0x000000804f9d1610
}

Java Threads: ( => current thread )
  0x000000800049d0e0 JavaThread "main"                              [_thread_blocked, id=22856, stack(0x0000008000860000,0x0000008000960000) (1024K)]
  0x000000802b238860 JavaThread "Reference Handler"          daemon [_thread_blocked, id=24200, stack(0x000000802d880000,0x000000802d980000) (1024K)]
  0x000000802b23a270 JavaThread "Finalizer"                  daemon [_thread_blocked, id=24484, stack(0x000000802d980000,0x000000802da80000) (1024K)]
  0x000000802b23e540 JavaThread "Signal Dispatcher"          daemon [_thread_blocked, id=24492, stack(0x000000802da80000,0x000000802db80000) (1024K)]
  0x000000802b242270 JavaThread "Attach Listener"            daemon [_thread_blocked, id=24512, stack(0x000000802db80000,0x000000802dc80000) (1024K)]
  0x000000802b245c30 JavaThread "Service Thread"             daemon [_thread_blocked, id=24124, stack(0x000000802dc80000,0x000000802dd80000) (1024K)]
  0x000000802b24c810 JavaThread "Monitor Deflation Thread"   daemon [_thread_blocked, id=24088, stack(0x000000802dd80000,0x000000802de80000) (1024K)]
  0x000000802b255eb0 JavaThread "C2 CompilerThread0"         daemon [_thread_blocked, id=6248, stack(0x000000802de80000,0x000000802df80000) (1024K)]
  0x000000802b25dc70 JavaThread "C1 CompilerThread0"         daemon [_thread_blocked, id=19600, stack(0x0000008032000000,0x0000008032100000) (1024K)]
  0x00000080322ce020 JavaThread "Common-Cleaner"             daemon [_thread_blocked, id=23684, stack(0x0000008032500000,0x0000008032600000) (1024K)]
  0x0000008032334e20 JavaThread "Notification Thread"        daemon [_thread_blocked, id=24452, stack(0x0000008032600000,0x0000008032700000) (1024K)]
  0x00000080322d4790 JavaThread "Daemon health stats"               [_thread_blocked, id=18592, stack(0x00000080350a0000,0x00000080351a0000) (1024K)]
  0x0000008033ec55c0 JavaThread "Incoming local TCP Connector on port 12735"        [_thread_in_native, id=20448, stack(0x00000080351a0000,0x00000080352a0000) (1024K)]
  0x0000008033ec84a0 JavaThread "Daemon periodic checks"            [_thread_blocked, id=18572, stack(0x00000080352a0000,0x00000080353a0000) (1024K)]
  0x0000008033ec8c70 JavaThread "Daemon"                            [_thread_blocked, id=23640, stack(0x00000080353a0000,0x00000080354a0000) (1024K)]
  0x0000008033ecc320 JavaThread "Daemon worker"                     [_thread_blocked, id=8232, stack(0x00000080356a0000,0x00000080357a0000) (1024K)]
  0x0000008032421f20 JavaThread "Cache worker for journal cache (C:\Users\sachintha\.gradle\caches\journal-1)"        [_thread_blocked, id=11248, stack(0x00000080362a0000,0x00000080363a0000) (1024K)]
  0x000000803241f040 JavaThread "File lock request listener"        [_thread_in_native, id=11604, stack(0x00000080363a0000,0x00000080364a0000) (1024K)]
  0x0000008034c9b5c0 JavaThread "Cache worker for file hash cache (C:\Users\sachintha\.gradle\caches\9.3.1\fileHashes)"        [_thread_blocked, id=23232, stack(0x00000080365a0000,0x00000080366a0000) (1024K)]
  0x0000008034c9f440 JavaThread "File watcher server"        daemon [_thread_in_native, id=15660, stack(0x0000008038a40000,0x0000008038b40000) (1024K)]
  0x0000008034ca03e0 JavaThread "File watcher consumer"      daemon [_thread_blocked, id=18776, stack(0x0000008038b40000,0x0000008038c40000) (1024K)]
  0x0000008034c9ec70 JavaThread "jar transforms"                    [_thread_blocked, id=21308, stack(0x0000008038c40000,0x0000008038d40000) (1024K)]
  0x0000008034c9fc10 JavaThread "jar transforms Thread 2"           [_thread_blocked, id=14060, stack(0x0000008038d40000,0x0000008038e40000) (1024K)]
  0x000000803483aa60 JavaThread "Cache worker for file content cache (C:\Users\sachintha\.gradle\caches\9.3.1\fileContent)"        [_thread_blocked, id=24380, stack(0x0000008038f40000,0x0000008039040000) (1024K)]
  0x000000803483d170 JavaThread "jar transforms Thread 3"           [_thread_blocked, id=22688, stack(0x0000008039240000,0x0000008039340000) (1024K)]
  0x00000080349707d0 JavaThread "jar transforms Thread 4"           [_thread_blocked, id=21932, stack(0x0000008039540000,0x0000008039640000) (1024K)]
  0x00000080374ac450 JavaThread "Memory manager"                    [_thread_blocked, id=23584, stack(0x000000803b940000,0x000000803ba40000) (1024K)]
  0x00000080368982e0 JavaThread "RMI Scheduler(0)"           daemon [_thread_blocked, id=25464, stack(0x0000008000760000,0x0000008000860000) (1024K)]
  0x00000080368963a0 JavaThread "RMI TCP Accept-0"           daemon [_thread_in_native, id=25084, stack(0x0000008044600000,0x0000008044700000) (1024K)]
  0x00000080385592c0 JavaThread "pool-3-thread-1"                   [_thread_blocked, id=25168, stack(0x00000080489a0000,0x0000008048aa0000) (1024K)]
  0x0000008036892cf0 JavaThread "VFS cleanup"                       [_thread_blocked, id=19720, stack(0x0000008000560000,0x0000008000660000) (1024K)]
  0x000000803689e0a0 JavaThread "jar transforms Thread 5"           [_thread_blocked, id=22412, stack(0x0000008037870000,0x0000008037970000) (1024K)]
  0x00000080368a07b0 JavaThread "jar transforms Thread 6"           [_thread_blocked, id=18688, stack(0x0000008037970000,0x0000008037a70000) (1024K)]
  0x00000080368a1f20 JavaThread "jar transforms Thread 7"           [_thread_blocked, id=18680, stack(0x0000008038e40000,0x0000008038f40000) (1024K)]
  0x00000080368a3690 JavaThread "jar transforms Thread 8"           [_thread_blocked, id=21820, stack(0x0000008039440000,0x0000008039540000) (1024K)]
  0x00000080368a55d0 JavaThread "jar transforms Thread 9"           [_thread_blocked, id=20416, stack(0x0000008039640000,0x0000008039740000) (1024K)]
  0x00000080368a7ce0 JavaThread "jar transforms Thread 10"          [_thread_blocked, id=10700, stack(0x0000008039740000,0x0000008039840000) (1024K)]
  0x00000080368a7510 JavaThread "jar transforms Thread 11"          [_thread_blocked, id=16168, stack(0x0000008039940000,0x0000008039a40000) (1024K)]
  0x00000080368a5da0 JavaThread "jar transforms Thread 12"          [_thread_blocked, id=22276, stack(0x0000008039a40000,0x0000008039b40000) (1024K)]
  0x0000008037d33bf0 JavaThread "RMI GC Daemon"              daemon [_thread_blocked, id=8392, stack(0x0000008043000000,0x0000008043100000) (1024K)]
  0x0000008037d31cb0 JavaThread "RMI Reaper"                        [_thread_blocked, id=24244, stack(0x0000008043100000,0x0000008043200000) (1024K)]
  0x000000803689b990 JavaThread "pool-6-thread-1"                   [_thread_blocked, id=18320, stack(0x000000803d210000,0x000000803d310000) (1024K)]
  0x0000008037eb5dd0 JavaThread "pool-9-thread-1"                   [_thread_blocked, id=19464, stack(0x0000008045ed0000,0x0000008045fd0000) (1024K)]
  0x00000080381a8020 JavaThread "pool-12-thread-1"                  [_thread_blocked, id=26164, stack(0x0000008045dd0000,0x0000008045ed0000) (1024K)]
  0x00000080381a87f0 JavaThread "pool-15-thread-1"                  [_thread_blocked, id=22968, stack(0x00000080461d0000,0x00000080462d0000) (1024K)]
  0x0000008037eba420 JavaThread "pool-18-thread-1"                  [_thread_blocked, id=16212, stack(0x00000080464d0000,0x00000080465d0000) (1024K)]
  0x00000080381ae5b0 JavaThread "pool-21-thread-1"                  [_thread_blocked, id=24060, stack(0x00000080486a0000,0x00000080487a0000) (1024K)]
  0x0000008037d2a780 JavaThread "pool-24-thread-1"                  [_thread_blocked, id=3588, stack(0x00000080488a0000,0x00000080489a0000) (1024K)]
  0x0000008037eb3e90 JavaThread "pool-27-thread-1"                  [_thread_blocked, id=4292, stack(0x0000008048aa0000,0x0000008048ba0000) (1024K)]
  0x00000080368a9c20 JavaThread "pool-30-thread-1"                  [_thread_blocked, id=20792, stack(0x0000008049b70000,0x0000008049c70000) (1024K)]
  0x00000080368ae270 JavaThread "pool-33-thread-1"                  [_thread_blocked, id=21572, stack(0x0000008049c70000,0x0000008049d70000) (1024K)]
  0x000000803749f160 JavaThread "pool-36-thread-1"                  [_thread_blocked, id=19988, stack(0x0000008049e70000,0x0000008049f70000) (1024K)]
  0x00000080368a3e60 JavaThread "pool-39-thread-1"                  [_thread_blocked, id=22888, stack(0x000000804f0d0000,0x000000804f1d0000) (1024K)]
  0x0000008036895bd0 JavaThread "pool-42-thread-1"                  [_thread_blocked, id=17084, stack(0x000000804f2d0000,0x000000804f3d0000) (1024K)]
  0x0000008037d2edd0 JavaThread "pool-45-thread-1"                  [_thread_blocked, id=20140, stack(0x000000804f4d0000,0x000000804f5d0000) (1024K)]
  0x00000080368a0f80 JavaThread "pool-48-thread-1"                  [_thread_blocked, id=26272, stack(0x000000804efd0000,0x000000804f0d0000) (1024K)]
  0x00000080381ab6d0 JavaThread "pool-51-thread-1"                  [_thread_blocked, id=4752, stack(0x000000804f3d0000,0x000000804f4d0000) (1024K)]
  0x00000080381a41a0 JavaThread "pool-54-thread-1"                  [_thread_blocked, id=17932, stack(0x00000080506a0000,0x00000080507a0000) (1024K)]
  0x000000803689ffe0 JavaThread "pool-57-thread-1"                  [_thread_blocked, id=24988, stack(0x00000080508a0000,0x00000080509a0000) (1024K)]
  0x00000080454abee0 JavaThread "pool-60-thread-1"                  [_thread_blocked, id=17644, stack(0x0000008050aa0000,0x0000008050ba0000) (1024K)]
  0x0000008046a06700 JavaThread "pool-63-thread-1"                  [_thread_blocked, id=20196, stack(0x0000008050ca0000,0x0000008050da0000) (1024K)]
  0x000000804e63b060 JavaThread "pool-66-thread-1"                  [_thread_blocked, id=9264, stack(0x0000008050ea0000,0x0000008050fa0000) (1024K)]
  0x00000080495d87b0 JavaThread "pool-69-thread-1"                  [_thread_blocked, id=10744, stack(0x00000080510a0000,0x00000080511a0000) (1024K)]
  0x000000804700f790 JavaThread "pool-72-thread-1"                  [_thread_blocked, id=9416, stack(0x00000080512a0000,0x00000080513a0000) (1024K)]
  0x0000008046a047c0 JavaThread "pool-75-thread-1"                  [_thread_blocked, id=8172, stack(0x00000080514a0000,0x00000080515a0000) (1024K)]
  0x00000080468fcd70 JavaThread "pool-78-thread-1"                  [_thread_blocked, id=16508, stack(0x00000080516a0000,0x00000080517a0000) (1024K)]
  0x000000804981bf90 JavaThread "pool-81-thread-1"                  [_thread_blocked, id=6504, stack(0x00000080518a0000,0x00000080519a0000) (1024K)]
  0x000000804596b330 JavaThread "pool-84-thread-1"                  [_thread_blocked, id=20352, stack(0x0000008051aa0000,0x0000008051ba0000) (1024K)]
  0x000000804981c760 JavaThread "pool-87-thread-1"                  [_thread_blocked, id=24000, stack(0x0000008051ba0000,0x0000008051ca0000) (1024K)]
  0x0000008049974630 JavaThread "pool-90-thread-1"                  [_thread_blocked, id=15092, stack(0x0000008051ea0000,0x0000008051fa0000) (1024K)]
  0x000000804e1a6010 JavaThread "pool-93-thread-1"                  [_thread_blocked, id=11436, stack(0x00000080520a0000,0x00000080521a0000) (1024K)]
  0x0000008044f05b00 JavaThread "pool-96-thread-1"                  [_thread_blocked, id=18496, stack(0x00000080522a0000,0x00000080523a0000) (1024K)]
  0x0000008044f062d0 JavaThread "pool-99-thread-1"                  [_thread_blocked, id=25896, stack(0x00000080524a0000,0x00000080525a0000) (1024K)]
  0x0000008046a05f30 JavaThread "pool-102-thread-1"                 [_thread_blocked, id=16608, stack(0x00000080526a0000,0x00000080527a0000) (1024K)]
  0x000000804e5f1fd0 JavaThread "pool-105-thread-1"                 [_thread_blocked, id=22520, stack(0x00000080528a0000,0x00000080529a0000) (1024K)]
  0x000000804e8e1aa0 JavaThread "pool-108-thread-1"                 [_thread_blocked, id=24816, stack(0x0000008052aa0000,0x0000008052ba0000) (1024K)]
  0x00000080455204e0 JavaThread "pool-111-thread-1"                 [_thread_blocked, id=24836, stack(0x0000008052ca0000,0x0000008052da0000) (1024K)]
  0x00000080330a4640 JavaThread "pool-114-thread-1"                 [_thread_blocked, id=23608, stack(0x0000008052da0000,0x0000008052ea0000) (1024K)]
  0x00000080466afae0 JavaThread "pool-117-thread-1"                 [_thread_blocked, id=23856, stack(0x0000008052fa0000,0x00000080530a0000) (1024K)]
  0x000000804ea035b0 JavaThread "pool-120-thread-1"                 [_thread_blocked, id=25516, stack(0x00000080531a0000,0x00000080532a0000) (1024K)]
  0x00000080451f0a40 JavaThread "pool-123-thread-1"                 [_thread_blocked, id=25344, stack(0x00000080530a0000,0x00000080531a0000) (1024K)]
  0x000000804e682ff0 JavaThread "pool-126-thread-1"                 [_thread_blocked, id=6968, stack(0x00000080532a0000,0x00000080533a0000) (1024K)]
  0x0000008044eff160 JavaThread "pool-129-thread-1"                 [_thread_blocked, id=6124, stack(0x00000080534a0000,0x00000080535a0000) (1024K)]
  0x00000080453f1cc0 JavaThread "pool-132-thread-1"                 [_thread_blocked, id=22684, stack(0x00000080535a0000,0x00000080536a0000) (1024K)]
  0x00000080499f8c70 JavaThread "pool-135-thread-1"                 [_thread_blocked, id=26264, stack(0x00000080533a0000,0x00000080534a0000) (1024K)]
  0x000000804e684f30 JavaThread "pool-138-thread-1"                 [_thread_blocked, id=26228, stack(0x00000080537a0000,0x00000080538a0000) (1024K)]
  0x000000804990d1d0 JavaThread "pool-141-thread-1"                 [_thread_blocked, id=10296, stack(0x00000080539a0000,0x0000008053aa0000) (1024K)]
  0x00000080468fa660 JavaThread "pool-144-thread-1"                 [_thread_blocked, id=24820, stack(0x00000080538a0000,0x00000080539a0000) (1024K)]
  0x00000080493437b0 JavaThread "pool-147-thread-1"                 [_thread_blocked, id=25428, stack(0x0000008053ba0000,0x0000008053ca0000) (1024K)]
  0x0000008049413370 JavaThread "pool-150-thread-1"                 [_thread_blocked, id=24004, stack(0x0000008053aa0000,0x0000008053ba0000) (1024K)]
  0x00000080496d7d50 JavaThread "pool-153-thread-1"                 [_thread_blocked, id=18764, stack(0x0000008053da0000,0x0000008053ea0000) (1024K)]
  0x00000080476df3c0 JavaThread "pool-156-thread-1"                 [_thread_blocked, id=26024, stack(0x0000008053ea0000,0x0000008053fa0000) (1024K)]
  0x00000080453f3430 JavaThread "pool-159-thread-1"                 [_thread_blocked, id=11508, stack(0x0000008053fa0000,0x00000080540a0000) (1024K)]
  0x000000804e51c770 JavaThread "pool-162-thread-1"                 [_thread_blocked, id=21668, stack(0x00000080540a0000,0x00000080541a0000) (1024K)]
  0x0000008044f0b440 JavaThread "pool-165-thread-1"                 [_thread_blocked, id=25764, stack(0x0000008053ca0000,0x0000008053da0000) (1024K)]
  0x0000008049972ec0 JavaThread "pool-168-thread-1"                 [_thread_blocked, id=1924, stack(0x00000080541a0000,0x00000080542a0000) (1024K)]
  0x0000008037ebe8b0 JavaThread "pool-171-thread-1"                 [_thread_blocked, id=26588, stack(0x00000080542a0000,0x00000080543a0000) (1024K)]
  0x000000803c636630 JavaThread "pool-174-thread-1"                 [_thread_blocked, id=8724, stack(0x00000080543a0000,0x00000080544a0000) (1024K)]
  0x00000080330a3e70 JavaThread "pool-177-thread-1"                 [_thread_blocked, id=15600, stack(0x00000080536a0000,0x00000080537a0000) (1024K)]
  0x0000008044ddf340 JavaThread "pool-180-thread-1"                 [_thread_blocked, id=25828, stack(0x0000008052ea0000,0x0000008052fa0000) (1024K)]
  0x000000804596e9e0 JavaThread "pool-183-thread-1"                 [_thread_blocked, id=26296, stack(0x00000080544a0000,0x00000080545a0000) (1024K)]
  0x0000008047f9f870 JavaThread "pool-186-thread-1"                 [_thread_blocked, id=13812, stack(0x00000080545a0000,0x00000080546a0000) (1024K)]
  0x0000008044f00100 JavaThread "pool-189-thread-1"                 [_thread_blocked, id=24732, stack(0x00000080547a0000,0x00000080548a0000) (1024K)]
  0x00000080490f3960 JavaThread "pool-192-thread-1"                 [_thread_blocked, id=2332, stack(0x00000080546a0000,0x00000080547a0000) (1024K)]
  0x000000803c6684b0 JavaThread "pool-195-thread-1"                 [_thread_blocked, id=1808, stack(0x00000080548a0000,0x00000080549a0000) (1024K)]
  0x000000804e63cfa0 JavaThread "pool-198-thread-1"                 [_thread_blocked, id=25900, stack(0x0000008054c00000,0x0000008054d00000) (1024K)]
  0x00000080490f3190 JavaThread "pool-201-thread-1"                 [_thread_blocked, id=6244, stack(0x0000008054d00000,0x0000008054e00000) (1024K)]
  0x0000008044efe990 JavaThread "pool-204-thread-1"                 [_thread_blocked, id=20680, stack(0x0000008054f00000,0x0000008055000000) (1024K)]
  0x0000008049344750 JavaThread "pool-207-thread-1"                 [_thread_blocked, id=26340, stack(0x0000008054e00000,0x0000008054f00000) (1024K)]
  0x0000008049723830 JavaThread "pool-210-thread-1"                 [_thread_blocked, id=26444, stack(0x0000008055000000,0x0000008055100000) (1024K)]
  0x00000080474b6fd0 JavaThread "pool-213-thread-1"                 [_thread_blocked, id=23248, stack(0x0000008055100000,0x0000008055200000) (1024K)]
  0x00000080476dfb90 JavaThread "pool-216-thread-1"                 [_thread_blocked, id=23556, stack(0x0000008055200000,0x0000008055300000) (1024K)]
  0x0000008044f05330 JavaThread "pool-219-thread-1"                 [_thread_blocked, id=20120, stack(0x0000008055300000,0x0000008055400000) (1024K)]
  0x0000008044f0ac70 JavaThread "pool-222-thread-1"                 [_thread_blocked, id=20168, stack(0x0000008052ba0000,0x0000008052ca0000) (1024K)]
  0x000000804e51a060 JavaThread "pool-225-thread-1"                 [_thread_blocked, id=21480, stack(0x0000008055400000,0x0000008055500000) (1024K)]
  0x0000008049416250 JavaThread "pool-228-thread-1"                 [_thread_blocked, id=24856, stack(0x0000008055500000,0x0000008055600000) (1024K)]
  0x0000008045746630 JavaThread "pool-231-thread-1"                 [_thread_blocked, id=23800, stack(0x0000008055600000,0x0000008055700000) (1024K)]
  0x0000008048d770a0 JavaThread "pool-234-thread-1"                 [_thread_blocked, id=22712, stack(0x0000008055700000,0x0000008055800000) (1024K)]
  0x000000804570b860 JavaThread "pool-237-thread-1"                 [_thread_blocked, id=22524, stack(0x0000008055800000,0x0000008055900000) (1024K)]
  0x000000804596bb00 JavaThread "pool-240-thread-1"                 [_thread_blocked, id=9244, stack(0x0000008055900000,0x0000008055a00000) (1024K)]
  0x0000008049487770 JavaThread "pool-243-thread-1"                 [_thread_blocked, id=26552, stack(0x00000080529a0000,0x0000008052aa0000) (1024K)]
  0x00000080475b92a0 JavaThread "pool-246-thread-1"                 [_thread_blocked, id=25844, stack(0x0000008055a00000,0x0000008055b00000) (1024K)]
  0x000000804e603510 JavaThread "pool-249-thread-1"                 [_thread_blocked, id=12956, stack(0x0000008055b00000,0x0000008055c00000) (1024K)]
  0x000000804700e7f0 JavaThread "pool-252-thread-1"                 [_thread_blocked, id=23568, stack(0x0000008055c00000,0x0000008055d00000) (1024K)]
  0x0000008049487f40 JavaThread "pool-255-thread-1"                 [_thread_blocked, id=24976, stack(0x0000008055d00000,0x0000008055e00000) (1024K)]
  0x00000080451f0270 JavaThread "pool-258-thread-1"                 [_thread_blocked, id=22224, stack(0x0000008055e00000,0x0000008055f00000) (1024K)]
  0x0000008049b492c0 JavaThread "pool-261-thread-1"                 [_thread_blocked, id=23504, stack(0x0000008055f00000,0x0000008056000000) (1024K)]
  0x0000008044ee8700 JavaThread "pool-264-thread-1"                 [_thread_blocked, id=14684, stack(0x0000008056000000,0x0000008056100000) (1024K)]
  0x000000804e5967f0 JavaThread "pool-267-thread-1"                 [_thread_blocked, id=10692, stack(0x00000080527a0000,0x00000080528a0000) (1024K)]
  0x000000804e6e0920 JavaThread "pool-270-thread-1"                 [_thread_blocked, id=24860, stack(0x0000008056100000,0x0000008056200000) (1024K)]
  0x0000008044ee7f30 JavaThread "pool-273-thread-1"                 [_thread_blocked, id=25492, stack(0x000000803d710000,0x000000803d810000) (1024K)]
  0x00000080467f7ca0 JavaThread "pool-276-thread-1"                 [_thread_blocked, id=24792, stack(0x0000008056400000,0x0000008056500000) (1024K)]
  0x00000080453c9b70 JavaThread "pool-279-thread-1"                 [_thread_blocked, id=22576, stack(0x0000008056500000,0x0000008056600000) (1024K)]
  0x00000080453f5370 JavaThread "pool-282-thread-1"                 [_thread_blocked, id=18624, stack(0x0000008056600000,0x0000008056700000) (1024K)]
  0x000000804ffc1360 JavaThread "pool-285-thread-1"                 [_thread_blocked, id=26180, stack(0x0000008056700000,0x0000008056800000) (1024K)]
  0x000000804570c030 JavaThread "pool-288-thread-1"                 [_thread_blocked, id=22780, stack(0x0000008056300000,0x0000008056400000) (1024K)]
  0x00000080496d7580 JavaThread "pool-291-thread-1"                 [_thread_blocked, id=25936, stack(0x0000008056800000,0x0000008056900000) (1024K)]
  0x000000804ea02610 JavaThread "pool-294-thread-1"                 [_thread_blocked, id=22852, stack(0x0000008056900000,0x0000008056a00000) (1024K)]
  0x00000080454ace80 JavaThread "pool-297-thread-1"                 [_thread_blocked, id=21708, stack(0x0000008056200000,0x0000008056300000) (1024K)]
  0x000000804570a8c0 JavaThread "pool-300-thread-1"                 [_thread_blocked, id=15456, stack(0x0000008056b00000,0x0000008056c00000) (1024K)]
  0x000000804551fd10 JavaThread "pool-303-thread-1"                 [_thread_blocked, id=26092, stack(0x0000008056a00000,0x0000008056b00000) (1024K)]
  0x000000804e685700 JavaThread "pool-306-thread-1"                 [_thread_blocked, id=25940, stack(0x0000008056c00000,0x0000008056d00000) (1024K)]
  0x0000008044e34780 JavaThread "pool-309-thread-1"                 [_thread_blocked, id=19304, stack(0x0000008056d00000,0x0000008056e00000) (1024K)]
  0x0000008046a076a0 JavaThread "pool-312-thread-1"                 [_thread_blocked, id=436, stack(0x0000008056e00000,0x0000008056f00000) (1024K)]
  0x0000008044eea640 JavaThread "pool-315-thread-1"                 [_thread_blocked, id=24900, stack(0x0000008056f00000,0x0000008057000000) (1024K)]
  0x00000080330a5db0 JavaThread "pool-318-thread-1"                 [_thread_blocked, id=23012, stack(0x0000008057100000,0x0000008057200000) (1024K)]
  0x0000008034aea6e0 JavaThread "pool-321-thread-1"                 [_thread_blocked, id=13720, stack(0x0000008057200000,0x0000008057300000) (1024K)]
  0x00000080453c0700 JavaThread "pool-324-thread-1"                 [_thread_blocked, id=24584, stack(0x0000008057300000,0x0000008057400000) (1024K)]
  0x000000804551ddd0 JavaThread "pool-327-thread-1"                 [_thread_blocked, id=22616, stack(0x0000008057000000,0x0000008057100000) (1024K)]
  0x000000804fb62930 JavaThread "pool-330-thread-1"                 [_thread_blocked, id=23440, stack(0x0000008057400000,0x0000008057500000) (1024K)]
  0x000000804ffc32a0 JavaThread "pool-333-thread-1"                 [_thread_blocked, id=8552, stack(0x0000008057500000,0x0000008057600000) (1024K)]
  0x00000080475b7b30 JavaThread "pool-336-thread-1"                 [_thread_blocked, id=7692, stack(0x0000008057600000,0x0000008057700000) (1024K)]
  0x000000803336df30 JavaThread "pool-339-thread-1"                 [_thread_blocked, id=22492, stack(0x0000008057700000,0x0000008057800000) (1024K)]
  0x00000080490f4130 JavaThread "pool-342-thread-1"                 [_thread_blocked, id=19240, stack(0x0000008057800000,0x0000008057900000) (1024K)]
  0x000000804fb638d0 JavaThread "pool-345-thread-1"                 [_thread_blocked, id=7728, stack(0x0000008057900000,0x0000008057a00000) (1024K)]
  0x0000008044b78110 JavaThread "pool-348-thread-1"                 [_thread_blocked, id=9204, stack(0x0000008057a00000,0x0000008057b00000) (1024K)]
  0x0000008038940060 JavaThread "pool-351-thread-1"                 [_thread_blocked, id=9044, stack(0x0000008057b00000,0x0000008057c00000) (1024K)]
  0x00000080451f19e0 JavaThread "pool-354-thread-1"                 [_thread_blocked, id=23688, stack(0x0000008057c00000,0x0000008057d00000) (1024K)]
  0x000000803336b050 JavaThread "pool-357-thread-1"                 [_thread_blocked, id=21840, stack(0x0000008057d00000,0x0000008057e00000) (1024K)]
  0x000000803c667ce0 JavaThread "pool-360-thread-1"                 [_thread_blocked, id=24864, stack(0x0000008057e00000,0x0000008057f00000) (1024K)]
  0x00000080483f27c0 JavaThread "pool-363-thread-1"                 [_thread_blocked, id=26052, stack(0x0000008057f00000,0x0000008058000000) (1024K)]
  0x000000804e9fc730 JavaThread "pool-366-thread-1"                 [_thread_blocked, id=24196, stack(0x0000008058000000,0x0000008058100000) (1024K)]
  0x00000080483f4ed0 JavaThread "pool-369-thread-1"                 [_thread_blocked, id=23260, stack(0x0000008058100000,0x0000008058200000) (1024K)]
  0x000000804e712a40 JavaThread "pool-372-thread-1"                 [_thread_blocked, id=19296, stack(0x0000008058200000,0x0000008058300000) (1024K)]
  0x0000008044ee9e70 JavaThread "pool-375-thread-1"                 [_thread_blocked, id=3844, stack(0x0000008058300000,0x0000008058400000) (1024K)]
  0x0000008049341870 JavaThread "pool-378-thread-1"                 [_thread_blocked, id=23968, stack(0x0000008058400000,0x0000008058500000) (1024K)]
  0x0000008045748570 JavaThread "pool-381-thread-1"                 [_thread_blocked, id=18720, stack(0x0000008058500000,0x0000008058600000) (1024K)]
  0x000000804596d270 JavaThread "pool-384-thread-1"                 [_thread_blocked, id=25184, stack(0x0000008058600000,0x0000008058700000) (1024K)]
  0x0000008047d56800 JavaThread "pool-387-thread-1"                 [_thread_blocked, id=19472, stack(0x0000008058700000,0x0000008058800000) (1024K)]
  0x000000804e2b7030 JavaThread "pool-390-thread-1"                 [_thread_blocked, id=2604, stack(0x00000080525a0000,0x00000080526a0000) (1024K)]
  0x000000804e19d3d0 JavaThread "pool-393-thread-1"                 [_thread_blocked, id=25476, stack(0x0000008058800000,0x0000008058900000) (1024K)]
  0x0000008044b7ded0 JavaThread "pool-396-thread-1"                 [_thread_blocked, id=23748, stack(0x0000008058900000,0x0000008058a00000) (1024K)]
  0x000000804700e020 JavaThread "pool-399-thread-1"                 [_thread_blocked, id=17576, stack(0x00000080599d0000,0x0000008059ad0000) (1024K)]
  0x0000008049971750 JavaThread "pool-402-thread-1"                 [_thread_blocked, id=20672, stack(0x0000008059ad0000,0x0000008059bd0000) (1024K)]
  0x000000804551ed70 JavaThread "pool-405-thread-1"                 [_thread_blocked, id=22164, stack(0x00000080523a0000,0x00000080524a0000) (1024K)]
  0x000000804ed2ab10 JavaThread "pool-408-thread-1"                 [_thread_blocked, id=18564, stack(0x0000008059bd0000,0x0000008059cd0000) (1024K)]
  0x00000080483e9b20 JavaThread "pool-411-thread-1"                 [_thread_blocked, id=23244, stack(0x0000008059cd0000,0x0000008059dd0000) (1024K)]
  0x00000080496d65e0 JavaThread "pool-414-thread-1"                 [_thread_blocked, id=24104, stack(0x0000008059dd0000,0x0000008059ed0000) (1024K)]
  0x00000080467fb350 JavaThread "pool-417-thread-1"                 [_thread_blocked, id=25372, stack(0x0000008059fd0000,0x000000805a0d0000) (1024K)]
  0x00000080499f7cd0 JavaThread "pool-420-thread-1"                 [_thread_blocked, id=23592, stack(0x0000008059ed0000,0x0000008059fd0000) (1024K)]
  0x000000804e1a6fb0 JavaThread "pool-423-thread-1"                 [_thread_blocked, id=25392, stack(0x000000805a0d0000,0x000000805a1d0000) (1024K)]
  0x000000804fb611c0 JavaThread "pool-426-thread-1"                 [_thread_blocked, id=2668, stack(0x00000080521a0000,0x00000080522a0000) (1024K)]
  0x00000080330a55e0 JavaThread "pool-429-thread-1"                 [_thread_blocked, id=24500, stack(0x0000008051fa0000,0x00000080520a0000) (1024K)]
  0x00000080498351a0 JavaThread "pool-432-thread-1"                 [_thread_blocked, id=19900, stack(0x000000805a1d0000,0x000000805a2d0000) (1024K)]
  0x0000008049555730 JavaThread "pool-435-thread-1"                 [_thread_blocked, id=25688, stack(0x000000805a2d0000,0x000000805a3d0000) (1024K)]
  0x0000008044de29f0 JavaThread "pool-438-thread-1"                 [_thread_blocked, id=23912, stack(0x000000805a3d0000,0x000000805a4d0000) (1024K)]
  0x0000008049833260 JavaThread "pool-441-thread-1"                 [_thread_blocked, id=5320, stack(0x0000008051da0000,0x0000008051ea0000) (1024K)]
  0x0000008044b7a820 JavaThread "pool-444-thread-1"                 [_thread_blocked, id=13240, stack(0x000000805a4d0000,0x000000805a5d0000) (1024K)]
  0x00000080483eaac0 JavaThread "pool-447-thread-1"                 [_thread_blocked, id=24036, stack(0x000000805a5d0000,0x000000805a6d0000) (1024K)]
  0x00000080483e8b80 JavaThread "pool-450-thread-1"                 [_thread_blocked, id=12940, stack(0x000000805a6d0000,0x000000805a7d0000) (1024K)]
  0x000000804e4dbf40 JavaThread "pool-453-thread-1"                 [_thread_blocked, id=24944, stack(0x000000805a7d0000,0x000000805a8d0000) (1024K)]
  0x00000080453f3c00 JavaThread "pool-456-thread-1"                 [_thread_blocked, id=21120, stack(0x000000805a8d0000,0x000000805a9d0000) (1024K)]
  0x0000008047f9e8d0 JavaThread "pool-459-thread-1"                 [_thread_blocked, id=23676, stack(0x000000805a9d0000,0x000000805aad0000) (1024K)]
  0x0000008038942f40 JavaThread "pool-462-thread-1"                 [_thread_blocked, id=14916, stack(0x000000805aad0000,0x000000805abd0000) (1024K)]
  0x0000008049489e80 JavaThread "pool-465-thread-1"                 [_thread_blocked, id=25000, stack(0x000000805abd0000,0x000000805acd0000) (1024K)]
  0x00000080490f1a20 JavaThread "pool-468-thread-1"                 [_thread_blocked, id=24672, stack(0x000000805acd0000,0x000000805add0000) (1024K)]
  0x0000008038940830 JavaThread "pool-471-thread-1"                 [_thread_blocked, id=24628, stack(0x000000805add0000,0x000000805aed0000) (1024K)]
  0x000000805059b000 JavaThread "pool-474-thread-1"                 [_thread_blocked, id=21060, stack(0x000000805aed0000,0x000000805afd0000) (1024K)]
  0x000000804fb10d90 JavaThread "pool-477-thread-1"                 [_thread_blocked, id=25884, stack(0x000000805b0d0000,0x000000805b1d0000) (1024K)]
  0x000000804ec1b740 JavaThread "pool-480-thread-1"                 [_thread_blocked, id=21644, stack(0x000000805b1d0000,0x000000805b2d0000) (1024K)]
  0x000000804ed28400 JavaThread "pool-483-thread-1"                 [_thread_blocked, id=2876, stack(0x000000805afd0000,0x000000805b0d0000) (1024K)]
  0x000000804e596020 JavaThread "pool-486-thread-1"                 [_thread_blocked, id=19884, stack(0x000000805b2d0000,0x000000805b3d0000) (1024K)]
  0x00000080483ee940 JavaThread "pool-489-thread-1"                 [_thread_blocked, id=23664, stack(0x000000805b5d0000,0x000000805b6d0000) (1024K)]
  0x0000008044d58790 JavaThread "pool-492-thread-1"                 [_thread_blocked, id=14108, stack(0x000000805b4d0000,0x000000805b5d0000) (1024K)]
  0x0000008044d5d5b0 JavaThread "pool-495-thread-1"                 [_thread_blocked, id=22860, stack(0x000000805b6d0000,0x000000805b7d0000) (1024K)]
  0x00000080453dfb50 JavaThread "pool-498-thread-1"                 [_thread_blocked, id=16488, stack(0x000000805b7d0000,0x000000805b8d0000) (1024K)]
  0x0000008044d5b670 JavaThread "pool-501-thread-1"                 [_thread_blocked, id=26344, stack(0x0000008051ca0000,0x0000008051da0000) (1024K)]
  0x000000803336d760 JavaThread "pool-504-thread-1"                 [_thread_blocked, id=27396, stack(0x000000805b8d0000,0x000000805b9d0000) (1024K)]
  0x000000804e4da7d0 JavaThread "pool-507-thread-1"                 [_thread_blocked, id=9636, stack(0x000000805b9d0000,0x000000805bad0000) (1024K)]
  0x000000804ec1e620 JavaThread "pool-510-thread-1"                 [_thread_blocked, id=25584, stack(0x000000805bad0000,0x000000805bbd0000) (1024K)]
  0x00000080483feb10 JavaThread "pool-513-thread-1"                 [_thread_blocked, id=27192, stack(0x00000080519a0000,0x0000008051aa0000) (1024K)]
  0x0000008047f9c990 JavaThread "pool-516-thread-1"                 [_thread_blocked, id=27092, stack(0x000000805bbd0000,0x000000805bcd0000) (1024K)]
  0x000000804e4a5890 JavaThread "pool-519-thread-1"                 [_thread_blocked, id=19632, stack(0x00000080517a0000,0x00000080518a0000) (1024K)]
  0x00000080495d9f20 JavaThread "pool-522-thread-1"                 [_thread_blocked, id=17024, stack(0x000000805bcd0000,0x000000805bdd0000) (1024K)]
  0x000000804ec52b30 JavaThread "pool-525-thread-1"                 [_thread_blocked, id=27320, stack(0x00000080515a0000,0x00000080516a0000) (1024K)]
  0x00000080332b2f20 JavaThread "pool-528-thread-1"                 [_thread_blocked, id=27100, stack(0x00000080513a0000,0x00000080514a0000) (1024K)]
  0x00000080503b1d80 JavaThread "pool-531-thread-1"                 [_thread_blocked, id=20004, stack(0x000000805bdd0000,0x000000805bed0000) (1024K)]
  0x0000008044d59f00 JavaThread "pool-534-thread-1"                 [_thread_blocked, id=23428, stack(0x000000805c1d0000,0x000000805c2d0000) (1024K)]
  0x0000008046a04f90 JavaThread "pool-537-thread-1"                 [_thread_blocked, id=9072, stack(0x000000805c0d0000,0x000000805c1d0000) (1024K)]
  0x0000008049342040 JavaThread "pool-540-thread-1"                 [_thread_blocked, id=22660, stack(0x000000805c2d0000,0x000000805c3d0000) (1024K)]
  0x0000008044d5be40 JavaThread "pool-543-thread-1"                 [_thread_blocked, id=23908, stack(0x000000805c3d0000,0x000000805c4d0000) (1024K)]
  0x0000008047f9e100 JavaThread "pool-546-thread-1"                 [_thread_blocked, id=27020, stack(0x000000805bfd0000,0x000000805c0d0000) (1024K)]
  0x000000804f75b6e0 JavaThread "pool-549-thread-1"                 [_thread_blocked, id=27188, stack(0x000000805bed0000,0x000000805bfd0000) (1024K)]
  0x0000008044f06aa0 JavaThread "pool-552-thread-1"                 [_thread_blocked, id=19992, stack(0x000000805c4d0000,0x000000805c5d0000) (1024K)]
  0x00000080466acc00 JavaThread "pool-555-thread-1"                 [_thread_blocked, id=22892, stack(0x000000805c5d0000,0x000000805c6d0000) (1024K)]
  0x00000080503afe40 JavaThread "pool-558-thread-1"                 [_thread_blocked, id=9232, stack(0x000000805c6d0000,0x000000805c7d0000) (1024K)]
  0x00000080450b7c30 JavaThread "pool-561-thread-1"                 [_thread_blocked, id=27072, stack(0x000000805c8d0000,0x000000805c9d0000) (1024K)]
  0x000000804ec50bf0 JavaThread "pool-564-thread-1"                 [_thread_blocked, id=27012, stack(0x000000805c7d0000,0x000000805c8d0000) (1024K)]
  0x000000805059c770 JavaThread "pool-567-thread-1"                 [_thread_blocked, id=25068, stack(0x000000805cad0000,0x000000805cbd0000) (1024K)]
  0x000000804990c230 JavaThread "pool-570-thread-1"                 [_thread_blocked, id=3144, stack(0x000000805cbd0000,0x000000805ccd0000) (1024K)]
  0x000000804ed28bd0 JavaThread "pool-573-thread-1"                 [_thread_blocked, id=18188, stack(0x000000805cdd0000,0x000000805ced0000) (1024K)]
  0x0000008044d5ed20 JavaThread "pool-576-thread-1"                 [_thread_blocked, id=21240, stack(0x000000805ced0000,0x000000805cfd0000) (1024K)]
  0x000000804e2b4920 JavaThread "pool-579-thread-1"                 [_thread_blocked, id=18820, stack(0x000000805cfd0000,0x000000805d0d0000) (1024K)]
  0x000000804e4a8770 JavaThread "pool-582-thread-1"                 [_thread_blocked, id=24848, stack(0x000000805d0d0000,0x000000805d1d0000) (1024K)]
  0x000000804fb105c0 JavaThread "pool-585-thread-1"                 [_thread_blocked, id=17116, stack(0x000000805d1d0000,0x000000805d2d0000) (1024K)]
  0x0000008044ed7930 JavaThread "pool-588-thread-1"                 [_thread_blocked, id=27064, stack(0x000000805d3d0000,0x000000805d4d0000) (1024K)]
  0x0000008047f9d930 JavaThread "pool-591-thread-1"                 [_thread_blocked, id=14492, stack(0x000000805d4d0000,0x000000805d5d0000) (1024K)]
  0x00000080450b9b70 JavaThread "pool-594-thread-1"                 [_thread_blocked, id=27380, stack(0x000000805d6d0000,0x000000805d7d0000) (1024K)]
  0x0000008049b4aa30 JavaThread "pool-597-thread-1"                 [_thread_blocked, id=27096, stack(0x000000805d7d0000,0x000000805d8d0000) (1024K)]
  0x0000008038942770 JavaThread "pool-600-thread-1"                 [_thread_blocked, id=20604, stack(0x000000805d8d0000,0x000000805d9d0000) (1024K)]
  0x000000804f758fd0 JavaThread "pool-603-thread-1"                 [_thread_blocked, id=27280, stack(0x000000805d9d0000,0x000000805dad0000) (1024K)]
  0x0000008046a06ed0 JavaThread "pool-606-thread-1"                 [_thread_blocked, id=20008, stack(0x000000805dad0000,0x000000805dbd0000) (1024K)]
  0x0000008049558de0 JavaThread "pool-609-thread-1"                 [_thread_blocked, id=3116, stack(0x000000805dbd0000,0x000000805dcd0000) (1024K)]
  0x0000008044ed8100 JavaThread "pool-612-thread-1"                 [_thread_blocked, id=26676, stack(0x000000805dcd0000,0x000000805ddd0000) (1024K)]
  0x000000804e683f90 JavaThread "pool-615-thread-1"                 [_thread_blocked, id=24752, stack(0x000000805ddd0000,0x000000805ded0000) (1024K)]
  0x00000080503af670 JavaThread "pool-618-thread-1"                 [_thread_blocked, id=20748, stack(0x000000805ded0000,0x000000805dfd0000) (1024K)]
  0x0000008047bc5af0 JavaThread "pool-621-thread-1"                 [_thread_blocked, id=25244, stack(0x000000805e0d0000,0x000000805e1d0000) (1024K)]
  0x000000804f9cfea0 JavaThread "pool-624-thread-1"                 [_thread_blocked, id=26936, stack(0x000000805dfd0000,0x000000805e0d0000) (1024K)]
  0x000000803855c970 JavaThread "pool-627-thread-1"                 [_thread_blocked, id=27360, stack(0x000000805e2d0000,0x000000805e3d0000) (1024K)]
  0x000000804e8da020 JavaThread "pool-630-thread-1"                 [_thread_blocked, id=11500, stack(0x000000805d5d0000,0x000000805d6d0000) (1024K)]
  0x000000804e19c430 JavaThread "pool-633-thread-1"                 [_thread_blocked, id=25548, stack(0x000000805e1d0000,0x000000805e2d0000) (1024K)]
  0x0000008049973690 JavaThread "pool-636-thread-1"                 [_thread_blocked, id=21428, stack(0x000000805e3d0000,0x000000805e4d0000) (1024K)]
  0x000000804e592970 JavaThread "pool-639-thread-1"                 [_thread_blocked, id=21780, stack(0x000000805e4d0000,0x000000805e5d0000) (1024K)]
  0x000000804f728870 JavaThread "pool-642-thread-1"                 [_thread_blocked, id=27368, stack(0x000000805e5d0000,0x000000805e6d0000) (1024K)]
  0x000000804f9bc000 JavaThread "pool-645-thread-1"                 [_thread_blocked, id=4936, stack(0x000000805e6d0000,0x000000805e7d0000) (1024K)]
  0x0000008046862560 JavaThread "pool-648-thread-1"                 [_thread_blocked, id=26672, stack(0x000000805d2d0000,0x000000805d3d0000) (1024K)]
  0x0000008044b7bf90 JavaThread "pool-651-thread-1"                 [_thread_blocked, id=8460, stack(0x000000805e7d0000,0x000000805e8d0000) (1024K)]
  0x00000080490f4900 JavaThread "pool-654-thread-1"                 [_thread_blocked, id=24844, stack(0x000000805e8d0000,0x000000805e9d0000) (1024K)]
  0x000000804f9bc7d0 JavaThread "pool-657-thread-1"                 [_thread_blocked, id=11056, stack(0x000000805ccd0000,0x000000805cdd0000) (1024K)]
  0x000000804e9c9330 JavaThread "pool-660-thread-1"                 [_thread_blocked, id=26484, stack(0x000000805ead0000,0x000000805ebd0000) (1024K)]
  0x000000804e51b000 JavaThread "pool-663-thread-1"                 [_thread_blocked, id=19032, stack(0x000000805ebd0000,0x000000805ecd0000) (1024K)]
  0x000000805059cf40 JavaThread "pool-666-thread-1"                 [_thread_blocked, id=17820, stack(0x000000805ecd0000,0x000000805edd0000) (1024K)]
  0x00000080475ae2d0 JavaThread "pool-669-thread-1"                 [_thread_blocked, id=4264, stack(0x000000805edd0000,0x000000805eed0000) (1024K)]
  0x0000008049413b40 JavaThread "pool-672-thread-1"                 [_thread_blocked, id=27512, stack(0x000000805eed0000,0x000000805efd0000) (1024K)]
  0x000000804ffef020 JavaThread "pool-675-thread-1"                 [_thread_blocked, id=26944, stack(0x00000080511a0000,0x00000080512a0000) (1024K)]
  0x00000080503b0de0 JavaThread "pool-678-thread-1"                 [_thread_blocked, id=21636, stack(0x000000805c9d0000,0x000000805cad0000) (1024K)]
  0x0000008038552d30 JavaThread "pool-681-thread-1"                 [_thread_blocked, id=28520, stack(0x000000805e9d0000,0x000000805ead0000) (1024K)]
  0x00000080491b4150 JavaThread "pool-684-thread-1"                 [_thread_blocked, id=22188, stack(0x000000805efd0000,0x000000805f0d0000) (1024K)]
  0x0000008034ae87a0 JavaThread "pool-687-thread-1"                 [_thread_blocked, id=27728, stack(0x000000805f0d0000,0x000000805f1d0000) (1024K)]
  0x000000804e7945d0 JavaThread "pool-690-thread-1"                 [_thread_blocked, id=28124, stack(0x000000805f1d0000,0x000000805f2d0000) (1024K)]
  0x000000803855d910 JavaThread "pool-693-thread-1"                 [_thread_blocked, id=28340, stack(0x000000805f2d0000,0x000000805f3d0000) (1024K)]
  0x0000008044d5aea0 JavaThread "pool-696-thread-1"                 [_thread_blocked, id=28148, stack(0x000000805f3d0000,0x000000805f4d0000) (1024K)]
  0x00000080476debf0 JavaThread "pool-699-thread-1"                 [_thread_blocked, id=16344, stack(0x0000008050fa0000,0x00000080510a0000) (1024K)]
  0x000000804e4a77d0 JavaThread "pool-702-thread-1"                 [_thread_blocked, id=5064, stack(0x000000805f4d0000,0x000000805f5d0000) (1024K)]
  0x0000008038941000 JavaThread "included builds"                   [_thread_blocked, id=28572, stack(0x000000803b640000,0x000000803b740000) (1024K)]
  0x000000804e4dc710 JavaThread "pool-705-thread-1"                 [_thread_blocked, id=20548, stack(0x0000008050ba0000,0x0000008050ca0000) (1024K)]
  0x0000008047bc6a90 JavaThread "included builds"                   [_thread_blocked, id=28500, stack(0x000000803b840000,0x000000803b940000) (1024K)]
  0x000000804e591200 JavaThread "pool-708-thread-1"                 [_thread_blocked, id=15248, stack(0x00000080507a0000,0x00000080508a0000) (1024K)]
  0x00000080385544a0 JavaThread "included builds"                   [_thread_blocked, id=16268, stack(0x000000803ba40000,0x000000803bb40000) (1024K)]
  0x000000804e5190c0 JavaThread "pool-711-thread-1"                 [_thread_blocked, id=23924, stack(0x00000080505a0000,0x00000080506a0000) (1024K)]
  0x0000008049558610 JavaThread "included builds"                   [_thread_blocked, id=27780, stack(0x000000803b240000,0x000000803b340000) (1024K)]
  0x000000804700ff60 JavaThread "pool-714-thread-1"                 [_thread_blocked, id=25204, stack(0x00000080475d0000,0x00000080476d0000) (1024K)]
  0x000000803d18a4a0 JavaThread "included builds"                   [_thread_blocked, id=27920, stack(0x000000803b340000,0x000000803b440000) (1024K)]
  0x0000008038941fa0 JavaThread "pool-717-thread-1"                 [_thread_blocked, id=14608, stack(0x00000080462d0000,0x00000080463d0000) (1024K)]
  0x000000804e795570 JavaThread "Handler for socket connection from /127.0.0.1:12735 to /127.0.0.1:3636"        [_thread_in_native, id=27956, stack(0x0000008000660000,0x0000008000760000) (1024K)]
  0x000000804e792e60 JavaThread "Cancel handler"                    [_thread_blocked, id=24260, stack(0x00000080354a0000,0x00000080355a0000) (1024K)]
  0x0000008044b7e6a0 JavaThread "Asynchronous log dispatcher for DefaultDaemonConnection: socket connection from /127.0.0.1:12735 to /127.0.0.1:3636"        [_thread_blocked, id=28192, stack(0x00000080355a0000,0x00000080356a0000) (1024K)]
  0x0000008044eff930 JavaThread "Stdin handler"                     [_thread_blocked, id=27400, stack(0x00000080358a0000,0x00000080359a0000) (1024K)]
  0x0000008044efe1c0 JavaThread "Daemon client event forwarder"        [_thread_in_native, id=24960, stack(0x00000080359a0000,0x0000008035aa0000) (1024K)]
  0x0000008044efd9f0 JavaThread "Cache worker for file hash cache (C:\projects\CodeQuest\codequest-mobile\android\.gradle\9.3.1\fileHashes)"        [_thread_blocked, id=27984, stack(0x0000008035aa0000,0x0000008035ba0000) (1024K)]
  0x000000804e9c8390 JavaThread "Cache worker for Build Output Cleanup Cache (C:\projects\CodeQuest\codequest-mobile\android\.gradle\buildOutputCleanup)"        [_thread_blocked, id=25436, stack(0x00000080364a0000,0x00000080365a0000) (1024K)]
  0x000000804e9c9b00 JavaThread "Cache worker for checksums cache (C:\projects\CodeQuest\codequest-mobile\android\.gradle\9.3.1\checksums)"        [_thread_blocked, id=26172, stack(0x0000008039040000,0x0000008039140000) (1024K)]
  0x000000804e9c73f0 JavaThread "Cache worker for cache directory md-supplier (C:\Users\sachintha\.gradle\caches\9.3.1\md-supplier)"        [_thread_blocked, id=25176, stack(0x0000008039140000,0x0000008039240000) (1024K)]
  0x000000804e9c8b60 JavaThread "Cache worker for cache directory md-rule (C:\Users\sachintha\.gradle\caches\9.3.1\md-rule)"        [_thread_blocked, id=28396, stack(0x0000008039340000,0x0000008039440000) (1024K)]
  0x000000804e9ca2d0 JavaThread "Cache worker for Build Output Cleanup Cache (C:\flutter\flutter\packages\flutter_tools\gradle\.gradle\buildOutputCleanup)"        [_thread_blocked, id=28032, stack(0x0000008039840000,0x0000008039940000) (1024K)]
  0x000000804e9caaa0 JavaThread "Unconstrained build operations"        [_thread_blocked, id=27788, stack(0x0000008039b40000,0x0000008039c40000) (1024K)]
  0x000000804e9c7bc0 JavaThread "Unconstrained build operations Thread 2"        [_thread_blocked, id=21952, stack(0x0000008039c40000,0x0000008039d40000) (1024K)]
  0x00000080499dc470 JavaThread "Unconstrained build operations Thread 3"        [_thread_blocked, id=28568, stack(0x0000008039d40000,0x0000008039e40000) (1024K)]
  0x00000080499ddbe0 JavaThread "Unconstrained build operations Thread 4"        [_thread_blocked, id=27708, stack(0x0000008039e40000,0x0000008039f40000) (1024K)]
  0x00000080499db4d0 JavaThread "Unconstrained build operations Thread 5"        [_thread_blocked, id=17324, stack(0x0000008039f40000,0x000000803a040000) (1024K)]
  0x00000080503ab7f0 JavaThread "Unconstrained build operations Thread 6"        [_thread_blocked, id=26880, stack(0x000000803a040000,0x000000803a140000) (1024K)]
  0x00000080503adf00 JavaThread "Unconstrained build operations Thread 7"        [_thread_blocked, id=17472, stack(0x000000803a140000,0x000000803a240000) (1024K)]
  0x00000080503abfc0 JavaThread "Unconstrained build operations Thread 8"        [_thread_blocked, id=28536, stack(0x000000803a240000,0x000000803a340000) (1024K)]
  0x00000080503ac790 JavaThread "Unconstrained build operations Thread 9"        [_thread_blocked, id=9140, stack(0x000000803a340000,0x000000803a440000) (1024K)]
  0x00000080503ae6d0 JavaThread "Unconstrained build operations Thread 10"        [_thread_blocked, id=26216, stack(0x000000803a440000,0x000000803a540000) (1024K)]
  0x00000080503ab020 JavaThread "Unconstrained build operations Thread 11"        [_thread_blocked, id=23140, stack(0x000000803a540000,0x000000803a640000) (1024K)]
  0x00000080503aeea0 JavaThread "Unconstrained build operations Thread 12"        [_thread_blocked, id=16084, stack(0x000000803a640000,0x000000803a740000) (1024K)]
  0x00000080503b0610 JavaThread "Unconstrained build operations Thread 13"        [_thread_blocked, id=28660, stack(0x000000803a740000,0x000000803a840000) (1024K)]
  0x00000080503acf60 JavaThread "Unconstrained build operations Thread 14"        [_thread_blocked, id=28044, stack(0x000000803a840000,0x000000803a940000) (1024K)]
  0x00000080503b2550 JavaThread "Unconstrained build operations Thread 15"        [_thread_blocked, id=28424, stack(0x000000803a940000,0x000000803aa40000) (1024K)]
  0x00000080503b15b0 JavaThread "Unconstrained build operations Thread 16"        [_thread_blocked, id=5688, stack(0x000000803aa40000,0x000000803ab40000) (1024K)]
  0x0000008047bc7260 JavaThread "Unconstrained build operations Thread 17"        [_thread_blocked, id=23600, stack(0x000000803ab40000,0x000000803ac40000) (1024K)]
  0x0000008047bc8200 JavaThread "Unconstrained build operations Thread 18"        [_thread_blocked, id=5180, stack(0x000000803ac40000,0x000000803ad40000) (1024K)]
  0x0000008047bc89d0 JavaThread "Unconstrained build operations Thread 19"        [_thread_blocked, id=28452, stack(0x000000803ad40000,0x000000803ae40000) (1024K)]
  0x0000008047bc5320 JavaThread "Unconstrained build operations Thread 20"        [_thread_blocked, id=28352, stack(0x000000803ae40000,0x000000803af40000) (1024K)]
  0x0000008047bc62c0 JavaThread "Unconstrained build operations Thread 21"        [_thread_blocked, id=27292, stack(0x000000803af40000,0x000000803b040000) (1024K)]
  0x00000080450b8400 JavaThread "Unconstrained build operations Thread 22"        [_thread_blocked, id=27792, stack(0x000000803b040000,0x000000803b140000) (1024K)]
  0x00000080450bab10 JavaThread "build event listener"              [_thread_blocked, id=28208, stack(0x000000803b140000,0x000000803b240000) (1024K)]
  0x000000804e795d40 JavaThread "included builds"                   [_thread_blocked, id=28648, stack(0x000000803b440000,0x000000803b540000) (1024K)]
  0x000000804ff86560 JavaThread "Execution worker"                  [_thread_blocked, id=27224, stack(0x000000803b540000,0x000000803b640000) (1024K)]
  0x000000804ff87500 JavaThread "Execution worker Thread 2"         [_thread_blocked, id=26844, stack(0x000000803bb40000,0x000000803bc40000) (1024K)]
  0x000000804ff87cd0 JavaThread "Execution worker Thread 3"         [_thread_blocked, id=25508, stack(0x000000803bc40000,0x000000803bd40000) (1024K)]
  0x000000804e596fc0 JavaThread "Execution worker Thread 4"         [_thread_blocked, id=23152, stack(0x000000803bd40000,0x000000803be40000) (1024K)]
  0x000000804e5948b0 JavaThread "Execution worker Thread 5"         [_thread_blocked, id=27880, stack(0x000000803be40000,0x000000803bf40000) (1024K)]
  0x000000804e597f60 JavaThread "Execution worker Thread 6"         [_thread_blocked, id=15044, stack(0x000000803bf40000,0x000000803c040000) (1024K)]
  0x000000804e19e370 JavaThread "Execution worker Thread 7"         [_thread_blocked, id=21876, stack(0x000000803c040000,0x000000803c140000) (1024K)]
  0x000000804e19eb40 JavaThread "Execution worker Thread 8"         [_thread_blocked, id=27492, stack(0x000000803c140000,0x000000803c240000) (1024K)]
  0x000000804e19bc60 JavaThread "Execution worker Thread 9"         [_thread_blocked, id=28644, stack(0x000000803d310000,0x000000803d410000) (1024K)]
  0x000000804e19cc00 JavaThread "Execution worker Thread 10"        [_thread_blocked, id=26416, stack(0x000000803d410000,0x000000803d510000) (1024K)]
  0x000000804ea006d0 JavaThread "Execution worker Thread 11"        [_thread_blocked, id=26104, stack(0x000000803d510000,0x000000803d610000) (1024K)]
  0x000000804e6e0150 JavaThread "Cache worker for execution history cache (C:\flutter\flutter\packages\flutter_tools\gradle\.gradle\9.3.1\executionHistory)"        [_thread_blocked, id=9368, stack(0x000000803d610000,0x000000803d710000) (1024K)]
  0x000000803d18ac70 JavaThread "Unconstrained build operations Thread 23"        [_thread_blocked, id=20880, stack(0x000000803d810000,0x000000803d910000) (1024K)]
  0x000000803d18b440 JavaThread "Unconstrained build operations Thread 24"        [_thread_blocked, id=28420, stack(0x000000803d910000,0x000000803da10000) (1024K)]
  0x000000803d18d380 JavaThread "Unconstrained build operations Thread 25"        [_thread_blocked, id=26556, stack(0x000000803da10000,0x000000803db10000) (1024K)]
  0x000000803d18bc10 JavaThread "Unconstrained build operations Thread 26"        [_thread_blocked, id=20148, stack(0x000000803db10000,0x000000803dc10000) (1024K)]
  0x000000803d18c3e0 JavaThread "Unconstrained build operations Thread 27"        [_thread_blocked, id=15344, stack(0x000000803dc10000,0x000000803dd10000) (1024K)]
  0x000000804e5f1800 JavaThread "Unconstrained build operations Thread 28"        [_thread_blocked, id=26908, stack(0x000000803dd10000,0x000000803de10000) (1024K)]
  0x000000804e5f27a0 JavaThread "Unconstrained build operations Thread 29"        [_thread_blocked, id=16176, stack(0x000000803de10000,0x000000803df10000) (1024K)]
  0x000000804e5ef8c0 JavaThread "Unconstrained build operations Thread 30"        [_thread_blocked, id=11428, stack(0x0000008042000000,0x0000008042100000) (1024K)]
  0x000000804e5ef0f0 JavaThread "Unconstrained build operations Thread 31"        [_thread_blocked, id=26148, stack(0x0000008042100000,0x0000008042200000) (1024K)]
  0x00000080475afa40 JavaThread "Unconstrained build operations Thread 32"        [_thread_blocked, id=15280, stack(0x0000008042200000,0x0000008042300000) (1024K)]
  0x00000080475aeaa0 JavaThread "Unconstrained build operations Thread 33"        [_thread_blocked, id=25048, stack(0x0000008042300000,0x0000008042400000) (1024K)]
  0x000000804e2b3980 JavaThread "Unconstrained build operations Thread 34"        [_thread_blocked, id=3668, stack(0x0000008042400000,0x0000008042500000) (1024K)]
  0x000000804e2b4150 JavaThread "Unconstrained build operations Thread 35"        [_thread_blocked, id=27936, stack(0x0000008042500000,0x0000008042600000) (1024K)]
  0x000000804e2b58c0 JavaThread "Unconstrained build operations Thread 36"        [_thread_blocked, id=28652, stack(0x0000008042600000,0x0000008042700000) (1024K)]
  0x000000804e7160f0 JavaThread "Unconstrained build operations Thread 37"        [_thread_blocked, id=26892, stack(0x0000008042700000,0x0000008042800000) (1024K)]
  0x000000804e714980 JavaThread "Unconstrained build operations Thread 38"        [_thread_blocked, id=27704, stack(0x0000008042800000,0x0000008042900000) (1024K)]
  0x000000804e7139e0 JavaThread "Unconstrained build operations Thread 39"        [_thread_blocked, id=13876, stack(0x0000008042900000,0x0000008042a00000) (1024K)]
  0x000000804f729040 JavaThread "Unconstrained build operations Thread 40"        [_thread_blocked, id=18660, stack(0x0000008042a00000,0x0000008042b00000) (1024K)]
  0x000000804f72bf20 JavaThread "Unconstrained build operations Thread 41"        [_thread_blocked, id=27240, stack(0x0000008042b00000,0x0000008042c00000) (1024K)]
  0x000000804f72b750 JavaThread "Unconstrained build operations Thread 42"        [_thread_blocked, id=27212, stack(0x0000008042c00000,0x0000008042d00000) (1024K)]
  0x000000805059b7d0 JavaThread "Unconstrained build operations Thread 43"        [_thread_blocked, id=26532, stack(0x0000008042d00000,0x0000008042e00000) (1024K)]
  0x000000805059d710 JavaThread "Unconstrained build operations Thread 44"        [_thread_blocked, id=21348, stack(0x0000008042e00000,0x0000008042f00000) (1024K)]
  0x0000008049343f80 JavaThread "Unconstrained build operations Thread 45"        [_thread_blocked, id=18120, stack(0x0000008042f00000,0x0000008043000000) (1024K)]
  0x0000008049342810 JavaThread "Unconstrained build operations Thread 46"        [_thread_blocked, id=24716, stack(0x0000008043200000,0x0000008043300000) (1024K)]
  0x0000008038553500 JavaThread "Unconstrained build operations Thread 47"        [_thread_blocked, id=22368, stack(0x0000008043300000,0x0000008043400000) (1024K)]
  0x0000008038554c70 JavaThread "Unconstrained build operations Thread 48"        [_thread_blocked, id=2992, stack(0x0000008043400000,0x0000008043500000) (1024K)]
  0x0000008038551d90 JavaThread "Unconstrained build operations Thread 49"        [_thread_blocked, id=27804, stack(0x0000008043500000,0x0000008043600000) (1024K)]
  0x00000080385563e0 JavaThread "Unconstrained build operations Thread 50"        [_thread_blocked, id=8480, stack(0x0000008043600000,0x0000008043700000) (1024K)]
  0x0000008038556bb0 JavaThread "Unconstrained build operations Thread 51"        [_thread_blocked, id=28444, stack(0x0000008043700000,0x0000008043800000) (1024K)]
  0x0000008038557380 JavaThread "Unconstrained build operations Thread 52"        [_thread_blocked, id=27032, stack(0x0000008043800000,0x0000008043900000) (1024K)]
  0x0000008038555440 JavaThread "Unconstrained build operations Thread 53"        [_thread_blocked, id=27912, stack(0x0000008043900000,0x0000008043a00000) (1024K)]
  0x0000008038553cd0 JavaThread "Unconstrained build operations Thread 54"        [_thread_blocked, id=21164, stack(0x0000008043a00000,0x0000008043b00000) (1024K)]
  0x000000804f9cdf60 JavaThread "Unconstrained build operations Thread 55"        [_thread_blocked, id=27060, stack(0x0000008043b00000,0x0000008043c00000) (1024K)]
  0x000000804f9ce730 JavaThread "Unconstrained build operations Thread 56"        [_thread_blocked, id=23108, stack(0x0000008043c00000,0x0000008043d00000) (1024K)]
  0x000000804f9cb080 JavaThread "Unconstrained build operations Thread 57"        [_thread_blocked, id=27660, stack(0x0000008043d00000,0x0000008043e00000) (1024K)]
  0x0000008045129f40 JavaThread "Unconstrained build operations Thread 58"        [_thread_blocked, id=28184, stack(0x0000008043e00000,0x0000008043f00000) (1024K)]
  0x000000804512a710 JavaThread "Unconstrained build operations Thread 59"        [_thread_blocked, id=22740, stack(0x0000008043f00000,0x0000008044000000) (1024K)]
  0x0000008049b48320 JavaThread "Unconstrained build operations Thread 60"        [_thread_blocked, id=25288, stack(0x0000008044000000,0x0000008044100000) (1024K)]
  0x0000008049b48af0 JavaThread "Unconstrained build operations Thread 61"        [_thread_blocked, id=19492, stack(0x0000008044100000,0x0000008044200000) (1024K)]
  0x0000008049b4a260 JavaThread "Unconstrained build operations Thread 62"        [_thread_blocked, id=28320, stack(0x0000008044200000,0x0000008044300000) (1024K)]
  0x000000804e0ce6b0 JavaThread "Unconstrained build operations Thread 63"        [_thread_blocked, id=21008, stack(0x0000008044300000,0x0000008044400000) (1024K)]
  0x000000804e0ccf40 JavaThread "Unconstrained build operations Thread 64"        [_thread_blocked, id=27756, stack(0x0000008044400000,0x0000008044500000) (1024K)]
  0x0000008058d33110 JavaThread "Unconstrained build operations Thread 65"        [_thread_blocked, id=27760, stack(0x0000008044500000,0x0000008044600000) (1024K)]
  0x0000008058d30a00 JavaThread "Unconstrained build operations Thread 66"        [_thread_blocked, id=28024, stack(0x0000008044700000,0x0000008044800000) (1024K)]
  0x0000008058d338e0 JavaThread "Unconstrained build operations Thread 67"        [_thread_blocked, id=21196, stack(0x0000008044800000,0x0000008044900000) (1024K)]
  0x0000008058d30230 JavaThread "Unconstrained build operations Thread 68"        [_thread_blocked, id=20532, stack(0x0000008044900000,0x0000008044a00000) (1024K)]
  0x000000804f9d0e40 JavaThread "build event listener"              [_thread_blocked, id=28604, stack(0x000000803b740000,0x000000803b840000) (1024K)]
  0x000000804f9d1610 JavaThread "build event listener"              [_thread_blocked, id=25740, stack(0x0000008044a00000,0x0000008044b00000) (1024K)]
Total: 379

Other Threads:
=>0x000000802b0ee0e0 VMThread "VM Thread"                           [id=19284, stack(0x000000802d780000,0x000000802d880000) (1024K)]
  0x000000802b214ac0 WatcherThread "VM Periodic Task Thread"        [id=4988, stack(0x000000802d680000,0x000000802d780000) (1024K)]
  0x0000008000ae5180 WorkerThread "GC Thread#0"                     [id=23996, stack(0x000000802af80000,0x000000802b080000) (1024K)]
  0x000000802b0ef220 WorkerThread "GC Thread#1"                     [id=23980, stack(0x0000008033ed0000,0x0000008033fd0000) (1024K)]
  0x000000802b0ef670 WorkerThread "GC Thread#2"                     [id=20428, stack(0x0000008033fd0000,0x00000080340d0000) (1024K)]
  0x0000008032e53e70 WorkerThread "GC Thread#3"                     [id=20144, stack(0x0000008035ba0000,0x0000008035ca0000) (1024K)]
  0x0000008032e560f0 WorkerThread "GC Thread#4"                     [id=11000, stack(0x0000008035ca0000,0x0000008035da0000) (1024K)]
  0x0000008032e52d30 WorkerThread "GC Thread#5"                     [id=20664, stack(0x0000008035da0000,0x0000008035ea0000) (1024K)]
  0x0000008032e55850 WorkerThread "GC Thread#6"                     [id=21700, stack(0x0000008035ea0000,0x0000008035fa0000) (1024K)]
  0x0000008032e54fb0 WorkerThread "GC Thread#7"                     [id=20508, stack(0x0000008035fa0000,0x00000080360a0000) (1024K)]
  0x0000008032e535d0 WorkerThread "GC Thread#8"                     [id=21544, stack(0x00000080360a0000,0x00000080361a0000) (1024K)]
  0x0000008032e55ca0 WorkerThread "GC Thread#9"                     [id=21640, stack(0x00000080361a0000,0x00000080362a0000) (1024K)]
  0x0000008000aee220 ConcurrentGCThread "G1 Main Marker"            [id=23952, stack(0x000000802b280000,0x000000802b380000) (1024K)]
  0x000000802b093200 WorkerThread "G1 Conc#0"                       [id=23948, stack(0x000000802b380000,0x000000802b480000) (1024K)]
  0x0000008032e53a20 WorkerThread "G1 Conc#1"                       [id=12148, stack(0x0000008037670000,0x0000008037770000) (1024K)]
  0x0000008032e57ad0 WorkerThread "G1 Conc#2"                       [id=22900, stack(0x0000008037770000,0x0000008037870000) (1024K)]
  0x000000802b0dee20 ConcurrentGCThread "G1 Refine#0"               [id=24328, stack(0x000000802d480000,0x000000802d580000) (1024K)]
  0x000000802b0e1d40 ConcurrentGCThread "G1 Service"                [id=23736, stack(0x000000802d580000,0x000000802d680000) (1024K)]
Total: 18

Threads with active compile tasks:
C2 CompilerThread0  4456183 70952       4       java.util.ComparableTimSort::sort (219 bytes)
Total: 1

VM state: at safepoint (normal execution)

VM Mutex/Monitor currently owned by a thread:  ([mutex/lock_event])
[0x00007ffdeaf194a8] Threads_lock - owner thread: 0x000000802b0ee0e0
[0x00007ffdeaf19628] Heap_lock - owner thread: 0x0000008033ecc320

Heap address: 0x0000000600000000, size: 8192 MB, Compressed Oops mode: Zero based, Oop shift amount: 3

CDS archive(s) mapped at: [0x000000002e000000-0x000000002edd0000-0x000000002edd0000), size 14483456, SharedBaseAddress: 0x000000002e000000, ArchiveRelocationMode: 1.
Compressed class space mapped at: 0x000000002f000000-0x000000006f000000, reserved size: 1073741824
UseCompressedClassPointers 1, UseCompactObjectHeaders 0
Narrow klass pointer bits 32, Max shift 3
Narrow klass base: 0x000000002e000000, Narrow klass shift: 0
Encoding Range: [0x000000002e000000 - 0x000000012e000000), (4294967296 bytes)
Klass Range:    [0x000000002e010000 - 0x000000006f000000), (1090453504 bytes)
Klass ID Range:  [65536 - 1090519033) (1090453497)
Protection zone: [0x000000002e000000 - 0x000000002e010000), (65536 bytes)

GC Precious Log:
 CardTable entry size: 512
 Card Set container configuration: InlinePtr #cards 4 size 8 Array Of Cards #cards 32 size 80 Howl #buckets 8 coarsen threshold 7372 Howl Bitmap #cards 1024 size 144 coarsen threshold 921 Card regions per heap region 1 cards per card region 8192
 CPUs: 12 total, 12 available
 Memory: 7709M
 Large Page Support: Disabled
 NUMA Support: Disabled
 Compressed Oops: Enabled (Zero based)
 Heap Region Size: 4M
 Heap Min Capacity: 8M
 Heap Initial Capacity: 124M
 Heap Max Capacity: 8G
 Pre-touch: Disabled
 Parallel Workers: 10
 Concurrent Workers: 3
 Concurrent Refinement Workers: 10
 Periodic GC: Disabled

Heap:
 garbage-first heap   total reserved 8388608K, committed 892928K, used 288742K [0x0000000600000000, 0x0000000800000000)
  region size 4096K, 2 young (8192K), 2 survivors (8192K)

Heap Regions: E=young(eden), S=young(survivor), O=old, HS=humongous(starts), HC=humongous(continues), CS=collection set, F=free, TAMS=top-at-mark-start, PB=parsable bottom
|   0|0x0000000600000000, 0x0000000600400000, 0x0000000600400000|100%|HS|  |TAMS 0x0000000600400000| PB 0x0000000600000000| Complete |  0
|   1|0x0000000600400000, 0x0000000600800000, 0x0000000600800000|100%| O|  |TAMS 0x0000000600800000| PB 0x0000000600400000| Untracked |  0
|   2|0x0000000600800000, 0x0000000600c00000, 0x0000000600c00000|100%| O|  |TAMS 0x0000000600c00000| PB 0x0000000600800000| Untracked |  0
|   3|0x0000000600c00000, 0x0000000601000000, 0x0000000601000000|100%| O|  |TAMS 0x0000000601000000| PB 0x0000000600c00000| Untracked |  0
|   4|0x0000000601000000, 0x0000000601400000, 0x0000000601400000|100%| O|  |TAMS 0x0000000601400000| PB 0x0000000601000000| Untracked |  0
|   5|0x0000000601400000, 0x0000000601800000, 0x0000000601800000|100%| O|  |TAMS 0x0000000601800000| PB 0x0000000601400000| Untracked |  0
|   6|0x0000000601800000, 0x0000000601c00000, 0x0000000601c00000|100%| O|  |TAMS 0x0000000601c00000| PB 0x0000000601800000| Untracked |  0
|   7|0x0000000601c00000, 0x0000000602000000, 0x0000000602000000|100%| O|  |TAMS 0x0000000602000000| PB 0x0000000601c00000| Untracked |  0
|   8|0x0000000602000000, 0x0000000602400000, 0x0000000602400000|100%| O|  |TAMS 0x0000000602400000| PB 0x0000000602000000| Untracked |  0
|   9|0x0000000602400000, 0x0000000602800000, 0x0000000602800000|100%| O|  |TAMS 0x0000000602800000| PB 0x0000000602400000| Untracked |  0
|  10|0x0000000602800000, 0x0000000602c00000, 0x0000000602c00000|100%| O|  |TAMS 0x0000000602c00000| PB 0x0000000602800000| Untracked |  0
|  11|0x0000000602c00000, 0x0000000603000000, 0x0000000603000000|100%| O|  |TAMS 0x0000000603000000| PB 0x0000000602c00000| Untracked |  0
|  12|0x0000000603000000, 0x0000000603400000, 0x0000000603400000|100%| O|  |TAMS 0x0000000603400000| PB 0x0000000603000000| Untracked |  0
|  13|0x0000000603400000, 0x0000000603800000, 0x0000000603800000|100%| O|  |TAMS 0x0000000603800000| PB 0x0000000603400000| Untracked |  0
|  14|0x0000000603800000, 0x0000000603c00000, 0x0000000603c00000|100%| O|  |TAMS 0x0000000603c00000| PB 0x0000000603800000| Untracked |  0
|  15|0x0000000603c00000, 0x0000000604000000, 0x0000000604000000|100%| O|  |TAMS 0x0000000604000000| PB 0x0000000603c00000| Untracked |  0
|  16|0x0000000604000000, 0x0000000604400000, 0x0000000604400000|100%| O|  |TAMS 0x0000000604400000| PB 0x0000000604000000| Untracked |  0
|  17|0x0000000604400000, 0x0000000604800000, 0x0000000604800000|100%| O|  |TAMS 0x0000000604800000| PB 0x0000000604400000| Untracked |  0
|  18|0x0000000604800000, 0x0000000604c00000, 0x0000000604c00000|100%| O|  |TAMS 0x0000000604c00000| PB 0x0000000604800000| Untracked |  0
|  19|0x0000000604c00000, 0x0000000605000000, 0x0000000605000000|100%| O|  |TAMS 0x0000000605000000| PB 0x0000000604c00000| Untracked |  0
|  20|0x0000000605000000, 0x0000000605400000, 0x0000000605400000|100%| O|  |TAMS 0x0000000605400000| PB 0x0000000605000000| Untracked |  0
|  21|0x0000000605400000, 0x0000000605800000, 0x0000000605800000|100%| O|  |TAMS 0x0000000605800000| PB 0x0000000605400000| Untracked |  0
|  22|0x0000000605800000, 0x0000000605c00000, 0x0000000605c00000|100%| O|  |TAMS 0x0000000605c00000| PB 0x0000000605800000| Untracked |  0
|  23|0x0000000605c00000, 0x0000000606000000, 0x0000000606000000|100%| O|  |TAMS 0x0000000606000000| PB 0x0000000605c00000| Untracked |  0
|  24|0x0000000606000000, 0x0000000606400000, 0x0000000606400000|100%| O|  |TAMS 0x0000000606400000| PB 0x0000000606000000| Untracked |  0
|  25|0x0000000606400000, 0x0000000606800000, 0x0000000606800000|100%| O|  |TAMS 0x0000000606800000| PB 0x0000000606400000| Untracked |  0
|  26|0x0000000606800000, 0x0000000606c00000, 0x0000000606c00000|100%| O|  |TAMS 0x0000000606c00000| PB 0x0000000606800000| Untracked |  0
|  27|0x0000000606c00000, 0x0000000607000000, 0x0000000607000000|100%| O|  |TAMS 0x0000000607000000| PB 0x0000000606c00000| Untracked |  0
|  28|0x0000000607000000, 0x0000000607400000, 0x0000000607400000|100%| O|  |TAMS 0x0000000607400000| PB 0x0000000607000000| Untracked |  0
|  29|0x0000000607400000, 0x0000000607800000, 0x0000000607800000|100%| O|  |TAMS 0x0000000607800000| PB 0x0000000607400000| Untracked |  0
|  30|0x0000000607800000, 0x0000000607c00000, 0x0000000607c00000|100%| O|  |TAMS 0x0000000607c00000| PB 0x0000000607800000| Untracked |  0
|  31|0x0000000607c00000, 0x0000000608000000, 0x0000000608000000|100%| O|  |TAMS 0x0000000608000000| PB 0x0000000607c00000| Untracked |  0
|  32|0x0000000608000000, 0x0000000608400000, 0x0000000608400000|100%| O|  |TAMS 0x0000000608400000| PB 0x0000000608000000| Untracked |  0
|  33|0x0000000608400000, 0x0000000608800000, 0x0000000608800000|100%| O|  |TAMS 0x0000000608800000| PB 0x0000000608400000| Untracked |  0
|  34|0x0000000608800000, 0x0000000608c00000, 0x0000000608c00000|100%| O|  |TAMS 0x0000000608c00000| PB 0x0000000608800000| Untracked |  0
|  35|0x0000000608c00000, 0x0000000609000000, 0x0000000609000000|100%| O|  |TAMS 0x0000000609000000| PB 0x0000000608c00000| Untracked |  0
|  36|0x0000000609000000, 0x0000000609400000, 0x0000000609400000|100%| O|  |TAMS 0x0000000609400000| PB 0x0000000609000000| Untracked |  0
|  37|0x0000000609400000, 0x0000000609800000, 0x0000000609800000|100%| O|  |TAMS 0x0000000609800000| PB 0x0000000609400000| Untracked |  0
|  38|0x0000000609800000, 0x0000000609c00000, 0x0000000609c00000|100%| O|  |TAMS 0x0000000609c00000| PB 0x0000000609800000| Untracked |  0
|  39|0x0000000609c00000, 0x000000060a000000, 0x000000060a000000|100%| O|  |TAMS 0x000000060a000000| PB 0x0000000609c00000| Untracked |  0
|  40|0x000000060a000000, 0x000000060a400000, 0x000000060a400000|100%| O|  |TAMS 0x000000060a400000| PB 0x000000060a000000| Untracked |  0
|  41|0x000000060a400000, 0x000000060a800000, 0x000000060a800000|100%| O|  |TAMS 0x000000060a800000| PB 0x000000060a400000| Untracked |  0
|  42|0x000000060a800000, 0x000000060ac00000, 0x000000060ac00000|100%| O|  |TAMS 0x000000060ac00000| PB 0x000000060a800000| Untracked |  0
|  43|0x000000060ac00000, 0x000000060b000000, 0x000000060b000000|100%| O|  |TAMS 0x000000060b000000| PB 0x000000060ac00000| Untracked |  0
|  44|0x000000060b000000, 0x000000060b400000, 0x000000060b400000|100%| O|  |TAMS 0x000000060b400000| PB 0x000000060b000000| Untracked |  0
|  45|0x000000060b400000, 0x000000060b800000, 0x000000060b800000|100%| O|  |TAMS 0x000000060b800000| PB 0x000000060b400000| Untracked |  0
|  46|0x000000060b800000, 0x000000060bc00000, 0x000000060bc00000|100%| O|  |TAMS 0x000000060bc00000| PB 0x000000060b800000| Untracked |  0
|  47|0x000000060bc00000, 0x000000060c000000, 0x000000060c000000|100%| O|  |TAMS 0x000000060c000000| PB 0x000000060bc00000| Untracked |  0
|  48|0x000000060c000000, 0x000000060c400000, 0x000000060c400000|100%| O|  |TAMS 0x000000060c400000| PB 0x000000060c000000| Untracked |  0
|  49|0x000000060c400000, 0x000000060c800000, 0x000000060c800000|100%| O|  |TAMS 0x000000060c800000| PB 0x000000060c400000| Untracked |  0
|  50|0x000000060c800000, 0x000000060cc00000, 0x000000060cc00000|100%| O|  |TAMS 0x000000060cc00000| PB 0x000000060c800000| Untracked |  0
|  51|0x000000060cc00000, 0x000000060d000000, 0x000000060d000000|100%| O|  |TAMS 0x000000060d000000| PB 0x000000060cc00000| Untracked |  0
|  52|0x000000060d000000, 0x000000060d400000, 0x000000060d400000|100%| O|  |TAMS 0x000000060d1ff800| PB 0x000000060d000000| Untracked |  0
|  53|0x000000060d400000, 0x000000060d800000, 0x000000060d800000|100%| O|  |TAMS 0x000000060d800000| PB 0x000000060d400000| Untracked |  0
|  54|0x000000060d800000, 0x000000060d800000, 0x000000060dc00000|  0%| F|  |TAMS 0x000000060d800000| PB 0x000000060d800000| Untracked |  0
|  55|0x000000060dc00000, 0x000000060e000000, 0x000000060e000000|100%| O|  |TAMS 0x000000060e000000| PB 0x000000060dc00000| Untracked |  0
|  56|0x000000060e000000, 0x000000060e400000, 0x000000060e400000|100%| O|  |TAMS 0x000000060e400000| PB 0x000000060e000000| Untracked |  0
|  57|0x000000060e400000, 0x000000060e800000, 0x000000060e800000|100%| O|  |TAMS 0x000000060e800000| PB 0x000000060e400000| Untracked |  0
|  58|0x000000060e800000, 0x000000060ec00000, 0x000000060ec00000|100%| O|  |TAMS 0x000000060ec00000| PB 0x000000060e800000| Untracked |  0
|  59|0x000000060ec00000, 0x000000060f000000, 0x000000060f000000|100%| O|  |TAMS 0x000000060f000000| PB 0x000000060ec00000| Untracked |  0
|  60|0x000000060f000000, 0x000000060f000000, 0x000000060f400000|  0%| F|  |TAMS 0x000000060f000000| PB 0x000000060f000000| Untracked |  0
|  61|0x000000060f400000, 0x000000060f800000, 0x000000060f800000|100%| O|  |TAMS 0x000000060f800000| PB 0x000000060f400000| Untracked |  0
|  62|0x000000060f800000, 0x000000060f800000, 0x000000060fc00000|  0%| F|  |TAMS 0x000000060f800000| PB 0x000000060f800000| Untracked |  0
|  63|0x000000060fc00000, 0x0000000610000000, 0x0000000610000000|100%| O|  |TAMS 0x0000000610000000| PB 0x000000060fc00000| Untracked |  0
|  64|0x0000000610000000, 0x0000000610400000, 0x0000000610400000|100%| O|  |TAMS 0x0000000610400000| PB 0x0000000610000000| Untracked |  0
|  65|0x0000000610400000, 0x0000000610800000, 0x0000000610800000|100%| O|  |TAMS 0x0000000610800000| PB 0x0000000610400000| Untracked |  0
|  66|0x0000000610800000, 0x0000000610800000, 0x0000000610c00000|  0%| F|  |TAMS 0x0000000610800000| PB 0x0000000610800000| Untracked |  0
|  67|0x0000000610c00000, 0x0000000610c00000, 0x0000000611000000|  0%| F|  |TAMS 0x0000000610c00000| PB 0x0000000610c00000| Untracked |  0
|  68|0x0000000611000000, 0x0000000611000000, 0x0000000611400000|  0%| F|  |TAMS 0x0000000611000000| PB 0x0000000611000000| Untracked |  0
|  69|0x0000000611400000, 0x0000000611400000, 0x0000000611800000|  0%| F|  |TAMS 0x0000000611400000| PB 0x0000000611400000| Untracked |  0
|  70|0x0000000611800000, 0x0000000611c00000, 0x0000000611c00000|100%| O|  |TAMS 0x0000000611c00000| PB 0x0000000611800000| Untracked |  0
|  71|0x0000000611c00000, 0x0000000612000000, 0x0000000612000000|100%| O|  |TAMS 0x0000000612000000| PB 0x0000000611c00000| Untracked |  0
|  72|0x0000000612000000, 0x0000000612000000, 0x0000000612400000|  0%| F|  |TAMS 0x0000000612000000| PB 0x0000000612000000| Untracked |  0
|  73|0x0000000612400000, 0x0000000612400000, 0x0000000612800000|  0%| F|  |TAMS 0x0000000612400000| PB 0x0000000612400000| Untracked |  0
|  74|0x0000000612800000, 0x0000000612800000, 0x0000000612c00000|  0%| F|  |TAMS 0x0000000612800000| PB 0x0000000612800000| Untracked |  0
|  75|0x0000000612c00000, 0x0000000612c00000, 0x0000000613000000|  0%| F|  |TAMS 0x0000000612c00000| PB 0x0000000612c00000| Untracked |  0
|  76|0x0000000613000000, 0x0000000613000000, 0x0000000613400000|  0%| F|  |TAMS 0x0000000613000000| PB 0x0000000613000000| Untracked |  0
|  77|0x0000000613400000, 0x0000000613400000, 0x0000000613800000|  0%| F|  |TAMS 0x0000000613400000| PB 0x0000000613400000| Untracked |  0
|  78|0x0000000613800000, 0x0000000613800000, 0x0000000613c00000|  0%| F|  |TAMS 0x0000000613800000| PB 0x0000000613800000| Untracked |  0
|  79|0x0000000613c00000, 0x0000000614000000, 0x0000000614000000|100%| O|  |TAMS 0x0000000614000000| PB 0x0000000613c00000| Untracked |  0
|  80|0x0000000614000000, 0x0000000614000000, 0x0000000614400000|  0%| F|  |TAMS 0x0000000614000000| PB 0x0000000614000000| Untracked |  0
|  81|0x0000000614400000, 0x0000000614400000, 0x0000000614800000|  0%| F|  |TAMS 0x0000000614400000| PB 0x0000000614400000| Untracked |  0
|  82|0x0000000614800000, 0x0000000614800000, 0x0000000614c00000|  0%| F|  |TAMS 0x0000000614800000| PB 0x0000000614800000| Untracked |  0
|  83|0x0000000614c00000, 0x0000000614c00000, 0x0000000615000000|  0%| F|  |TAMS 0x0000000614c00000| PB 0x0000000614c00000| Untracked |  0
|  84|0x0000000615000000, 0x0000000615000000, 0x0000000615400000|  0%| F|  |TAMS 0x0000000615000000| PB 0x0000000615000000| Untracked |  0
|  85|0x0000000615400000, 0x0000000615400000, 0x0000000615800000|  0%| F|  |TAMS 0x0000000615400000| PB 0x0000000615400000| Untracked |  0
|  86|0x0000000615800000, 0x0000000615800000, 0x0000000615c00000|  0%| F|  |TAMS 0x0000000615800000| PB 0x0000000615800000| Untracked |  0
|  87|0x0000000615c00000, 0x0000000615c00000, 0x0000000616000000|  0%| F|  |TAMS 0x0000000615c00000| PB 0x0000000615c00000| Untracked |  0
|  88|0x0000000616000000, 0x0000000616000000, 0x0000000616400000|  0%| F|  |TAMS 0x0000000616000000| PB 0x0000000616000000| Untracked |  0
|  89|0x0000000616400000, 0x0000000616400000, 0x0000000616800000|  0%| F|  |TAMS 0x0000000616400000| PB 0x0000000616400000| Untracked |  0
|  90|0x0000000616800000, 0x0000000616800000, 0x0000000616c00000|  0%| F|  |TAMS 0x0000000616800000| PB 0x0000000616800000| Untracked |  0
|  91|0x0000000616c00000, 0x0000000616c00000, 0x0000000617000000|  0%| F|  |TAMS 0x0000000616c00000| PB 0x0000000616c00000| Untracked |  0
|  92|0x0000000617000000, 0x0000000617000000, 0x0000000617400000|  0%| F|  |TAMS 0x0000000617000000| PB 0x0000000617000000| Untracked |  0
|  93|0x0000000617400000, 0x0000000617400000, 0x0000000617800000|  0%| F|  |TAMS 0x0000000617400000| PB 0x0000000617400000| Untracked |  0
|  94|0x0000000617800000, 0x0000000617800000, 0x0000000617c00000|  0%| F|  |TAMS 0x0000000617800000| PB 0x0000000617800000| Untracked |  0
|  95|0x0000000617c00000, 0x0000000617c00000, 0x0000000618000000|  0%| F|  |TAMS 0x0000000617c00000| PB 0x0000000617c00000| Untracked |  0
|  96|0x0000000618000000, 0x0000000618000000, 0x0000000618400000|  0%| F|  |TAMS 0x0000000618000000| PB 0x0000000618000000| Untracked |  0
|  97|0x0000000618400000, 0x0000000618400000, 0x0000000618800000|  0%| F|  |TAMS 0x0000000618400000| PB 0x0000000618400000| Untracked |  0
|  98|0x0000000618800000, 0x0000000618800000, 0x0000000618c00000|  0%| F|  |TAMS 0x0000000618800000| PB 0x0000000618800000| Untracked |  0
|  99|0x0000000618c00000, 0x0000000618c00000, 0x0000000619000000|  0%| F|  |TAMS 0x0000000618c00000| PB 0x0000000618c00000| Untracked |  0
| 100|0x0000000619000000, 0x0000000619000000, 0x0000000619400000|  0%| F|  |TAMS 0x0000000619000000| PB 0x0000000619000000| Untracked |  0
| 101|0x0000000619400000, 0x0000000619400000, 0x0000000619800000|  0%| F|  |TAMS 0x0000000619400000| PB 0x0000000619400000| Untracked |  0
| 102|0x0000000619800000, 0x0000000619800000, 0x0000000619c00000|  0%| F|  |TAMS 0x0000000619800000| PB 0x0000000619800000| Untracked |  0
| 103|0x0000000619c00000, 0x0000000619c00000, 0x000000061a000000|  0%| F|  |TAMS 0x0000000619c00000| PB 0x0000000619c00000| Untracked |  0
| 104|0x000000061a000000, 0x000000061a000000, 0x000000061a400000|  0%| F|  |TAMS 0x000000061a000000| PB 0x000000061a000000| Untracked |  0
| 105|0x000000061a400000, 0x000000061a400000, 0x000000061a800000|  0%| F|  |TAMS 0x000000061a400000| PB 0x000000061a400000| Untracked |  0
| 106|0x000000061a800000, 0x000000061a800000, 0x000000061ac00000|  0%| F|  |TAMS 0x000000061a800000| PB 0x000000061a800000| Untracked |  0
| 107|0x000000061ac00000, 0x000000061ac00000, 0x000000061b000000|  0%| F|  |TAMS 0x000000061ac00000| PB 0x000000061ac00000| Untracked |  0
| 108|0x000000061b000000, 0x000000061b000000, 0x000000061b400000|  0%| F|  |TAMS 0x000000061b000000| PB 0x000000061b000000| Untracked |  0
| 109|0x000000061b400000, 0x000000061b400000, 0x000000061b800000|  0%| F|  |TAMS 0x000000061b400000| PB 0x000000061b400000| Untracked |  0
| 110|0x000000061b800000, 0x000000061b800000, 0x000000061bc00000|  0%| F|  |TAMS 0x000000061b800000| PB 0x000000061b800000| Untracked |  0
| 111|0x000000061bc00000, 0x000000061bc00000, 0x000000061c000000|  0%| F|  |TAMS 0x000000061bc00000| PB 0x000000061bc00000| Untracked |  0
| 112|0x000000061c000000, 0x000000061c000000, 0x000000061c400000|  0%| F|  |TAMS 0x000000061c000000| PB 0x000000061c000000| Untracked |  0
| 113|0x000000061c400000, 0x000000061c400000, 0x000000061c800000|  0%| F|  |TAMS 0x000000061c400000| PB 0x000000061c400000| Untracked |  0
| 114|0x000000061c800000, 0x000000061c800000, 0x000000061cc00000|  0%| F|  |TAMS 0x000000061c800000| PB 0x000000061c800000| Untracked |  0
| 115|0x000000061cc00000, 0x000000061cc00000, 0x000000061d000000|  0%| F|  |TAMS 0x000000061cc00000| PB 0x000000061cc00000| Untracked |  0
| 116|0x000000061d000000, 0x000000061d000000, 0x000000061d400000|  0%| F|  |TAMS 0x000000061d000000| PB 0x000000061d000000| Untracked |  0
| 117|0x000000061d400000, 0x000000061d400000, 0x000000061d800000|  0%| F|  |TAMS 0x000000061d400000| PB 0x000000061d400000| Untracked |  0
| 118|0x000000061d800000, 0x000000061d800000, 0x000000061dc00000|  0%| F|  |TAMS 0x000000061d800000| PB 0x000000061d800000| Untracked |  0
| 119|0x000000061dc00000, 0x000000061dc00000, 0x000000061e000000|  0%| F|  |TAMS 0x000000061dc00000| PB 0x000000061dc00000| Untracked |  0
| 120|0x000000061e000000, 0x000000061e000000, 0x000000061e400000|  0%| F|  |TAMS 0x000000061e000000| PB 0x000000061e000000| Untracked |  0
| 121|0x000000061e400000, 0x000000061e400000, 0x000000061e800000|  0%| F|  |TAMS 0x000000061e400000| PB 0x000000061e400000| Untracked |  0
| 122|0x000000061e800000, 0x000000061e800000, 0x000000061ec00000|  0%| F|  |TAMS 0x000000061e800000| PB 0x000000061e800000| Untracked |  0
| 123|0x000000061ec00000, 0x000000061ec00000, 0x000000061f000000|  0%| F|  |TAMS 0x000000061ec00000| PB 0x000000061ec00000| Untracked |  0
| 124|0x000000061f000000, 0x000000061f000000, 0x000000061f400000|  0%| F|  |TAMS 0x000000061f000000| PB 0x000000061f000000| Untracked |  0
| 125|0x000000061f400000, 0x000000061f400000, 0x000000061f800000|  0%| F|  |TAMS 0x000000061f400000| PB 0x000000061f400000| Untracked |  0
| 126|0x000000061f800000, 0x000000061f800000, 0x000000061fc00000|  0%| F|  |TAMS 0x000000061f800000| PB 0x000000061f800000| Untracked |  0
| 127|0x000000061fc00000, 0x000000061fc00000, 0x0000000620000000|  0%| F|  |TAMS 0x000000061fc00000| PB 0x000000061fc00000| Untracked |  0
| 128|0x0000000620000000, 0x0000000620000000, 0x0000000620400000|  0%| F|  |TAMS 0x0000000620000000| PB 0x0000000620000000| Untracked |  0
| 129|0x0000000620400000, 0x0000000620400000, 0x0000000620800000|  0%| F|  |TAMS 0x0000000620400000| PB 0x0000000620400000| Untracked |  0
| 130|0x0000000620800000, 0x0000000620800000, 0x0000000620c00000|  0%| F|  |TAMS 0x0000000620800000| PB 0x0000000620800000| Untracked |  0
| 131|0x0000000620c00000, 0x0000000620c00000, 0x0000000621000000|  0%| F|  |TAMS 0x0000000620c00000| PB 0x0000000620c00000| Untracked |  0
| 132|0x0000000621000000, 0x0000000621000000, 0x0000000621400000|  0%| F|  |TAMS 0x0000000621000000| PB 0x0000000621000000| Untracked |  0
| 133|0x0000000621400000, 0x0000000621400000, 0x0000000621800000|  0%| F|  |TAMS 0x0000000621400000| PB 0x0000000621400000| Untracked |  0
| 134|0x0000000621800000, 0x0000000621800000, 0x0000000621c00000|  0%| F|  |TAMS 0x0000000621800000| PB 0x0000000621800000| Untracked |  0
| 135|0x0000000621c00000, 0x0000000621c00000, 0x0000000622000000|  0%| F|  |TAMS 0x0000000621c00000| PB 0x0000000621c00000| Untracked |  0
| 136|0x0000000622000000, 0x0000000622000000, 0x0000000622400000|  0%| F|  |TAMS 0x0000000622000000| PB 0x0000000622000000| Untracked |  0
| 137|0x0000000622400000, 0x0000000622400000, 0x0000000622800000|  0%| F|  |TAMS 0x0000000622400000| PB 0x0000000622400000| Untracked |  0
| 138|0x0000000622800000, 0x0000000622800000, 0x0000000622c00000|  0%| F|  |TAMS 0x0000000622800000| PB 0x0000000622800000| Untracked |  0
| 139|0x0000000622c00000, 0x0000000622c00000, 0x0000000623000000|  0%| F|  |TAMS 0x0000000622c00000| PB 0x0000000622c00000| Untracked |  0
| 140|0x0000000623000000, 0x0000000623000000, 0x0000000623400000|  0%| F|  |TAMS 0x0000000623000000| PB 0x0000000623000000| Untracked |  0
| 141|0x0000000623400000, 0x0000000623400000, 0x0000000623800000|  0%| F|  |TAMS 0x0000000623400000| PB 0x0000000623400000| Untracked |  0
| 142|0x0000000623800000, 0x0000000623800000, 0x0000000623c00000|  0%| F|  |TAMS 0x0000000623800000| PB 0x0000000623800000| Untracked |  0
| 143|0x0000000623c00000, 0x0000000623c00000, 0x0000000624000000|  0%| F|  |TAMS 0x0000000623c00000| PB 0x0000000623c00000| Untracked |  0
| 144|0x0000000624000000, 0x0000000624000000, 0x0000000624400000|  0%| F|  |TAMS 0x0000000624000000| PB 0x0000000624000000| Untracked |  0
| 145|0x0000000624400000, 0x0000000624400000, 0x0000000624800000|  0%| F|  |TAMS 0x0000000624400000| PB 0x0000000624400000| Untracked |  0
| 146|0x0000000624800000, 0x0000000624800000, 0x0000000624c00000|  0%| F|  |TAMS 0x0000000624800000| PB 0x0000000624800000| Untracked |  0
| 147|0x0000000624c00000, 0x0000000624c00000, 0x0000000625000000|  0%| F|  |TAMS 0x0000000624c00000| PB 0x0000000624c00000| Untracked |  0
| 148|0x0000000625000000, 0x0000000625000000, 0x0000000625400000|  0%| F|  |TAMS 0x0000000625000000| PB 0x0000000625000000| Untracked |  0
| 149|0x0000000625400000, 0x0000000625400000, 0x0000000625800000|  0%| F|  |TAMS 0x0000000625400000| PB 0x0000000625400000| Untracked |  0
| 150|0x0000000625800000, 0x0000000625800000, 0x0000000625c00000|  0%| F|  |TAMS 0x0000000625800000| PB 0x0000000625800000| Untracked |  0
| 151|0x0000000625c00000, 0x0000000625c00000, 0x0000000626000000|  0%| F|  |TAMS 0x0000000625c00000| PB 0x0000000625c00000| Untracked |  0
| 152|0x0000000626000000, 0x0000000626000000, 0x0000000626400000|  0%| F|  |TAMS 0x0000000626000000| PB 0x0000000626000000| Untracked |  0
| 153|0x0000000626400000, 0x0000000626400000, 0x0000000626800000|  0%| F|  |TAMS 0x0000000626400000| PB 0x0000000626400000| Untracked |  0
| 154|0x0000000626800000, 0x0000000626800000, 0x0000000626c00000|  0%| F|  |TAMS 0x0000000626800000| PB 0x0000000626800000| Untracked |  0
| 155|0x0000000626c00000, 0x0000000626c00000, 0x0000000627000000|  0%| F|  |TAMS 0x0000000626c00000| PB 0x0000000626c00000| Untracked |  0
| 156|0x0000000627000000, 0x0000000627000000, 0x0000000627400000|  0%| F|  |TAMS 0x0000000627000000| PB 0x0000000627000000| Untracked |  0
| 157|0x0000000627400000, 0x0000000627400000, 0x0000000627800000|  0%| F|  |TAMS 0x0000000627400000| PB 0x0000000627400000| Untracked |  0
| 158|0x0000000627800000, 0x0000000627800000, 0x0000000627c00000|  0%| F|  |TAMS 0x0000000627800000| PB 0x0000000627800000| Untracked |  0
| 159|0x0000000627c00000, 0x0000000627c00000, 0x0000000628000000|  0%| F|  |TAMS 0x0000000627c00000| PB 0x0000000627c00000| Untracked |  0
| 160|0x0000000628000000, 0x0000000628000000, 0x0000000628400000|  0%| F|  |TAMS 0x0000000628000000| PB 0x0000000628000000| Untracked |  0
| 161|0x0000000628400000, 0x0000000628400000, 0x0000000628800000|  0%| F|  |TAMS 0x0000000628400000| PB 0x0000000628400000| Untracked |  0
| 162|0x0000000628800000, 0x0000000628800000, 0x0000000628c00000|  0%| F|  |TAMS 0x0000000628800000| PB 0x0000000628800000| Untracked |  0
| 163|0x0000000628c00000, 0x0000000628c00000, 0x0000000629000000|  0%| F|  |TAMS 0x0000000628c00000| PB 0x0000000628c00000| Untracked |  0
| 164|0x0000000629000000, 0x0000000629000000, 0x0000000629400000|  0%| F|  |TAMS 0x0000000629000000| PB 0x0000000629000000| Untracked |  0
| 165|0x0000000629400000, 0x0000000629400000, 0x0000000629800000|  0%| F|  |TAMS 0x0000000629400000| PB 0x0000000629400000| Untracked |  0
| 166|0x0000000629800000, 0x0000000629800000, 0x0000000629c00000|  0%| F|  |TAMS 0x0000000629800000| PB 0x0000000629800000| Untracked |  0
| 167|0x0000000629c00000, 0x0000000629c00000, 0x000000062a000000|  0%| F|  |TAMS 0x0000000629c00000| PB 0x0000000629c00000| Untracked |  0
| 168|0x000000062a000000, 0x000000062a000000, 0x000000062a400000|  0%| F|  |TAMS 0x000000062a000000| PB 0x000000062a000000| Untracked |  0
| 169|0x000000062a400000, 0x000000062a400000, 0x000000062a800000|  0%| F|  |TAMS 0x000000062a400000| PB 0x000000062a400000| Untracked |  0
| 170|0x000000062a800000, 0x000000062a800000, 0x000000062ac00000|  0%| F|  |TAMS 0x000000062a800000| PB 0x000000062a800000| Untracked |  0
| 171|0x000000062ac00000, 0x000000062ac00000, 0x000000062b000000|  0%| F|  |TAMS 0x000000062ac00000| PB 0x000000062ac00000| Untracked |  0
| 172|0x000000062b000000, 0x000000062b000000, 0x000000062b400000|  0%| F|  |TAMS 0x000000062b000000| PB 0x000000062b000000| Untracked |  0
| 173|0x000000062b400000, 0x000000062b400000, 0x000000062b800000|  0%| F|  |TAMS 0x000000062b400000| PB 0x000000062b400000| Untracked |  0
| 174|0x000000062b800000, 0x000000062b800000, 0x000000062bc00000|  0%| F|  |TAMS 0x000000062b800000| PB 0x000000062b800000| Untracked |  0
| 175|0x000000062bc00000, 0x000000062bc00000, 0x000000062c000000|  0%| F|  |TAMS 0x000000062bc00000| PB 0x000000062bc00000| Untracked |  0
| 176|0x000000062c000000, 0x000000062c000000, 0x000000062c400000|  0%| F|  |TAMS 0x000000062c000000| PB 0x000000062c000000| Untracked |  0
| 177|0x000000062c400000, 0x000000062c400000, 0x000000062c800000|  0%| F|  |TAMS 0x000000062c400000| PB 0x000000062c400000| Untracked |  0
| 178|0x000000062c800000, 0x000000062c800000, 0x000000062cc00000|  0%| F|  |TAMS 0x000000062c800000| PB 0x000000062c800000| Untracked |  0
| 179|0x000000062cc00000, 0x000000062cc00000, 0x000000062d000000|  0%| F|  |TAMS 0x000000062cc00000| PB 0x000000062cc00000| Untracked |  0
| 180|0x000000062d000000, 0x000000062d000000, 0x000000062d400000|  0%| F|  |TAMS 0x000000062d000000| PB 0x000000062d000000| Untracked |  0
| 181|0x000000062d400000, 0x000000062d400000, 0x000000062d800000|  0%| F|  |TAMS 0x000000062d400000| PB 0x000000062d400000| Untracked |  0
| 182|0x000000062d800000, 0x000000062d800000, 0x000000062dc00000|  0%| F|  |TAMS 0x000000062d800000| PB 0x000000062d800000| Untracked |  0
| 183|0x000000062dc00000, 0x000000062dc00000, 0x000000062e000000|  0%| F|  |TAMS 0x000000062dc00000| PB 0x000000062dc00000| Untracked |  0
| 184|0x000000062e000000, 0x000000062e000000, 0x000000062e400000|  0%| F|  |TAMS 0x000000062e000000| PB 0x000000062e000000| Untracked |  0
| 185|0x000000062e400000, 0x000000062e400000, 0x000000062e800000|  0%| F|  |TAMS 0x000000062e400000| PB 0x000000062e400000| Untracked |  0
| 186|0x000000062e800000, 0x000000062e800000, 0x000000062ec00000|  0%| F|  |TAMS 0x000000062e800000| PB 0x000000062e800000| Untracked |  0
| 187|0x000000062ec00000, 0x000000062ec00000, 0x000000062f000000|  0%| F|  |TAMS 0x000000062ec00000| PB 0x000000062ec00000| Untracked |  0
| 188|0x000000062f000000, 0x000000062f000000, 0x000000062f400000|  0%| F|  |TAMS 0x000000062f000000| PB 0x000000062f000000| Untracked |  0
| 189|0x000000062f400000, 0x000000062f400000, 0x000000062f800000|  0%| F|  |TAMS 0x000000062f400000| PB 0x000000062f400000| Untracked |  0
| 190|0x000000062f800000, 0x000000062f800000, 0x000000062fc00000|  0%| F|  |TAMS 0x000000062f800000| PB 0x000000062f800000| Untracked |  0
|2021|0x00000007f9400000, 0x00000007f9400000, 0x00000007f9800000|  0%| F|  |TAMS 0x00000007f9400000| PB 0x00000007f9400000| Untracked |  0
|2022|0x00000007f9800000, 0x00000007f9800000, 0x00000007f9c00000|  0%| F|  |TAMS 0x00000007f9800000| PB 0x00000007f9800000| Untracked |  0
|2023|0x00000007f9c00000, 0x00000007f9c00000, 0x00000007fa000000|  0%| F|  |TAMS 0x00000007f9c00000| PB 0x00000007f9c00000| Untracked |  0
|2024|0x00000007fa000000, 0x00000007fa000000, 0x00000007fa400000|  0%| F|  |TAMS 0x00000007fa000000| PB 0x00000007fa000000| Untracked |  0
|2025|0x00000007fa400000, 0x00000007fa400000, 0x00000007fa800000|  0%| F|  |TAMS 0x00000007fa400000| PB 0x00000007fa400000| Untracked |  0
|2026|0x00000007fa800000, 0x00000007fa800000, 0x00000007fac00000|  0%| F|  |TAMS 0x00000007fa800000| PB 0x00000007fa800000| Untracked |  0
|2027|0x00000007fac00000, 0x00000007fac00000, 0x00000007fb000000|  0%| F|  |TAMS 0x00000007fac00000| PB 0x00000007fac00000| Untracked |  0
|2028|0x00000007fb000000, 0x00000007fb000000, 0x00000007fb400000|  0%| F|  |TAMS 0x00000007fb000000| PB 0x00000007fb000000| Untracked |  0
|2029|0x00000007fb400000, 0x00000007fb400000, 0x00000007fb800000|  0%| F|  |TAMS 0x00000007fb400000| PB 0x00000007fb400000| Untracked |  0
|2030|0x00000007fb800000, 0x00000007fb800000, 0x00000007fbc00000|  0%| F|  |TAMS 0x00000007fb800000| PB 0x00000007fb800000| Untracked |  0
|2031|0x00000007fbc00000, 0x00000007fbc00000, 0x00000007fc000000|  0%| F|  |TAMS 0x00000007fbc00000| PB 0x00000007fbc00000| Untracked |  0
|2032|0x00000007fc000000, 0x00000007fc000000, 0x00000007fc400000|  0%| F|  |TAMS 0x00000007fc000000| PB 0x00000007fc000000| Untracked |  0
|2033|0x00000007fc400000, 0x00000007fc400000, 0x00000007fc800000|  0%| F|  |TAMS 0x00000007fc400000| PB 0x00000007fc400000| Untracked |  0
|2034|0x00000007fc800000, 0x00000007fc800000, 0x00000007fcc00000|  0%| F|  |TAMS 0x00000007fc800000| PB 0x00000007fc800000| Untracked |  0
|2035|0x00000007fcc00000, 0x00000007fcdf9b00, 0x00000007fd000000| 49%| S|CS|TAMS 0x00000007fcc00000| PB 0x00000007fcc00000| Complete |  0
|2036|0x00000007fd000000, 0x00000007fd400000, 0x00000007fd400000|100%| S|CS|TAMS 0x00000007fd000000| PB 0x00000007fd000000| Complete |  0
|2037|0x00000007fd400000, 0x00000007fd400000, 0x00000007fd800000|  0%| F|  |TAMS 0x00000007fd400000| PB 0x00000007fd400000| Untracked |  0
|2038|0x00000007fd800000, 0x00000007fd800000, 0x00000007fdc00000|  0%| F|  |TAMS 0x00000007fd800000| PB 0x00000007fd800000| Untracked |  0
|2039|0x00000007fdc00000, 0x00000007fdc00000, 0x00000007fe000000|  0%| F|  |TAMS 0x00000007fdc00000| PB 0x00000007fdc00000| Untracked |  0
|2040|0x00000007fe000000, 0x00000007fe000000, 0x00000007fe400000|  0%| F|  |TAMS 0x00000007fe000000| PB 0x00000007fe000000| Untracked |  0
|2041|0x00000007fe400000, 0x00000007fe400000, 0x00000007fe800000|  0%| F|  |TAMS 0x00000007fe400000| PB 0x00000007fe400000| Untracked |  0
|2042|0x00000007fe800000, 0x00000007fe800000, 0x00000007fec00000|  0%| F|  |TAMS 0x00000007fe800000| PB 0x00000007fe800000| Untracked |  0
|2043|0x00000007fec00000, 0x00000007ff000000, 0x00000007ff000000|100%| O|  |TAMS 0x00000007ff000000| PB 0x00000007fec00000| Untracked |  0
|2044|0x00000007ff000000, 0x00000007ff400000, 0x00000007ff400000|100%| O|  |TAMS 0x00000007ff400000| PB 0x00000007ff000000| Untracked |  0
|2045|0x00000007ff400000, 0x00000007ff400000, 0x00000007ff800000|  0%| F|  |TAMS 0x00000007ff400000| PB 0x00000007ff400000| Untracked |  0
|2046|0x00000007ff800000, 0x00000007ffc00000, 0x00000007ffc00000|100%| O|  |TAMS 0x00000007ffc00000| PB 0x00000007ff800000| Untracked |  0
|2047|0x00000007ffc00000, 0x00000007ffc00000, 0x0000000800000000|  0%| F|  |TAMS 0x00000007ffc00000| PB 0x00000007ffc00000| Untracked |  0

Card table byte_map: [0x0000008021ef0000,0x0000008022ef0000] _byte_map_base: 0x000000801eef0000

Marking Bits: (CMBitMap*) 0x0000008000ae5910
 Bits: [0x0000008022ef0000, 0x000000802aef0000)

Polling page: 0x00000080001f0000

Metaspace:
Metaspace        used 213702K, committed 217984K, reserved 1245184K
 class space     used 21811K, committed 23936K, reserved 1048576K

Usage:
  Non-class:    187.39 MB used.
      Class:     21.30 MB used.
       Both:    208.69 MB used.

Virtual space:
  Non-class space:      192.00 MB reserved,     189.50 MB ( 99%) committed,  3 nodes.
      Class space:        1.00 GB reserved,      23.38 MB (  2%) committed,  1 nodes.
             Both:        1.19 GB reserved,     212.88 MB ( 18%) committed. 

Chunk freelists:
   Non-Class:  2.27 MB
       Class:  8.57 MB
        Both:  10.84 MB

MaxMetaspaceSize: 4.00 GB
CompressedClassSpaceSize: 1.00 GB
Initial GC threshold: 21.00 MB
Current GC threshold: 354.81 MB
CDS: on
 - commit_granule_bytes: 65536.
 - commit_granule_words: 8192.
 - virtual_space_node_default_size: 8388608.
 - enlarge_chunks_in_place: 1.
UseCompressedClassPointers 1, UseCompactObjectHeaders 0
Narrow klass pointer bits 32, Max shift 3
Narrow klass base: 0x000000002e000000, Narrow klass shift: 0
Encoding Range: [0x000000002e000000 - 0x000000012e000000), (4294967296 bytes)
Klass Range:    [0x000000002e010000 - 0x000000006f000000), (1090453504 bytes)
Klass ID Range:  [65536 - 1090519033) (1090453497)
Protection zone: [0x000000002e000000 - 0x000000002e010000), (65536 bytes)


Internal statistics:

num_allocs_failed_limit: 9.
num_arena_births: 10254.
num_arena_deaths: 2190.
num_vsnodes_births: 4.
num_vsnodes_deaths: 0.
num_space_committed: 3403.
num_space_uncommitted: 0.
num_chunks_returned_to_freelist: 2700.
num_chunks_taken_from_freelist: 21110.
num_chunk_merges: 707.
num_chunk_splits: 13260.
num_chunks_enlarged: 8248.
num_inconsistent_stats: 0.

CodeHeap 'non-profiled nmethods': size=259328Kb used=23605Kb max_used=23605Kb free=235723Kb
 bounds [0x0000008010db0000, 0x00000080124c0000, 0x0000008020af0000]
CodeHeap 'profiled nmethods': size=259264Kb used=63446Kb max_used=64083Kb free=195817Kb
 bounds [0x0000008000af0000, 0x00000080049a0000, 0x0000008010820000]
CodeHeap 'non-nmethods': size=5696Kb used=2450Kb max_used=2627Kb free=3245Kb
 bounds [0x0000008010820000, 0x0000008010ac0000, 0x0000008010db0000]
CodeCache: size=524288Kb, used=89501Kb, max_used=90315Kb, free=434785Kb
 total_blobs=36401, nmethods=35146, adapters=1155, full_count=0
Compilation: enabled, stopped_count=0, restarted_count=0

Compilation events (20 events):
Event: 4427.825 Thread 0x000000802b255eb0 nmethod 70942 0x00000080124b8688 code [0x00000080124b8780, 0x00000080124b87f8]
Event: 4427.828 Thread 0x000000802b255eb0 70943       4       org.gradle.api.internal.artifacts.DefaultDependencyManagementServices$DefaultDependencyResolutionServices::<init> (6 bytes)
Event: 4427.829 Thread 0x000000802b255eb0 nmethod 70943 0x00000080124b8988 code [0x00000080124b8a80, 0x00000080124b8bf8]
Event: 4428.858 Thread 0x000000802b255eb0 70944       4       it.unimi.dsi.fastutil.objects.ReferenceArrayList::isEmpty (13 bytes)
Event: 4428.858 Thread 0x000000802b255eb0 nmethod 70944 0x00000080124b8c88 code [0x00000080124b8d80, 0x00000080124b8e18]
Event: 4429.611 Thread 0x000000802b255eb0 70945       4       java.util.ComparableTimSort::mergeLo (656 bytes)
Event: 4429.816 Thread 0x000000802b255eb0 nmethod 70945 0x00000080124b8f88 code [0x00000080124b9080, 0x00000080124bb7f0]
Event: 4430.211 Thread 0x000000802b255eb0 70946 % !   4       org.gradle.launcher.daemon.server.exec.LogToClient$AsynchronousLogDispatcher::run @ 0 (62 bytes)
Event: 4430.399 Thread 0x000000802b255eb0 nmethod 70946% 0x00000080124bb808 code [0x00000080124bb900, 0x00000080124bc778]
Event: 4431.490 Thread 0x000000802b25dc70 70947       3       java.time.LocalTime::ofNanoOfDay (68 bytes)
Event: 4431.490 Thread 0x000000802b25dc70 nmethod 70947 0x0000008000ca2288 code [0x0000008000ca2380, 0x0000008000ca2820]
Event: 4434.576 Thread 0x000000802b25dc70 70948       1       org.gradle.tooling.internal.provider.action.ClientProvidedPhasedAction::isCreateModel (2 bytes)
Event: 4434.576 Thread 0x000000802b25dc70 nmethod 70948 0x00000080124bc808 code [0x00000080124bc900, 0x00000080124bc9c8]
Event: 4434.580 Thread 0x000000802b25dc70 70949       1       org.gradle.internal.cc.buildtree.InvocationScenarioParameter::getRunningTasks (5 bytes)
Event: 4434.580 Thread 0x000000802b25dc70 nmethod 70949 0x00000080124bcb08 code [0x00000080124bcc00, 0x00000080124bccc8]
Event: 4434.640 Thread 0x000000802b25dc70 70950       1       org.gradle.tooling.internal.consumer.connection.InternalPhasedActionAdapter::getProjectsLoadedAction (5 bytes)
Event: 4434.641 Thread 0x000000802b25dc70 nmethod 70950 0x00000080124bce08 code [0x00000080124bcf00, 0x00000080124bcfc8]
Event: 4435.269 Thread 0x000000802b255eb0 70951       4       java.lang.invoke.LambdaForm$DMH/0x00000000305d6c00::newInvokeSpecial (24 bytes)
Event: 4435.283 Thread 0x000000802b255eb0 nmethod 70951 0x00000080124bd108 code [0x00000080124bd200, 0x00000080124bd2e8]
Event: 4447.298 Thread 0x000000802b255eb0 70952       4       java.util.ComparableTimSort::sort (219 bytes)

GC Heap Usage History (20 events):
Event: 4363.696 {heap After GC invocations=217 (full 0):
 garbage-first heap   total reserved 8388608K, committed 892928K, used 423773K [0x0000000600000000, 0x0000000800000000)
  region size 4096K, 7 young (28672K), 7 survivors (28672K)
}
Event: 4369.285 {heap Before GC invocations=218 (full 0):
 garbage-first heap   total reserved 8388608K, committed 892928K, used 755549K [0x0000000600000000, 0x0000000800000000)
  region size 4096K, 99 young (405504K), 7 survivors (28672K)
}
Event: 4369.314 {heap After GC invocations=219 (full 0):
 garbage-first heap   total reserved 8388608K, committed 892928K, used 404652K [0x0000000600000000, 0x0000000800000000)
  region size 4096K, 13 young (53248K), 13 survivors (53248K)
}
Event: 4374.850 {heap Before GC invocations=219 (full 0):
 garbage-first heap   total reserved 8388608K, committed 892928K, used 801964K [0x0000000600000000, 0x0000000800000000)
  region size 4096K, 110 young (450560K), 13 survivors (53248K)
}
Event: 4374.935 {heap After GC invocations=220 (full 0):
 garbage-first heap   total reserved 8388608K, committed 892928K, used 333888K [0x0000000600000000, 0x0000000800000000)
  region size 4096K, 13 young (53248K), 13 survivors (53248K)
}
Event: 4382.827 {heap Before GC invocations=220 (full 0):
 garbage-first heap   total reserved 8388608K, committed 892928K, used 792640K [0x0000000600000000, 0x0000000800000000)
  region size 4096K, 125 young (512000K), 13 survivors (53248K)
}
Event: 4382.949 {heap After GC invocations=221 (full 0):
 garbage-first heap   total reserved 8388608K, committed 892928K, used 340947K [0x0000000600000000, 0x0000000800000000)
  region size 4096K, 15 young (61440K), 15 survivors (61440K)
}
Event: 4393.953 {heap Before GC invocations=221 (full 0):
 garbage-first heap   total reserved 8388608K, committed 892928K, used 791507K [0x0000000600000000, 0x0000000800000000)
  region size 4096K, 125 young (512000K), 15 survivors (61440K)
}
Event: 4394.897 {heap After GC invocations=222 (full 0):
 garbage-first heap   total reserved 8388608K, committed 892928K, used 374091K [0x0000000600000000, 0x0000000800000000)
  region size 4096K, 9 young (36864K), 9 survivors (36864K)
}
Event: 4396.342 {heap Before GC invocations=222 (full 0):
 garbage-first heap   total reserved 8388608K, committed 892928K, used 410955K [0x0000000600000000, 0x0000000800000000)
  region size 4096K, 18 young (73728K), 9 survivors (36864K)
}
Event: 4396.444 {heap After GC invocations=223 (full 0):
 garbage-first heap   total reserved 8388608K, committed 892928K, used 380681K [0x0000000600000000, 0x0000000800000000)
  region size 4096K, 2 young (8192K), 2 survivors (8192K)
}
Event: 4410.055 {heap Before GC invocations=224 (full 0):
 garbage-first heap   total reserved 8388608K, committed 892928K, used 708361K [0x0000000600000000, 0x0000000800000000)
  region size 4096K, 97 young (397312K), 2 survivors (8192K)
}
Event: 4410.224 {heap After GC invocations=225 (full 0):
 garbage-first heap   total reserved 8388608K, committed 892928K, used 347913K [0x0000000600000000, 0x0000000800000000)
  region size 4096K, 8 young (32768K), 8 survivors (32768K)
}
Event: 4436.459 {heap Before GC invocations=225 (full 0):
 garbage-first heap   total reserved 8388608K, committed 892928K, used 790281K [0x0000000600000000, 0x0000000800000000)
  region size 4096K, 116 young (475136K), 8 survivors (32768K)
}
Event: 4438.948 {heap After GC invocations=226 (full 0):
 garbage-first heap   total reserved 8388608K, committed 892928K, used 280874K [0x0000000600000000, 0x0000000800000000)
  region size 4096K, 15 young (61440K), 15 survivors (61440K)
}
Event: 4439.564 {heap Before GC invocations=226 (full 0):
 garbage-first heap   total reserved 8388608K, committed 892928K, used 284970K [0x0000000600000000, 0x0000000800000000)
  region size 4096K, 16 young (65536K), 15 survivors (61440K)
}
Event: 4440.341 {heap After GC invocations=227 (full 0):
 garbage-first heap   total reserved 8388608K, committed 892928K, used 288766K [0x0000000600000000, 0x0000000800000000)
  region size 4096K, 2 young (8192K), 2 survivors (8192K)
}
Event: 4447.678 {heap Before GC invocations=227 (full 0):
 garbage-first heap   total reserved 8388608K, committed 892928K, used 321534K [0x0000000600000000, 0x0000000800000000)
  region size 4096K, 10 young (40960K), 2 survivors (8192K)
}
Event: 4448.269 {heap After GC invocations=228 (full 0):
 garbage-first heap   total reserved 8388608K, committed 892928K, used 286924K [0x0000000600000000, 0x0000000800000000)
  region size 4096K, 2 young (8192K), 2 survivors (8192K)
}
Event: 4452.209 {heap Before GC invocations=228 (full 0):
 garbage-first heap   total reserved 8388608K, committed 892928K, used 319692K [0x0000000600000000, 0x0000000800000000)
  region size 4096K, 10 young (40960K), 2 survivors (8192K)
}

Metaspace Usage History (20 events):
Event: 4363.696 {metaspace After GC invocations=217 (full 0):
 Metaspace       used 213787K, committed 217984K, reserved 1245184K
  class space    used 21835K, committed 23936K, reserved 1048576K
}
Event: 4369.285 {metaspace Before GC invocations=218 (full 0):
 Metaspace       used 213678K, committed 217984K, reserved 1245184K
  class space    used 21809K, committed 23936K, reserved 1048576K
}
Event: 4369.314 {metaspace After GC invocations=219 (full 0):
 Metaspace       used 213678K, committed 217984K, reserved 1245184K
  class space    used 21809K, committed 23936K, reserved 1048576K
}
Event: 4374.850 {metaspace Before GC invocations=219 (full 0):
 Metaspace       used 213698K, committed 217984K, reserved 1245184K
  class space    used 21813K, committed 23936K, reserved 1048576K
}
Event: 4374.935 {metaspace After GC invocations=220 (full 0):
 Metaspace       used 213698K, committed 217984K, reserved 1245184K
  class space    used 21813K, committed 23936K, reserved 1048576K
}
Event: 4382.827 {metaspace Before GC invocations=220 (full 0):
 Metaspace       used 213732K, committed 217984K, reserved 1245184K
  class space    used 21820K, committed 23936K, reserved 1048576K
}
Event: 4382.949 {metaspace After GC invocations=221 (full 0):
 Metaspace       used 213732K, committed 217984K, reserved 1245184K
  class space    used 21820K, committed 23936K, reserved 1048576K
}
Event: 4393.953 {metaspace Before GC invocations=221 (full 0):
 Metaspace       used 213753K, committed 217984K, reserved 1245184K
  class space    used 21824K, committed 23936K, reserved 1048576K
}
Event: 4394.897 {metaspace After GC invocations=222 (full 0):
 Metaspace       used 213753K, committed 217984K, reserved 1245184K
  class space    used 21824K, committed 23936K, reserved 1048576K
}
Event: 4396.342 {metaspace Before GC invocations=222 (full 0):
 Metaspace       used 213758K, committed 217984K, reserved 1245184K
  class space    used 21825K, committed 23936K, reserved 1048576K
}
Event: 4396.444 {metaspace After GC invocations=223 (full 0):
 Metaspace       used 213758K, committed 217984K, reserved 1245184K
  class space    used 21825K, committed 23936K, reserved 1048576K
}
Event: 4410.061 {metaspace Before GC invocations=224 (full 0):
 Metaspace       used 213676K, committed 217984K, reserved 1245184K
  class space    used 21804K, committed 23936K, reserved 1048576K
}
Event: 4410.224 {metaspace After GC invocations=225 (full 0):
 Metaspace       used 213676K, committed 217984K, reserved 1245184K
  class space    used 21804K, committed 23936K, reserved 1048576K
}
Event: 4436.472 {metaspace Before GC invocations=225 (full 0):
 Metaspace       used 213702K, committed 217984K, reserved 1245184K
  class space    used 21811K, committed 23936K, reserved 1048576K
}
Event: 4438.977 {metaspace After GC invocations=226 (full 0):
 Metaspace       used 213702K, committed 217984K, reserved 1245184K
  class space    used 21811K, committed 23936K, reserved 1048576K
}
Event: 4439.564 {metaspace Before GC invocations=226 (full 0):
 Metaspace       used 213702K, committed 217984K, reserved 1245184K
  class space    used 21811K, committed 23936K, reserved 1048576K
}
Event: 4440.341 {metaspace After GC invocations=227 (full 0):
 Metaspace       used 213702K, committed 217984K, reserved 1245184K
  class space    used 21811K, committed 23936K, reserved 1048576K
}
Event: 4447.678 {metaspace Before GC invocations=227 (full 0):
 Metaspace       used 213702K, committed 217984K, reserved 1245184K
  class space    used 21811K, committed 23936K, reserved 1048576K
}
Event: 4448.269 {metaspace After GC invocations=228 (full 0):
 Metaspace       used 213702K, committed 217984K, reserved 1245184K
  class space    used 21811K, committed 23936K, reserved 1048576K
}
Event: 4452.209 {metaspace Before GC invocations=228 (full 0):
 Metaspace       used 213702K, committed 217984K, reserved 1245184K
  class space    used 21811K, committed 23936K, reserved 1048576K
}

Dll operation events (15 events):
Event: 0.039 Loaded shared library C:\Users\sachintha\.jdks\openjdk-25\bin\java.dll
Event: 0.202 Loaded shared library C:\Users\sachintha\.jdks\openjdk-25\bin\zip.dll
Event: 0.210 Loaded shared library C:\Users\sachintha\.jdks\openjdk-25\bin\instrument.dll
Event: 0.221 Loaded shared library C:\Users\sachintha\.jdks\openjdk-25\bin\net.dll
Event: 0.229 Loaded shared library C:\Users\sachintha\.jdks\openjdk-25\bin\nio.dll
Event: 0.234 Loaded shared library C:\Users\sachintha\.jdks\openjdk-25\bin\zip.dll
Event: 0.815 Loaded shared library C:\Users\sachintha\.jdks\openjdk-25\bin\jimage.dll
Event: 1.409 Loaded shared library C:\Users\sachintha\.jdks\openjdk-25\bin\verify.dll
Event: 1.464 Loaded shared library C:\Users\sachintha\.gradle\native\660c5614fbf4a5f2a75b1949f50a0caf5cd603558e7d8a26e50b933a0cfb79d1\windows-amd64\native-platform.dll
Event: 1.719 Loaded shared library C:\Users\sachintha\.gradle\native\0.2.8\x86_64-windows-gnu\gradle-fileevents.dll
Event: 3.615 Loaded shared library C:\Users\sachintha\.jdks\openjdk-25\bin\management.dll
Event: 3.621 Loaded shared library C:\Users\sachintha\.jdks\openjdk-25\bin\management_ext.dll
Event: 4.001 Loaded shared library C:\Users\sachintha\.jdks\openjdk-25\bin\extnet.dll
Event: 4.818 Loaded shared library C:\Users\sachintha\.jdks\openjdk-25\bin\sunmscapi.dll
Event: 63.209 Loaded shared library C:\Users\sachintha\.jdks\openjdk-25\bin\rmi.dll

Deoptimization events (20 events):
Event: 4375.198 Thread 0x0000008033ecc320 Uncommon trap: trap_request=0xffffffd6 fr.pc=0x0000008012474a10 relative=0x0000000000001a90
Event: 4375.198 Thread 0x0000008033ecc320 Uncommon trap: reason=array_check action=maybe_recompile pc=0x0000008012474a10 method=java.util.ComparableTimSort.mergeLo(IIII)V @ 465 c2
Event: 4375.198 Thread 0x0000008033ecc320 DEOPT PACKING pc=0x0000008012474a10 sp=0x0000008035796950
Event: 4375.198 Thread 0x0000008033ecc320 DEOPT UNPACKING pc=0x000000801093f882 sp=0x0000008035796928 mode 2
Event: 4375.201 Thread 0x0000008033ecc320 Uncommon trap: trap_request=0xffffffcc fr.pc=0x00000080124742c8 relative=0x0000000000001348
Event: 4375.201 Thread 0x0000008033ecc320 Uncommon trap: reason=intrinsic_or_type_checked_inlining action=make_not_entrant pc=0x00000080124742c8 method=java.util.ComparableTimSort.mergeLo(IIII)V @ 652 c2
Event: 4375.201 Thread 0x0000008033ecc320 DEOPT PACKING pc=0x00000080124742c8 sp=0x0000008035797970
Event: 4375.201 Thread 0x0000008033ecc320 DEOPT UNPACKING pc=0x000000801093f882 sp=0x0000008035797938 mode 2
Event: 4375.696 Thread 0x0000008033ecc320 DEOPT PACKING pc=0x0000008002cd80c7 sp=0x000000803579b2d0
Event: 4375.696 Thread 0x0000008033ecc320 DEOPT UNPACKING pc=0x0000008010871702 sp=0x000000803579a938 mode 0
Event: 4376.974 Thread 0x00000080385592c0 DEOPT PACKING pc=0x0000008001ab5d44 sp=0x0000008048a9f5b0
Event: 4376.974 Thread 0x00000080385592c0 DEOPT UNPACKING pc=0x0000008010871702 sp=0x0000008048a9eae8 mode 0
Event: 4378.539 Thread 0x0000008033ecc320 Uncommon trap: trap_request=0xffffff45 fr.pc=0x00000080113b4d00 relative=0x0000000000000600
Event: 4378.540 Thread 0x0000008033ecc320 Uncommon trap: reason=unstable_if action=reinterpret pc=0x00000080113b4d00 method=java.util.concurrent.FutureTask.awaitDone(ZJ)I @ 38 c2
Event: 4378.540 Thread 0x0000008033ecc320 DEOPT PACKING pc=0x00000080113b4d00 sp=0x0000008035799010
Event: 4378.540 Thread 0x0000008033ecc320 DEOPT UNPACKING pc=0x000000801093f882 sp=0x0000008035798d48 mode 2
Event: 4446.511 Thread 0x0000008033ecc320 Uncommon trap: trap_request=0xffffffcc fr.pc=0x00000080124ba32c relative=0x00000000000012ac
Event: 4446.576 Thread 0x0000008033ecc320 Uncommon trap: reason=intrinsic_or_type_checked_inlining action=make_not_entrant pc=0x00000080124ba32c method=java.util.ComparableTimSort.mergeLo(IIII)V @ 326 c2
Event: 4446.673 Thread 0x0000008033ecc320 DEOPT PACKING pc=0x00000080124ba32c sp=0x0000008035796950
Event: 4446.816 Thread 0x0000008033ecc320 DEOPT UNPACKING pc=0x000000801093f882 sp=0x0000008035796918 mode 2

Classes loaded (20 events):
Event: 3834.342 Loading class java/util/HashMapCustomizer
Event: 3834.342 Loading class java/util/HashMapCustomizer done
Event: 3834.342 Loading class java/util/HashMapCustomizer
Event: 3834.342 Loading class java/util/HashMapCustomizer done
Event: 3834.343 Loading class java/util/LinkedHashMapCustomizer
Event: 3834.343 Loading class java/util/LinkedHashMapCustomizer done
Event: 3834.344 Loading class java/util/LinkedHashMapCustomizer
Event: 3834.344 Loading class java/util/LinkedHashMapCustomizer done
Event: 3847.791 Loading class sun/net/ConnectionResetException
Event: 3847.811 Loading class sun/net/ConnectionResetException done
Event: 3847.897 Loading class java/lang/Throwable$WrappedPrintWriter
Event: 3847.901 Loading class java/lang/Throwable$PrintStreamOrWriter
Event: 3847.902 Loading class java/lang/Throwable$PrintStreamOrWriter done
Event: 3847.902 Loading class java/lang/Throwable$WrappedPrintWriter done
Event: 3847.935 Loading class java/util/Collections$EmptyListIterator
Event: 3847.937 Loading class java/util/Collections$EmptyListIterator done
Event: 3909.482 Loading class java/util/concurrent/locks/AbstractQueuedLongSynchronizer$Node
Event: 3909.485 Loading class java/util/concurrent/locks/AbstractQueuedLongSynchronizer$Node done
Event: 3949.483 Loading class java/util/concurrent/CompletableFuture$Signaller
Event: 3949.490 Loading class java/util/concurrent/CompletableFuture$Signaller done

Classes unloaded (20 events):
Event: 4398.111 Thread 0x000000802b0ee0e0 Unloading class 0x0000000030760000 'java/lang/invoke/LambdaForm$MH+0x0000000030760000'
Event: 4398.111 Thread 0x000000802b0ee0e0 Unloading class 0x0000000030771c00 'java/lang/invoke/LambdaForm$MH+0x0000000030771c00'
Event: 4398.111 Thread 0x000000802b0ee0e0 Unloading class 0x0000000030771800 'java/lang/invoke/LambdaForm$MH+0x0000000030771800'
Event: 4398.111 Thread 0x000000802b0ee0e0 Unloading class 0x0000000030771400 'java/lang/invoke/LambdaForm$MH+0x0000000030771400'
Event: 4398.111 Thread 0x000000802b0ee0e0 Unloading class 0x0000000030771000 'java/lang/invoke/LambdaForm$MH+0x0000000030771000'
Event: 4398.116 Thread 0x000000802b0ee0e0 Unloading class 0x000000003075e400 'java/lang/invoke/LambdaForm$MH+0x000000003075e400'
Event: 4398.116 Thread 0x000000802b0ee0e0 Unloading class 0x000000003075e000 'java/lang/invoke/LambdaForm$MH+0x000000003075e000'
Event: 4398.116 Thread 0x000000802b0ee0e0 Unloading class 0x0000000030759c00 'java/lang/invoke/LambdaForm$MH+0x0000000030759c00'
Event: 4398.116 Thread 0x000000802b0ee0e0 Unloading class 0x0000000030759800 'java/lang/invoke/LambdaForm$MH+0x0000000030759800'
Event: 4398.122 Thread 0x000000802b0ee0e0 Unloading class 0x00000000306d6c00 'java/lang/invoke/LambdaForm$MH+0x00000000306d6c00'
Event: 4398.122 Thread 0x000000802b0ee0e0 Unloading class 0x00000000306d6800 'java/lang/invoke/LambdaForm$MH+0x00000000306d6800'
Event: 4398.122 Thread 0x000000802b0ee0e0 Unloading class 0x00000000306d2c00 'java/lang/invoke/LambdaForm$MH+0x00000000306d2c00'
Event: 4398.122 Thread 0x000000802b0ee0e0 Unloading class 0x00000000306d2800 'java/lang/invoke/LambdaForm$MH+0x00000000306d2800'
Event: 4398.122 Thread 0x000000802b0ee0e0 Unloading class 0x00000000306d4c00 'java/lang/invoke/LambdaForm$MH+0x00000000306d4c00'
Event: 4398.122 Thread 0x000000802b0ee0e0 Unloading class 0x00000000306d4800 'java/lang/invoke/LambdaForm$MH+0x00000000306d4800'
Event: 4398.122 Thread 0x000000802b0ee0e0 Unloading class 0x000000003075a400 'java/lang/invoke/LambdaForm$MH+0x000000003075a400'
Event: 4398.122 Thread 0x000000802b0ee0e0 Unloading class 0x000000003075a000 'java/lang/invoke/LambdaForm$MH+0x000000003075a000'
Event: 4398.122 Thread 0x000000802b0ee0e0 Unloading class 0x000000003075d400 'java/lang/invoke/LambdaForm$MH+0x000000003075d400'
Event: 4398.122 Thread 0x000000802b0ee0e0 Unloading class 0x000000003075d000 'java/lang/invoke/LambdaForm$MH+0x000000003075d000'
Event: 4398.122 Thread 0x000000802b0ee0e0 Unloading class 0x0000000030766400 'java/lang/invoke/LambdaForm$MH+0x0000000030766400'

Classes redefined (0 events):
No events

Internal exceptions (20 events):
Event: 4430.145 Thread 0x0000008033ecc320 Exception <a 'sun/nio/fs/WindowsException'{0x000000061e5dafa8}> (0x000000061e5dafa8) 
thrown [s\open\src\hotspot\share\prims\jni.cpp, line 516]
Event: 4431.491 Thread 0x0000008044b7e6a0 Exception <a 'sun/nio/fs/WindowsException'{0x000000061de041c0}> (0x000000061de041c0) 
thrown [s\open\src\hotspot\share\prims\jni.cpp, line 516]
Event: 4431.697 Thread 0x0000008033ecc320 Exception <a 'sun/nio/fs/WindowsException'{0x000000061def8018}> (0x000000061def8018) 
thrown [s\open\src\hotspot\share\prims\jni.cpp, line 516]
Event: 4431.776 Thread 0x0000008036892cf0 Exception <a 'sun/nio/fs/WindowsException'{0x00000006273068f8}> (0x00000006273068f8) 
thrown [s\open\src\hotspot\share\prims\jni.cpp, line 516]
Event: 4434.750 Thread 0x0000008033ecc320 Exception <a 'sun/nio/fs/WindowsException'{0x000000061b7b0e18}> (0x000000061b7b0e18) 
thrown [s\open\src\hotspot\share\prims\jni.cpp, line 516]
Event: 4434.750 Thread 0x0000008033ecc320 Exception <a 'sun/nio/fs/WindowsException'{0x000000061b7b24d8}> (0x000000061b7b24d8) 
thrown [s\open\src\hotspot\share\prims\jni.cpp, line 516]
Event: 4434.751 Thread 0x0000008033ecc320 Exception <a 'sun/nio/fs/WindowsException'{0x000000061b7b3b88}> (0x000000061b7b3b88) 
thrown [s\open\src\hotspot\share\prims\jni.cpp, line 516]
Event: 4434.751 Thread 0x0000008033ecc320 Exception <a 'sun/nio/fs/WindowsException'{0x000000061b7b4ef8}> (0x000000061b7b4ef8) 
thrown [s\open\src\hotspot\share\prims\jni.cpp, line 516]
Event: 4435.099 Thread 0x0000008033ecc320 Exception <a 'sun/nio/fs/WindowsException'{0x000000061b136758}> (0x000000061b136758) 
thrown [s\open\src\hotspot\share\prims\jni.cpp, line 516]
Event: 4435.099 Thread 0x0000008033ecc320 Exception <a 'sun/nio/fs/WindowsException'{0x000000061b138628}> (0x000000061b138628) 
thrown [s\open\src\hotspot\share\prims\jni.cpp, line 516]
Event: 4435.100 Thread 0x0000008033ecc320 Exception <a 'sun/nio/fs/WindowsException'{0x000000061b13a4e8}> (0x000000061b13a4e8) 
thrown [s\open\src\hotspot\share\prims\jni.cpp, line 516]
Event: 4435.100 Thread 0x0000008033ecc320 Exception <a 'sun/nio/fs/WindowsException'{0x000000061b13c068}> (0x000000061b13c068) 
thrown [s\open\src\hotspot\share\prims\jni.cpp, line 516]
Event: 4440.714 Thread 0x0000008033ecc320 Exception <a 'java/io/IOException'{0x00000007ffcbbfe8}> (0x00000007ffcbbfe8) 
thrown [s\open\src\hotspot\share\prims\jni.cpp, line 516]
Event: 4444.969 Thread 0x000000804ff86560 Exception <a 'sun/nio/fs/WindowsException'{0x00000007fe1fe9c0}> (0x00000007fe1fe9c0) 
thrown [s\open\src\hotspot\share\prims\jni.cpp, line 516]
Event: 4444.969 Thread 0x000000804ff86560 Exception <a 'sun/nio/fs/WindowsException'{0x00000007fe200948}> (0x00000007fe200948) 
thrown [s\open\src\hotspot\share\prims\jni.cpp, line 516]
Event: 4444.969 Thread 0x000000804ff86560 Exception <a 'sun/nio/fs/WindowsException'{0x00000007fe2027e8}> (0x00000007fe2027e8) 
thrown [s\open\src\hotspot\share\prims\jni.cpp, line 516]
Event: 4444.969 Thread 0x000000804ff86560 Exception <a 'sun/nio/fs/WindowsException'{0x00000007fe204198}> (0x00000007fe204198) 
thrown [s\open\src\hotspot\share\prims\jni.cpp, line 516]
Event: 4444.971 Thread 0x000000804ff87500 Exception <a 'sun/nio/fs/WindowsException'{0x00000007fe21e070}> (0x00000007fe21e070) 
thrown [s\open\src\hotspot\share\prims\jni.cpp, line 516]
Event: 4444.971 Thread 0x000000804ff87500 Exception <a 'sun/nio/fs/WindowsException'{0x00000007fe21ffe0}> (0x00000007fe21ffe0) 
thrown [s\open\src\hotspot\share\prims\jni.cpp, line 516]
Event: 4444.971 Thread 0x000000804ff87500 Exception <a 'sun/nio/fs/WindowsException'{0x00000007fe2219a0}> (0x00000007fe2219a0) 
thrown [s\open\src\hotspot\share\prims\jni.cpp, line 516]

VM Operations (20 events):
Event: 4394.897 Executing safepoint VM operation: G1CollectForAllocation (G1 Evacuation Pause) done
Event: 4396.317 Executing safepoint VM operation: G1CollectForAllocation (G1 Evacuation Pause)
Event: 4396.448 Executing safepoint VM operation: G1CollectForAllocation (G1 Evacuation Pause) done
Event: 4398.093 Executing safepoint VM operation: G1PauseRemark
Event: 4399.549 Executing safepoint VM operation: G1PauseRemark done
Event: 4399.750 Executing safepoint VM operation: G1PauseCleanup
Event: 4399.756 Executing safepoint VM operation: G1PauseCleanup done
Event: 4410.043 Executing safepoint VM operation: G1CollectForAllocation (G1 Evacuation Pause)
Event: 4410.225 Executing safepoint VM operation: G1CollectForAllocation (G1 Evacuation Pause) done
Event: 4434.932 Executing non-safepoint VM operation: HandshakeAllThreads (HandshakeForDeflation)
Event: 4434.985 Executing non-safepoint VM operation: HandshakeAllThreads (HandshakeForDeflation) done
Event: 4434.985 Executing non-safepoint VM operation: RendezvousGCThreads
Event: 4434.985 Executing non-safepoint VM operation: RendezvousGCThreads done
Event: 4436.313 Executing safepoint VM operation: G1CollectForAllocation (G1 Evacuation Pause)
Event: 4439.189 Executing safepoint VM operation: G1CollectForAllocation (G1 Evacuation Pause) done
Event: 4439.553 Executing safepoint VM operation: G1CollectForAllocation (G1 Evacuation Pause)
Event: 4440.341 Executing safepoint VM operation: G1CollectForAllocation (G1 Evacuation Pause) done
Event: 4447.678 Executing safepoint VM operation: G1CollectForAllocation (G1 Evacuation Pause)
Event: 4448.310 Executing safepoint VM operation: G1CollectForAllocation (G1 Evacuation Pause) done
Event: 4452.184 Executing safepoint VM operation: G1CollectForAllocation (G1 Evacuation Pause)

Memory protections (0 events):
No events

Nmethod flushes (20 events):
Event: 4399.527 Thread 0x000000802b0ee0e0 flushing  nmethod 0x0000008001042008
Event: 4399.527 Thread 0x000000802b0ee0e0 flushing  nmethod 0x0000008001184608
Event: 4399.527 Thread 0x000000802b0ee0e0 flushing  nmethod 0x0000008001208888
Event: 4399.527 Thread 0x000000802b0ee0e0 flushing  nmethod 0x0000008001790508
Event: 4399.529 Thread 0x000000802b0ee0e0 flushing  nmethod 0x000000800196e908
Event: 4399.529 Thread 0x000000802b0ee0e0 flushing  nmethod 0x0000008002043388
Event: 4399.529 Thread 0x000000802b0ee0e0 flushing  nmethod 0x000000800225f288
Event: 4399.529 Thread 0x000000802b0ee0e0 flushing  nmethod 0x0000008002aa5408
Event: 4399.529 Thread 0x000000802b0ee0e0 flushing  nmethod 0x0000008004826388
Event: 4399.529 Thread 0x000000802b0ee0e0 flushing  nmethod 0x0000008012458a88
Event: 4399.529 Thread 0x000000802b0ee0e0 flushing  nmethod 0x0000008000b08308
Event: 4399.529 Thread 0x000000802b0ee0e0 flushing  nmethod 0x0000008000b0af88
Event: 4399.529 Thread 0x000000802b0ee0e0 flushing  nmethod 0x000000800104f208
Event: 4399.529 Thread 0x000000802b0ee0e0 flushing  nmethod 0x0000008001120a88
Event: 4399.529 Thread 0x000000802b0ee0e0 flushing  nmethod 0x000000800130eb88
Event: 4399.529 Thread 0x000000802b0ee0e0 flushing  nmethod 0x000000800132f888
Event: 4399.529 Thread 0x000000802b0ee0e0 flushing  nmethod 0x000000800167fd08
Event: 4399.529 Thread 0x000000802b0ee0e0 flushing  nmethod 0x0000008001a83308
Event: 4399.529 Thread 0x000000802b0ee0e0 flushing  nmethod 0x0000008001a85388
Event: 4399.532 Thread 0x000000802b0ee0e0 flushing  nmethod 0x0000008002975e88

Events (20 events):
Event: 4446.347 Thread 0x0000008033ecc320 Thread added: 0x0000008038555440
Event: 4446.347 Thread 0x0000008033ecc320 Thread added: 0x0000008038553cd0
Event: 4446.347 Thread 0x0000008033ecc320 Thread added: 0x000000804f9cdf60
Event: 4446.348 Thread 0x0000008033ecc320 Thread added: 0x000000804f9ce730
Event: 4446.348 Thread 0x0000008033ecc320 Thread added: 0x000000804f9cb080
Event: 4447.215 Thread 0x0000008033ecc320 Thread added: 0x0000008045129f40
Event: 4447.215 Thread 0x0000008033ecc320 Thread added: 0x000000804512a710
Event: 4447.215 Thread 0x0000008033ecc320 Thread added: 0x0000008049b48320
Event: 4447.215 Thread 0x0000008033ecc320 Thread added: 0x0000008049b48af0
Event: 4447.215 Thread 0x0000008033ecc320 Thread added: 0x0000008049b4a260
Event: 4447.216 Thread 0x0000008033ecc320 Thread added: 0x000000804e0ce6b0
Event: 4447.216 Thread 0x0000008033ecc320 Thread added: 0x000000804e0ccf40
Event: 4447.216 Thread 0x0000008033ecc320 Thread added: 0x0000008058d33110
Event: 4447.216 Thread 0x0000008033ecc320 Thread added: 0x0000008058d30a00
Event: 4447.257 Thread 0x0000008033ecc320 Thread added: 0x0000008058d338e0
Event: 4447.257 Thread 0x0000008033ecc320 Thread added: 0x0000008058d30230
Event: 4448.311 Thread 0x0000008044b79880 Thread exited: 0x0000008044b79880
Event: 4448.393 Thread 0x00000080497d6810 Thread exited: 0x00000080497d6810
Event: 4451.247 Thread 0x0000008033ecc320 Thread added: 0x000000804f9d0e40
Event: 4451.553 Thread 0x0000008033ecc320 Thread added: 0x000000804f9d1610


Dynamic libraries:
0x00007ff781e50000 - 0x00007ff781e5e000 	C:\Users\sachintha\.jdks\openjdk-25\bin\java.exe
0x00007fff07300000 - 0x00007fff07565000 	C:\WINDOWS\SYSTEM32\ntdll.dll
0x00007fff06b20000 - 0x00007fff06bdf000 	C:\WINDOWS\System32\KERNEL32.DLL
0x00007fff048b0000 - 0x00007fff04ca8000 	C:\WINDOWS\System32\KERNELBASE.dll
0x00007fff04e80000 - 0x00007fff04fc8000 	C:\WINDOWS\System32\ucrtbase.dll
0x00007ffec41d0000 - 0x00007ffec41e7000 	C:\Users\sachintha\.jdks\openjdk-25\bin\jli.dll
0x00007fff060b0000 - 0x00007fff0626f000 	C:\WINDOWS\System32\USER32.dll
0x00007fff04fd0000 - 0x00007fff04ff7000 	C:\WINDOWS\System32\win32u.dll
0x00007ffec3f40000 - 0x00007ffec3f5e000 	C:\Users\sachintha\.jdks\openjdk-25\bin\VCRUNTIME140.dll
0x00007fff05eb0000 - 0x00007fff05ee1000 	C:\WINDOWS\System32\GDI32.dll
0x00007fff04d60000 - 0x00007fff04e7a000 	C:\WINDOWS\System32\gdi32full.dll
0x00007fff05000000 - 0x00007fff050a4000 	C:\WINDOWS\System32\msvcp_win.dll
0x00007fff045d0000 - 0x00007fff045f2000 	C:\WINDOWS\System32\etw.dll
0x00007ffee2040000 - 0x00007ffee22ba000 	C:\WINDOWS\WinSxS\amd64_microsoft.windows.common-controls_6595b64144ccf1df_6.0.29617.1000_none_a3aef562617c0eec\COMCTL32.dll
0x00007fff064c0000 - 0x00007fff064ef000 	C:\WINDOWS\System32\IMM32.DLL
0x00007ffee88b0000 - 0x00007ffee88bc000 	C:\Users\sachintha\.jdks\openjdk-25\bin\vcruntime140_1.dll
0x00007ffe580f0000 - 0x00007ffe5817d000 	C:\Users\sachintha\.jdks\openjdk-25\bin\msvcp140.dll
0x00007ffdea1a0000 - 0x00007ffdeafff000 	C:\Users\sachintha\.jdks\openjdk-25\bin\server\jvm.dll
0x00007fff05ef0000 - 0x00007fff05f9d000 	C:\WINDOWS\System32\ADVAPI32.dll
0x00007fff06a70000 - 0x00007fff06b18000 	C:\WINDOWS\System32\msvcrt.dll
0x00007fff068c0000 - 0x00007fff06946000 	C:\WINDOWS\System32\sechost.dll
0x00007fff06950000 - 0x00007fff06a5f000 	C:\WINDOWS\System32\RPCRT4.dll
0x00007fff06bf0000 - 0x00007fff06c6b000 	C:\WINDOWS\System32\WS2_32.dll
0x00007fff04440000 - 0x00007fff0449e000 	C:\WINDOWS\SYSTEM32\POWRPROF.dll
0x00007fff01c30000 - 0x00007fff01c60000 	C:\WINDOWS\SYSTEM32\WINMM.dll
0x00007ffee6f60000 - 0x00007ffee6f6b000 	C:\WINDOWS\SYSTEM32\VERSION.dll
0x00007fff04420000 - 0x00007fff0443a000 	C:\WINDOWS\SYSTEM32\UMPDC.dll
0x00007fff03310000 - 0x00007fff0332b000 	C:\WINDOWS\SYSTEM32\kernel.appcore.dll
0x00007ffee3370000 - 0x00007ffee337a000 	C:\Users\sachintha\.jdks\openjdk-25\bin\jimage.dll
0x00007fff018b0000 - 0x00007fff01ba7000 	C:\WINDOWS\SYSTEM32\DBGHELP.DLL
0x00007fff06e60000 - 0x00007fff071d0000 	C:\WINDOWS\System32\combase.dll
0x00007fff05cf0000 - 0x00007fff05dc3000 	C:\WINDOWS\System32\OLEAUT32.dll
0x00007fff01bb0000 - 0x00007fff01bf5000 	C:\WINDOWS\SYSTEM32\dbgcore.DLL
0x00007fff04370000 - 0x00007fff0441d000 	C:\WINDOWS\SYSTEM32\bcryptprimitives.dll
0x00007ffee3170000 - 0x00007ffee3180000 	C:\Users\sachintha\.jdks\openjdk-25\bin\instrument.dll
0x00007ffec3d80000 - 0x00007ffec3d9f000 	C:\Users\sachintha\.jdks\openjdk-25\bin\java.dll
0x00007fff06500000 - 0x00007fff0668e000 	C:\WINDOWS\System32\ole32.dll
0x00007fff055b0000 - 0x00007fff05ce5000 	C:\WINDOWS\System32\SHELL32.dll
0x00007fff02140000 - 0x00007fff029cf000 	C:\WINDOWS\SYSTEM32\windows.storage.dll
0x00007fff05fb0000 - 0x00007fff060a7000 	C:\WINDOWS\System32\SHCORE.dll
0x00007fff066b0000 - 0x00007fff06710000 	C:\WINDOWS\System32\shlwapi.dll
0x00007fff044f0000 - 0x00007fff04518000 	C:\WINDOWS\SYSTEM32\profapi.dll
0x00007ffec2380000 - 0x00007ffec2397000 	C:\Users\sachintha\.jdks\openjdk-25\bin\zip.dll
0x00007ffec1a60000 - 0x00007ffec1a72000 	C:\Users\sachintha\.jdks\openjdk-25\bin\net.dll
0x00007fff04840000 - 0x00007fff048a7000 	C:\WINDOWS\System32\mswsock.dll
0x00007ffec1420000 - 0x00007ffec1436000 	C:\Users\sachintha\.jdks\openjdk-25\bin\nio.dll
0x00007ffed5c00000 - 0x00007ffed5c10000 	C:\Users\sachintha\.jdks\openjdk-25\bin\verify.dll
0x00007ffec4020000 - 0x00007ffec4047000 	C:\Users\sachintha\.gradle\native\660c5614fbf4a5f2a75b1949f50a0caf5cd603558e7d8a26e50b933a0cfb79d1\windows-amd64\native-platform.dll
0x00007ffe5c420000 - 0x00007ffe5c497000 	C:\Users\sachintha\.gradle\native\0.2.8\x86_64-windows-gnu\gradle-fileevents.dll
0x00007ffeedb40000 - 0x00007ffeedb4a000 	C:\Users\sachintha\.jdks\openjdk-25\bin\management.dll
0x00007ffeedb30000 - 0x00007ffeedb3c000 	C:\Users\sachintha\.jdks\openjdk-25\bin\management_ext.dll
0x00007fff05fa0000 - 0x00007fff05fa8000 	C:\WINDOWS\System32\PSAPI.DLL
0x00007fff02dc0000 - 0x00007fff02df2000 	C:\WINDOWS\SYSTEM32\IPHLPAPI.DLL
0x00007fff066a0000 - 0x00007fff066aa000 	C:\WINDOWS\System32\NSI.dll
0x00007ffeedb20000 - 0x00007ffeedb29000 	C:\Users\sachintha\.jdks\openjdk-25\bin\extnet.dll
0x00007fff03be0000 - 0x00007fff03bfa000 	C:\WINDOWS\SYSTEM32\CRYPTSP.dll
0x00007fff032d0000 - 0x00007fff03307000 	C:\WINDOWS\system32\rsaenh.dll
0x00007fff038b0000 - 0x00007fff038e2000 	C:\WINDOWS\SYSTEM32\USERENV.dll
0x00007fff04d30000 - 0x00007fff04d5a000 	C:\WINDOWS\System32\bcrypt.dll
0x00007fff03a50000 - 0x00007fff03a5c000 	C:\WINDOWS\SYSTEM32\CRYPTBASE.dll
0x00007ffeedb10000 - 0x00007ffeedb1e000 	C:\Users\sachintha\.jdks\openjdk-25\bin\sunmscapi.dll
0x00007fff046c0000 - 0x00007fff04831000 	C:\WINDOWS\System32\CRYPT32.dll
0x00007fff03d40000 - 0x00007fff03d74000 	C:\WINDOWS\SYSTEM32\ncrypt.dll
0x00007fff03cf0000 - 0x00007fff03d2e000 	C:\WINDOWS\SYSTEM32\NTASN1.dll
0x00007ffec9ff0000 - 0x00007ffec9ff8000 	C:\WINDOWS\system32\wshunix.dll
0x00007fff02ee0000 - 0x00007fff03022000 	C:\WINDOWS\SYSTEM32\DNSAPI.dll
0x00007fff02ed0000 - 0x00007fff02edd000 	C:\WINDOWS\SYSTEM32\DSPARSE.dll
0x00007ffefa500000 - 0x00007ffefa50b000 	C:\Windows\System32\rasadhlp.dll
0x00007ffefd890000 - 0x00007ffefd915000 	C:\WINDOWS\System32\fwpuclnt.dll
0x00007ffed0d40000 - 0x00007ffed0d47000 	C:\Users\sachintha\.jdks\openjdk-25\bin\rmi.dll

JVMTI agents:
C:\Users\sachintha\.gradle\wrapper\dists\gradle-9.3.1-all\9ot9r568e8zfvvd4mn8rbu1j0\gradle-9.3.1\lib\agents\gradle-instrumentation-agent-9.3.1.jar path:C:\Users\sachintha\.jdks\openjdk-25\bin\instrument.dll, loaded, initialized, instrumentlib options:none

dbghelp: loaded successfully - version: 4.0.5 - missing functions: none
symbol engine: initialized successfully - sym options: 0x614 - pdb path: .;C:\Users\sachintha\.jdks\openjdk-25\bin;C:\WINDOWS\SYSTEM32;C:\WINDOWS\WinSxS\amd64_microsoft.windows.common-controls_6595b64144ccf1df_6.0.29617.1000_none_a3aef562617c0eec;C:\Users\sachintha\.jdks\openjdk-25\bin\server;C:\Users\sachintha\.gradle\native\660c5614fbf4a5f2a75b1949f50a0caf5cd603558e7d8a26e50b933a0cfb79d1\windows-amd64;C:\Users\sachintha\.gradle\native\0.2.8\x86_64-windows-gnu

VM Arguments:
jvm_args: --add-opens=java.base/java.lang=ALL-UNNAMED --add-opens=java.base/java.lang.invoke=ALL-UNNAMED --add-opens=java.base/java.util=ALL-UNNAMED --add-opens=java.prefs/java.util.prefs=ALL-UNNAMED --add-exports=jdk.compiler/com.sun.tools.javac.api=ALL-UNNAMED --add-exports=jdk.compiler/com.sun.tools.javac.util=ALL-UNNAMED --add-opens=java.base/java.util=ALL-UNNAMED --add-opens=java.prefs/java.util.prefs=ALL-UNNAMED --add-opens=java.base/java.nio.charset=ALL-UNNAMED --add-opens=java.base/java.net=ALL-UNNAMED --add-opens=java.base/java.util.concurrent=ALL-UNNAMED --add-opens=java.base/java.util.concurrent.atomic=ALL-UNNAMED --add-opens=java.xml/javax.xml.namespace=ALL-UNNAMED --add-opens=java.base/java.time=ALL-UNNAMED --enable-native-access=ALL-UNNAMED -XX:MaxMetaspaceSize=4G -XX:ReservedCodeCacheSize=512m -XX:+HeapDumpOnOutOfMemoryError -Xmx8G -Dfile.encoding=UTF-8 -Duser.country=US -Duser.language=en -Duser.variant -javaagent:C:\Users\sachintha\.gradle\wrapper\dists\gradle-9.3.1-all\9ot9r568e8zfvvd4mn8rbu1j0\gradle-9.3.1\lib\agents\gradle-instrumentation-agent-9.3.1.jar 
java_command: org.gradle.launcher.daemon.bootstrap.GradleDaemon 9.3.1
java_class_path (initial): C:\Users\sachintha\.gradle\wrapper\dists\gradle-9.3.1-all\9ot9r568e8zfvvd4mn8rbu1j0\gradle-9.3.1\lib\gradle-daemon-main-9.3.1.jar
Launcher Type: SUN_STANDARD

[Global flags]
     intx CICompilerCount                          = 4                                         {product} {ergonomic}
     uint ConcGCThreads                            = 3                                         {product} {ergonomic}
     uint G1ConcRefinementThreads                  = 10                                        {product} {ergonomic}
   size_t G1HeapRegionSize                         = 4194304                                   {product} {ergonomic}
     bool HeapDumpOnOutOfMemoryError               = true                                   {manageable} {command line}
   size_t InitialHeapSize                          = 130023424                                 {product} {ergonomic}
   size_t MarkStackSize                            = 4194304                                   {product} {ergonomic}
   size_t MarkStackSizeMax                         = 536870912                                 {product} {ergonomic}
   size_t MaxHeapSize                              = 8589934592                                {product} {command line}
   size_t MaxMetaspaceSize                         = 4294967296                                {product} {command line}
   size_t MaxNewSize                               = 5150605312                                {product} {ergonomic}
   size_t MinHeapDeltaBytes                        = 4194304                                   {product} {ergonomic}
   size_t MinHeapSize                              = 8388608                                   {product} {ergonomic}
    uintx NonNMethodCodeHeapSize                   = 5832704                                {pd product} {ergonomic}
    uintx NonProfiledCodeHeapSize                  = 265551872                              {pd product} {ergonomic}
    uintx ProfiledCodeHeapSize                     = 265486336                              {pd product} {ergonomic}
    uintx ReservedCodeCacheSize                    = 536870912                              {pd product} {command line, ergonomic}
     bool SegmentedCodeCache                       = true                                      {product} {ergonomic}
   size_t SoftMaxHeapSize                          = 8589934592                             {manageable} {ergonomic}
     bool UseCompressedOops                        = true                           {product lp64_product} {ergonomic}
     bool UseG1GC                                  = true                                      {product} {ergonomic}
     bool UseLargePagesIndividualAllocation        = false                                  {pd product} {ergonomic}

Logging:
Log output configuration:
 #0: stdout all=warning uptime,level,tags foldmultilines=false
 #1: stderr all=off uptime,level,tags foldmultilines=false

Release file:
IMPLEMENTOR="Oracle Corporation" 
JAVA_RUNTIME_VERSION="25+36-3489" 
JAVA_VERSION="25" 
JAVA_VERSION_DATE="2025-09-16" 
LIBC="default" 
MODULES="java.base java.compiler java.datatransfer java.xml java.prefs java.desktop java.instrument java.logging java.management java.security.sasl java.naming java.rmi java.management.rmi java.net.http java.scripting java.security.jgss java.transaction.xa java.sql java.sql.rowset java.xml.crypto java.se java.smartcardio jdk.accessibility jdk.internal.jvmstat jdk.attach jdk.charsets jdk.internal.opt jdk.zipfs jdk.compiler jdk.crypto.cryptoki jdk.crypto.ec jdk.crypto.mscapi jdk.dynalink jdk.internal.ed jdk.editpad jdk.internal.vm.ci jdk.graal.compiler jdk.graal.compiler.management jdk.hotspot.agent jdk.httpserver jdk.incubator.vector jdk.internal.le jdk.internal.md jdk.jartool jdk.javadoc jdk.jcmd jdk.management jdk.management.agent jdk.jconsole jdk.jdeps jdk.jdwp.agent jdk.jdi jdk.jfr jdk.jlink jdk.jpackage jdk.jshell jdk.jsobject jdk.jstatd jdk.localedata jdk.management.jfr jdk.naming.dns jdk.naming.rmi jdk.net jdk.nio.mapmode jdk.sctp jdk.security.auth jdk.security.jgss jdk.unsupported jdk.unsupported.desktop jdk.xml.dom" 
OS_ARCH="x86_64" 
OS_NAME="Windows" 
SOURCE=".:git:6c48f4ed707b" 

Environment Variables:
CLASSPATH=c:\Users\sachintha\.vscode\extensions\vscjava.vscode-gradle-3.18.0\lib\gradle-server.jar
PATH=C:\Program Files\Microsoft MPI\Bin\;C:\Program Files\Common Files\Oracle\Java\javapath;C:\Python314\Scripts\;C:\Python314\;C:\Program Files (x86)\NVIDIA Corporation\PhysX\Common;C:\WINDOWS\system32;C:\WINDOWS;C:\WINDOWS\System32\Wbem;C:\WINDOWS\System32\WindowsPowerShell\v1.0\;C:\WINDOWS\System32\OpenSSH\;C:\Program Files\Microsoft SQL Server\150\Tools\Binn\;C:\Program Files\Git\cmd;C:\ProgramData\chocolatey\bin;C:\Program Files\nodejs\;C:\java\apache-maven-3.9.14-bin\apache-maven-3.9.14\bin;C:\Program Files\Microsoft SQL Server\170\Tools\Binn\;C:\Program Files\Microsoft SQL Server\Client SDK\ODBC\170\Tools\Binn\;C:\Program Files (x86)\Windows Kits\10\Windows Performance Toolkit\;C:\Program Files\Microsoft SQL Server\170\DTS\Binn\;C:\Program Files\dotnet\;C:\Program Files\Docker\Docker\resources\bin;C:\Users\sachintha\AppData\Local\Programs\Python\Python313\Scripts\;C:\Users\sachintha\AppData\Local\Programs\Python\Python313\;C:\Users\sachintha\AppData\Local\Microsoft\WindowsApps;C:\Program Files\JetBrains\PyCharm 2025.1.1.1\bin;;C:\Program Files\JetBrains\IntelliJ IDEA Community Edition 2025.2.1\bin;C:\Users\sachintha\AppData\Roaming\npm;C:\Users\sachintha\AppData\Local\Programs\Antigravity\bin;C:\flutter\flutter\bin;C:\Users\sachintha\.dotnet\tools;C:\Users\sachintha\AppData\Local\Programs\Microsoft VS Code\bin;;C:\Users\sachintha\.bun\bin
USERNAME=sachintha
OS=Windows_NT
PROCESSOR_IDENTIFIER=Intel64 Family 6 Model 186 Stepping 2, GenuineIntel
TMP=C:\Users\SACHIN~1\AppData\Local\Temp
TEMP=C:\Users\SACHIN~1\AppData\Local\Temp




Compilation memory statistics disabled.

Periodic native trim disabled

---------------  S Y S T E M  ---------------

OS:
 Windows 11 , 64 bit Build 29617 (10.0.29617.1000)
OS uptime: 0 days 20:37 hours
Hyper-V role detected

CPU: total 12 (initial active 12) (6 cores per cpu, 2 threads per core) family 6 model 186 stepping 2 microcode 0x5105, cx8, cmov, fxsr, ht, mmx, 3dnowpref, sse, sse2, sse3, ssse3, sse4.1, sse4.2, popcnt, lzcnt, tsc, tscinvbit, avx, avx2, aes, erms, clmul, bmi1, bmi2, adx, sha, fma, vzeroupper, clflush, clflushopt, clwb, hv, serialize, rdtscp, rdpid, fsrm, gfni, f16c, cet_ibt, cet_ss
Processor Information for processor 0
  Max Mhz: 2100, Current Mhz: 2100, Mhz Limit: 2100
Processor Information for processor 1
  Max Mhz: 2100, Current Mhz: 2100, Mhz Limit: 2100
Processor Information for processor 2
  Max Mhz: 2100, Current Mhz: 2100, Mhz Limit: 2100
Processor Information for processor 3
  Max Mhz: 2100, Current Mhz: 2100, Mhz Limit: 2100
Processor Information for processor 4
  Max Mhz: 2100, Current Mhz: 2100, Mhz Limit: 2100
Processor Information for processor 5
  Max Mhz: 2100, Current Mhz: 2100, Mhz Limit: 2100
Processor Information for processor 6
  Max Mhz: 2100, Current Mhz: 2100, Mhz Limit: 2100
Processor Information for processor 7
  Max Mhz: 2100, Current Mhz: 2100, Mhz Limit: 2100
Processor Information for processor 8
  Max Mhz: 2100, Current Mhz: 2100, Mhz Limit: 2100
Processor Information for processor 9
  Max Mhz: 2100, Current Mhz: 2100, Mhz Limit: 2100
Processor Information for processor 10
  Max Mhz: 2100, Current Mhz: 1540, Mhz Limit: 2100
Processor Information for processor 11
  Max Mhz: 2100, Current Mhz: 2100, Mhz Limit: 2100

Memory: 4k page, system-wide physical 7709M (245M free)
TotalPageFile size 24093M (AvailPageFile size 782M)
current process WorkingSet (physical memory assigned to process): 258M, peak: 1252M
current process commit charge ("private bytes"): 1485M, peak: 2601M

vm_info: OpenJDK 64-Bit Server VM (25+36-3489) for windows-amd64 JRE (25+36-3489), built on 2025-08-12T17:19:28Z with unknown MS VC++:1943

END.
